transaction_id,customer_id,amount,currency,transaction_type,merchant_category,timestamp,is_flagged,account_balance
TXN_00002607,CUST_0197,762.91,EUR,PURCHASE,DINING,2024-01-01 03:48:31,True,50048.08
TXN_00004032,CUST_0147,566.92,EUR,WITHDRAWAL,GROCERY,2024-01-01 05:14:24,False,22023.94
TXN_00004161,CUST_0058,122.32,EUR,PURCHASE,UTILITIES,2024-01-01 09:04:08,False,73366.07
TXN_00008022,CUST_0150,288.4,EUR,PURCHASE,ELECTRONICS,2024-01-01 09:06:55,False,44339.65
TXN_00009601,CUST_0111,57.26,USD,TRANSFER,TRAVEL,2024-01-01 10:14:35,True,86026.65
TXN_00000465,CUST_0068,491.25,EUR,PURCHASE,HEALTHCARE,2024-01-01 11:18:30,False,58215.6
TXN_00005273,CUST_0060,73.54,EUR,TRANSFER,GROCERY,2024-01-01 11:50:20,False,3461.23
TXN_00009568,CUST_0093,144.99,EUR,PURCHASE,GROCERY,2024-01-01 13:34:51,False,17101.18
TXN_00000262,CUST_0051,291.61,EUR,PURCHASE,DINING,2024-01-01 13:39:14,False,91925.9
TXN_00007297,CUST_0115,143.43,USD,PURCHASE,HEALTHCARE,2024-01-01 14:15:44,True,38911.5
TXN_00005823,CUST_0085,-90.26,EUR,REFUND,ELECTRONICS,2024-01-01 14:44:53,False,4406.6
TXN_00006462,CUST_0092,151.07,EUR,TRANSFER,DINING,2024-01-01 15:47:37,False,3451.67
TXN_00004109,CUST_0182,147.93,EUR,PURCHASE,TRAVEL,2024-01-01 16:18:06,False,42201.48
TXN_00007105,CUST_0159,59.63,EUR,PURCHASE,ELECTRONICS,2024-01-01 16:30:54,False,14405.96
TXN_00000154,CUST_0191,6141.14,EUR,PURCHASE,ELECTRONICS,2024-01-01 17:15:22,False,30678.62
TXN_00009797,CUST_0170,43.39,EUR,TRANSFER,UTILITIES,2024-01-01 17:40:08,False,48910.24
TXN_00001197,CUST_0069,316.19,EUR,PURCHASE,ELECTRONICS,2024-01-01 19:43:34,False,37395.39
TXN_00005903,CUST_0027,756.63,EUR,PURCHASE,TRAVEL,2024-01-02 05:17:35,False,61105.42
TXN_00005332,CUST_0057,17.1,EUR,PURCHASE,DINING,2024-01-02 06:19:05,False,91036.69
TXN_00001630,CUST_0046,38.07,EUR,WITHDRAWAL,GROCERY,2024-01-02 09:11:25,False,16455.04
TXN_00004476,CUST_0091,216.49,USD,WITHDRAWAL,DINING,2024-01-02 09:11:29,False,87811.45
TXN_00003009,CUST_0144,108.63,EUR,PURCHASE,UTILITIES,2024-01-02 09:23:16,False,51884.12
TXN_00006439,CUST_0024,328.41,EUR,PURCHASE,HEALTHCARE,2024-01-02 10:57:11,False,94737.99
TXN_00004858,CUST_0040,40.56,USD,PURCHASE,HEALTHCARE,2024-01-02 12:03:12,False,32325.65
TXN_00005188,CUST_0178,16.06,EUR,PURCHASE,DINING,2024-01-02 12:09:40,False,32808.2
TXN_00004064,CUST_0141,213.91,EUR,PURCHASE,TRAVEL,2024-01-02 12:18:22,False,66582.08
TXN_00003808,CUST_0081,4784.71,GBP,PURCHASE,GROCERY,2024-01-02 12:28:51,False,15905.81
TXN_00001876,CUST_0003,-1627.65,USD,REFUND,ELECTRONICS,2024-01-02 12:35:31,False,95632.29
TXN_00001191,CUST_0164,46.98,EUR,TRANSFER,TRAVEL,2024-01-02 12:53:17,False,53303.73
TXN_00009555,CUST_0022,-100.27,EUR,REFUND,GROCERY,2024-01-02 12:59:10,False,14463.94
TXN_00006751,CUST_0174,36.56,USD,WITHDRAWAL,HEALTHCARE,2024-01-02 13:21:21,False,21829.77
TXN_00002388,CUST_0186,310.6,EUR,PURCHASE,ELECTRONICS,2024-01-02 13:26:36,False,23825.88
TXN_00009347,CUST_0085,131.75,EUR,TRANSFER,DINING,2024-01-02 14:32:11,False,17508.31
TXN_00009286,CUST_0057,229.62,USD,PURCHASE,DINING,2024-01-02 14:38:05,False,49474.09
TXN_00002406,CUST_0180,283.33,EUR,PURCHASE,GROCERY,2024-01-02 15:45:35,False,95333.22
TXN_00006922,CUST_0045,24.05,EUR,PURCHASE,GROCERY,2024-01-02 18:13:07,False,70627.58
TXN_00009981,CUST_0180,1151.94,GBP,PURCHASE,ELECTRONICS,2024-01-02 19:07:52,False,720.72
TXN_00006743,CUST_0119,414.28,EUR,PURCHASE,HEALTHCARE,2024-01-02 23:49:28,False,78120.76
TXN_00004154,CUST_0192,79.29,EUR,TRANSFER,DINING,2024-01-03 03:41:08,True,89498.17
TXN_00001282,CUST_0143,348.6,EUR,PURCHASE,DINING,2024-01-03 03:58:40,False,75687.13
TXN_00003034,CUST_0178,1868.97,EUR,PURCHASE,GROCERY,2024-01-03 05:53:25,False,75015.5
TXN_00001913,CUST_0156,556.31,EUR,PURCHASE,TRAVEL,2024-01-03 08:25:56,False,8379.56
TXN_00007893,CUST_0043,25.1,EUR,WITHDRAWAL,UTILITIES,2024-01-03 08:43:57,False,33130.49
TXN_00004187,CUST_0043,3021.07,USD,PURCHASE,TRAVEL,2024-01-03 10:39:26,False,38470.21
TXN_00004210,CUST_0068,395.08,EUR,PURCHASE,GROCERY,2024-01-03 11:42:28,False,51727.48
TXN_00007123,CUST_0107,1274.15,EUR,PURCHASE,HEALTHCARE,2024-01-03 12:43:36,False,29484.12
TXN_00005565,CUST_0076,664.69,GBP,PURCHASE,DINING,2024-01-03 12:58:51,False,15533.15
TXN_00005253,CUST_0134,1270.9,GBP,PURCHASE,TRAVEL,2024-01-03 13:00:02,False,48937.27
TXN_00007399,CUST_0002,137.26,USD,TRANSFER,DINING,2024-01-03 13:01:04,False,24469.92
TXN_00008585,CUST_0127,15.86,EUR,PURCHASE,DINING,2024-01-03 14:07:40,False,66735.38
TXN_00005593,CUST_0111,193.6,EUR,TRANSFER,DINING,2024-01-03 14:56:32,False,15919.3
TXN_00008425,CUST_0053,853.99,EUR,PURCHASE,UTILITIES,2024-01-03 15:41:38,False,44165.64
TXN_00002274,CUST_0105,296.4,EUR,PURCHASE,TRAVEL,2024-01-03 15:50:08,False,70796.25
TXN_00004030,CUST_0148,232.47,EUR,TRANSFER,UTILITIES,2024-01-03 17:09:45,False,59256.3
TXN_00000421,CUST_0091,1635.22,EUR,TRANSFER,UTILITIES,2024-01-03 17:40:59,False,80957.36
TXN_00009045,CUST_0058,157.69,GBP,TRANSFER,DINING,2024-01-03 18:23:22,False,47731.21
TXN_00009400,CUST_0095,13.44,USD,TRANSFER,GROCERY,2024-01-03 20:31:23,False,34348.12
TXN_00006759,CUST_0198,1761.83,EUR,PURCHASE,DINING,2024-01-04 02:13:55,False,32842.4
TXN_00004287,CUST_0187,35.72,EUR,PURCHASE,UTILITIES,2024-01-04 07:29:12,False,12669.05
TXN_00001710,CUST_0152,221.4,USD,PURCHASE,ELECTRONICS,2024-01-04 08:33:35,False,21167.82
TXN_00004626,CUST_0007,681.66,EUR,PURCHASE,UTILITIES,2024-01-04 08:44:32,False,33835.71
TXN_00001399,CUST_0121,2153.79,EUR,PURCHASE,TRAVEL,2024-01-04 10:16:03,False,76810.55
TXN_00000336,CUST_0125,109.41,EUR,PURCHASE,UTILITIES,2024-01-04 10:17:32,False,85914.78
TXN_00002862,CUST_0138,1075.67,USD,PURCHASE,GROCERY,2024-01-04 10:54:15,False,25381.77
TXN_00006251,CUST_0071,447.69,GBP,TRANSFER,HEALTHCARE,2024-01-04 11:36:41,False,72267.36
TXN_00003112,CUST_0150,10327.15,EUR,PURCHASE,TRAVEL,2024-01-04 11:41:02,False,49947.51
TXN_00007032,CUST_0090,208.51,EUR,PURCHASE,GROCERY,2024-01-04 12:15:50,False,65637.91
TXN_00000076,CUST_0158,2324.24,GBP,TRANSFER,UTILITIES,2024-01-04 13:16:43,False,58593.08
TXN_00001273,CUST_0108,1482.96,EUR,PURCHASE,TRAVEL,2024-01-04 13:28:22,False,18008.81
TXN_00006258,CUST_0073,83.4,EUR,PURCHASE,UTILITIES,2024-01-04 13:59:05,False,78843.55
TXN_00008388,CUST_0145,32.54,EUR,WITHDRAWAL,UTILITIES,2024-01-04 14:12:48,False,74879.97
TXN_00000947,CUST_0137,517.88,EUR,PURCHASE,GROCERY,2024-01-04 15:02:33,False,98720.92
TXN_00006694,CUST_0003,563.51,EUR,PURCHASE,GROCERY,2024-01-04 15:13:27,False,22126.03
TXN_00008880,CUST_0036,33.24,EUR,WITHDRAWAL,TRAVEL,2024-01-04 15:15:12,False,17716.73
TXN_00004668,CUST_0091,61.31,USD,WITHDRAWAL,DINING,2024-01-04 16:29:09,False,75786.87
TXN_00004911,CUST_0076,1097.56,EUR,TRANSFER,TRAVEL,2024-01-04 16:50:54,False,20736.7
TXN_00005026,CUST_0042,186.86,EUR,PURCHASE,ELECTRONICS,2024-01-04 16:51:45,False,39974.0
TXN_00002595,CUST_0087,10.87,EUR,WITHDRAWAL,UTILITIES,2024-01-04 16:56:51,False,81919.81
TXN_00008390,CUST_0074,20.95,EUR,PURCHASE,ELECTRONICS,2024-01-04 17:23:42,False,35546.58
TXN_00005466,CUST_0104,54.23,EUR,WITHDRAWAL,UTILITIES,2024-01-04 17:24:54,False,93042.57
TXN_00007545,CUST_0151,144.81,EUR,PURCHASE,DINING,2024-01-04 17:57:36,False,86785.64
TXN_00002277,CUST_0135,4912.89,EUR,TRANSFER,TRAVEL,2024-01-04 19:26:43,False,70012.14
TXN_00004249,CUST_0175,146.96,USD,TRANSFER,DINING,2024-01-04 20:07:33,False,29228.99
TXN_00002735,CUST_0014,445.98,EUR,PURCHASE,HEALTHCARE,2024-01-05 01:11:00,False,79524.81
TXN_00005838,CUST_0125,48.6,EUR,TRANSFER,GROCERY,2024-01-05 05:54:52,False,61207.5
TXN_00000140,CUST_0169,93.86,EUR,TRANSFER,ELECTRONICS,2024-01-05 06:07:47,False,95276.03
TXN_00003085,CUST_0018,174.05,USD,PURCHASE,DINING,2024-01-05 07:17:02,False,60749.14
TXN_00007921,CUST_0006,1074.09,EUR,TRANSFER,GROCERY,2024-01-05 07:18:45,False,11717.48
TXN_00005878,CUST_0003,88.17,EUR,PURCHASE,HEALTHCARE,2024-01-05 09:01:24,False,87900.76
TXN_00003654,CUST_0028,59.19,EUR,PURCHASE,GROCERY,2024-01-05 09:06:16,False,30572.73
TXN_00006540,CUST_0021,283.21,EUR,PURCHASE,DINING,2024-01-05 09:17:42,False,58714.29
TXN_00008471,CUST_0048,183.55,USD,PURCHASE,ELECTRONICS,2024-01-05 09:36:03,False,74970.76
TXN_00009083,CUST_0084,1021.67,USD,PURCHASE,ELECTRONICS,2024-01-05 11:00:02,False,10494.22
TXN_00002777,CUST_0030,67.63,USD,TRANSFER,UTILITIES,2024-01-05 11:12:31,False,71887.86
TXN_00000235,CUST_0019,369.03,EUR,PURCHASE,ELECTRONICS,2024-01-05 11:18:58,False,66966.53
TXN_00006873,CUST_0072,811.38,EUR,WITHDRAWAL,TRAVEL,2024-01-05 11:34:28,False,12730.33
TXN_00004573,CUST_0171,197.93,EUR,PURCHASE,TRAVEL,2024-01-05 11:41:53,False,67535.11
TXN_00007787,CUST_0156,1238.82,USD,TRANSFER,,2024-01-05 12:21:45,False,1627.21
TXN_00001222,CUST_0037,192.82,EUR,PURCHASE,UTILITIES,2024-01-05 12:40:52,False,58915.91
TXN_00009052,CUST_0106,43.17,USD,PURCHASE,DINING,2024-01-05 12:50:19,False,44857.0
TXN_00007789,CUST_0066,1259.1,EUR,PURCHASE,TRAVEL,2024-01-05 12:51:21,False,18468.32
TXN_00002563,CUST_0125,83.79,USD,WITHDRAWAL,UTILITIES,2024-01-05 12:57:34,False,90688.53
TXN_00005397,CUST_0041,62.31,EUR,PURCHASE,TRAVEL,2024-01-05 13:14:49,False,57343.57
TXN_00000805,CUST_0077,2340.92,USD,PURCHASE,DINING,2024-01-05 13:16:55,False,4110.57
TXN_00000095,CUST_0041,835.07,EUR,PURCHASE,DINING,2024-01-05 13:38:03,False,88647.48
TXN_00009302,CUST_0106,27.94,EUR,PURCHASE,GROCERY,2024-01-05 13:41:46,False,9866.81
TXN_00002501,CUST_0048,145.29,USD,WITHDRAWAL,TRAVEL,2024-01-05 13:58:15,False,14294.83
TXN_00002539,CUST_0138,523.58,EUR,WITHDRAWAL,GROCERY,2024-01-05 14:36:13,False,31980.38
TXN_00005015,CUST_0164,34.13,EUR,TRANSFER,ELECTRONICS,2024-01-05 15:19:19,False,61654.07
TXN_00008339,CUST_0099,48.7,EUR,WITHDRAWAL,ELECTRONICS,2024-01-05 15:58:21,False,50314.44
TXN_00000528,CUST_0038,59.33,EUR,PURCHASE,HEALTHCARE,2024-01-05 16:00:56,False,56307.66
TXN_00005599,CUST_0044,62.07,GBP,PURCHASE,,2024-01-05 17:04:46,False,14191.93
TXN_00008057,CUST_0138,380.2,GBP,PURCHASE,DINING,2024-01-05 17:14:58,False,91801.83
TXN_00007799,CUST_0139,18.44,USD,PURCHASE,TRAVEL,2024-01-05 17:29:21,False,7977.82
TXN_00009740,CUST_0015,157.38,EUR,PURCHASE,DINING,2024-01-05 17:47:13,False,30820.06
TXN_00009625,CUST_0102,1256.76,EUR,PURCHASE,GROCERY,2024-01-05 19:01:27,False,42366.78
TXN_00000802,CUST_0099,2897.84,EUR,PURCHASE,TRAVEL,2024-01-05 23:18:26,False,71552.75
TXN_00005646,CUST_0143,1110.43,EUR,PURCHASE,ELECTRONICS,2024-01-06 05:49:56,False,49281.44
TXN_00005847,CUST_0199,961.97,EUR,PURCHASE,TRAVEL,2024-01-06 06:56:34,False,10341.41
TXN_00009401,CUST_0042,154.34,EUR,WITHDRAWAL,HEALTHCARE,2024-01-06 07:12:48,True,72790.64
TXN_00009865,CUST_0075,587.23,EUR,WITHDRAWAL,UTILITIES,2024-01-06 07:45:46,False,29570.74
TXN_00006331,CUST_0148,8.43,USD,PURCHASE,DINING,2024-01-06 09:26:06,False,60397.02
TXN_00003334,CUST_0146,354.0,EUR,PURCHASE,ELECTRONICS,2024-01-06 09:26:06,False,9451.21
TXN_00002153,CUST_0115,188.91,EUR,PURCHASE,GROCERY,2024-01-06 09:51:20,False,6839.47
TXN_00003826,CUST_0107,441.94,USD,PURCHASE,TRAVEL,2024-01-06 10:02:00,False,86210.44
TXN_00005705,CUST_0113,257.56,EUR,TRANSFER,UTILITIES,2024-01-06 10:09:52,False,73094.97
TXN_00001209,CUST_0033,94.95,EUR,PURCHASE,TRAVEL,2024-01-06 11:18:55,False,23454.68
TXN_00003128,CUST_0010,1045.46,USD,PURCHASE,ELECTRONICS,2024-01-06 11:22:19,False,27802.89
TXN_00008770,CUST_0178,1663.95,GBP,WITHDRAWAL,ELECTRONICS,2024-01-06 11:48:04,True,48430.75
TXN_00009516,CUST_0172,101.09,EUR,PURCHASE,DINING,2024-01-06 12:11:44,False,6342.69
TXN_00007201,CUST_0138,501.89,GBP,PURCHASE,UTILITIES,2024-01-06 12:21:39,False,95730.89
TXN_00008393,CUST_0122,1486.5,EUR,PURCHASE,UTILITIES,2024-01-06 12:28:25,False,78192.63
TXN_00007679,CUST_0000,291.63,USD,TRANSFER,GROCERY,2024-01-06 13:02:09,True,37580.04
TXN_00008033,CUST_0043,611.57,EUR,PURCHASE,DINING,2024-01-06 13:23:01,False,1975.48
TXN_00009979,CUST_0194,49.4,EUR,TRANSFER,GROCERY,2024-01-06 14:25:23,False,15824.76
TXN_00009574,CUST_0010,221.55,EUR,PURCHASE,TRAVEL,2024-01-06 14:42:02,False,3319.77
TXN_00003144,CUST_0184,57.95,EUR,PURCHASE,HEALTHCARE,2024-01-06 14:48:38,False,23346.92
TXN_00001274,CUST_0102,4154.87,USD,TRANSFER,UTILITIES,2024-01-06 15:39:57,False,33752.03
TXN_00009616,CUST_0087,240.24,EUR,PURCHASE,ELECTRONICS,2024-01-06 16:26:54,False,70577.01
TXN_00008920,CUST_0114,22.66,EUR,WITHDRAWAL,DINING,2024-01-06 17:52:45,False,12850.69
TXN_00004217,CUST_0166,112.2,EUR,WITHDRAWAL,HEALTHCARE,2024-01-06 20:52:53,False,74715.59
TXN_00008594,CUST_0010,1249.74,EUR,PURCHASE,TRAVEL,2024-01-06 23:41:55,False,95790.57
TXN_00001386,CUST_0086,994.4,EUR,PURCHASE,DINING,2024-01-07 03:53:40,False,68013.48
TXN_00001395,CUST_0046,1195.94,EUR,TRANSFER,UTILITIES,2024-01-07 04:21:16,False,49739.89
TXN_00006653,CUST_0180,-250.83,EUR,REFUND,HEALTHCARE,2024-01-07 04:55:12,False,98230.15
TXN_00007575,CUST_0147,16.4,USD,PURCHASE,GROCERY,2024-01-07 06:05:53,False,46476.95
TXN_00003959,CUST_0108,116.5,EUR,WITHDRAWAL,,2024-01-07 06:59:03,False,71312.62
TXN_00000778,CUST_0191,326.04,EUR,WITHDRAWAL,DINING,2024-01-07 09:28:09,False,98872.27
TXN_00005033,CUST_0009,2049.76,EUR,PURCHASE,ELECTRONICS,2024-01-07 09:48:35,False,89488.66
TXN_00004447,CUST_0010,37.31,EUR,TRANSFER,TRAVEL,2024-01-07 10:08:03,False,20026.78
TXN_00009687,CUST_0079,-245.1,EUR,REFUND,UTILITIES,2024-01-07 10:47:47,False,90917.73
TXN_00007381,CUST_0031,172.62,EUR,WITHDRAWAL,HEALTHCARE,2024-01-07 11:22:32,False,14550.15
TXN_00000652,CUST_0042,1572.26,USD,PURCHASE,ELECTRONICS,2024-01-07 12:31:55,False,26872.0
TXN_00001522,CUST_0175,406.35,EUR,TRANSFER,DINING,2024-01-07 12:37:06,False,55431.6
TXN_00009540,CUST_0104,2132.26,EUR,PURCHASE,UTILITIES,2024-01-07 13:16:02,False,74177.61
TXN_00004694,CUST_0083,82.22,USD,PURCHASE,ELECTRONICS,2024-01-07 13:21:12,False,90279.79
TXN_00009905,CUST_0082,5353.34,EUR,TRANSFER,TRAVEL,2024-01-07 14:03:50,False,6044.91
TXN_00008732,CUST_0153,463.33,EUR,TRANSFER,TRAVEL,2024-01-07 14:21:46,False,51829.1
TXN_00008529,CUST_0118,17.96,GBP,PURCHASE,TRAVEL,2024-01-07 15:12:53,False,8077.65
TXN_00004500,CUST_0077,36.31,GBP,PURCHASE,UTILITIES,2024-01-07 15:13:41,False,21887.24
TXN_00001066,CUST_0117,50.31,EUR,PURCHASE,ELECTRONICS,2024-01-07 15:42:24,False,25195.63
TXN_00006744,CUST_0079,219.34,GBP,PURCHASE,UTILITIES,2024-01-07 15:56:13,False,90189.75
TXN_00008379,CUST_0068,191.83,EUR,TRANSFER,HEALTHCARE,2024-01-07 18:45:13,False,1253.33
TXN_00005178,CUST_0083,173.63,USD,PURCHASE,DINING,2024-01-07 20:04:04,False,43126.11
TXN_00001511,CUST_0040,55.79,EUR,WITHDRAWAL,DINING,2024-01-07 23:26:09,False,91038.49
TXN_00008558,CUST_0123,406.05,USD,PURCHASE,HEALTHCARE,2024-01-08 05:30:06,False,14143.71
TXN_00007621,CUST_0029,136.71,EUR,WITHDRAWAL,HEALTHCARE,2024-01-08 06:23:13,False,52746.93
TXN_00009877,CUST_0111,5415.26,USD,PURCHASE,GROCERY,2024-01-08 07:33:08,False,35399.78
TXN_00006400,CUST_0103,208.19,EUR,PURCHASE,DINING,2024-01-08 07:36:25,False,71332.3
TXN_00000683,CUST_0129,440.87,EUR,PURCHASE,ELECTRONICS,2024-01-08 07:36:31,False,29548.72
TXN_00001301,CUST_0041,3496.19,EUR,PURCHASE,DINING,2024-01-08 08:04:25,False,64561.78
TXN_00001248,CUST_0119,56.03,EUR,TRANSFER,DINING,2024-01-08 08:37:16,False,25624.19
TXN_00000459,CUST_0111,5933.12,EUR,PURCHASE,HEALTHCARE,2024-01-08 08:49:20,False,10195.62
TXN_00001901,CUST_0138,84.14,EUR,PURCHASE,UTILITIES,2024-01-08 09:43:33,False,2106.46
TXN_00000198,CUST_0135,819.23,EUR,PURCHASE,HEALTHCARE,2024-01-08 10:14:46,False,29725.68
TXN_00008673,CUST_0064,257.08,EUR,PURCHASE,DINING,2024-01-08 10:30:10,False,92801.94
TXN_00003667,CUST_0041,1565.28,GBP,TRANSFER,ELECTRONICS,2024-01-08 11:04:50,False,50294.22
TXN_00007767,CUST_0033,179.3,EUR,PURCHASE,GROCERY,2024-01-08 11:18:31,False,9018.87
TXN_00005486,CUST_0109,323.07,EUR,TRANSFER,TRAVEL,2024-01-08 11:23:01,False,18705.69
TXN_00004871,CUST_0079,80.47,USD,PURCHASE,DINING,2024-01-08 11:23:26,False,35076.04
TXN_00002779,CUST_0177,219.48,USD,TRANSFER,TRAVEL,2024-01-08 11:24:39,False,6879.27
TXN_00007802,CUST_0162,325.0,USD,WITHDRAWAL,,2024-01-08 11:35:01,False,3880.59
TXN_00005696,CUST_0091,53.1,EUR,PURCHASE,DINING,2024-01-08 12:10:49,False,16004.11
TXN_00001093,CUST_0141,8.67,USD,PURCHASE,TRAVEL,2024-01-08 12:39:58,False,1414.32
TXN_00003372,CUST_0099,115.13,EUR,PURCHASE,TRAVEL,2024-01-08 12:51:52,False,60363.0
TXN_00008779,CUST_0091,463.59,GBP,PURCHASE,TRAVEL,2024-01-08 13:22:12,False,81994.97
TXN_00005061,CUST_0059,69.8,EUR,PURCHASE,ELECTRONICS,2024-01-08 13:23:18,False,64388.75
TXN_00001140,CUST_0026,-14222.84,EUR,REFUND,GROCERY,2024-01-08 13:54:15,False,72915.87
TXN_00003083,CUST_0046,4391.95,USD,PURCHASE,GROCERY,2024-01-08 13:58:44,False,67202.87
TXN_00000188,CUST_0036,7920.91,EUR,PURCHASE,DINING,2024-01-08 15:24:02,False,43129.79
TXN_00008617,CUST_0035,71.07,GBP,PURCHASE,ELECTRONICS,2024-01-08 16:32:34,False,23587.06
TXN_00000756,CUST_0043,61.56,EUR,PURCHASE,UTILITIES,2024-01-08 16:48:46,False,59946.59
TXN_00000157,CUST_0161,388.23,EUR,TRANSFER,GROCERY,2024-01-08 16:57:27,False,38707.19
TXN_00004797,CUST_0051,5741.47,EUR,PURCHASE,GROCERY,2024-01-08 18:19:49,False,98470.97
TXN_00003181,CUST_0187,57.42,USD,PURCHASE,UTILITIES,2024-01-08 18:48:44,False,66538.29
TXN_00004905,CUST_0055,-543.42,USD,REFUND,HEALTHCARE,2024-01-08 19:22:13,False,49350.08
TXN_00009609,CUST_0078,397.41,EUR,TRANSFER,,2024-01-09 04:27:45,False,9997.78
TXN_00006184,CUST_0086,289.94,EUR,PURCHASE,GROCERY,2024-01-09 07:41:16,False,16805.01
TXN_00007131,CUST_0199,491.31,EUR,WITHDRAWAL,ELECTRONICS,2024-01-09 07:57:07,False,3621.8
TXN_00005148,CUST_0126,248.11,USD,PURCHASE,HEALTHCARE,2024-01-09 08:09:52,False,3388.99
TXN_00006811,CUST_0120,33.21,USD,PURCHASE,UTILITIES,2024-01-09 08:21:55,False,92782.44
TXN_00007692,CUST_0102,890.13,EUR,WITHDRAWAL,GROCERY,2024-01-09 09:12:44,False,26112.14
TXN_00009167,CUST_0140,257.42,USD,TRANSFER,HEALTHCARE,2024-01-09 09:22:06,False,15326.38
TXN_00002047,CUST_0145,87.4,EUR,PURCHASE,UTILITIES,2024-01-09 10:47:50,False,3186.41
TXN_00006213,CUST_0090,1237.08,EUR,WITHDRAWAL,DINING,2024-01-09 11:45:37,False,13842.75
TXN_00005172,CUST_0197,8018.13,USD,PURCHASE,ELECTRONICS,2024-01-09 12:35:10,False,57587.85
TXN_00009067,CUST_0017,43.02,GBP,PURCHASE,GROCERY,2024-01-09 12:56:50,False,43314.54
TXN_00003821,CUST_0084,472.24,EUR,PURCHASE,UTILITIES,2024-01-09 13:44:51,False,45197.85
TXN_00009250,CUST_0103,420.98,EUR,WITHDRAWAL,UTILITIES,2024-01-09 13:57:09,False,63656.09
TXN_00008991,CUST_0021,1247.05,USD,WITHDRAWAL,UTILITIES,2024-01-09 14:01:43,False,25484.87
TXN_00000137,CUST_0046,10829.28,EUR,PURCHASE,ELECTRONICS,2024-01-09 14:09:57,False,6962.37
TXN_00004553,CUST_0018,-76.18,EUR,REFUND,GROCERY,2024-01-09 14:35:28,False,34790.02
TXN_00002023,CUST_0075,607.07,USD,PURCHASE,HEALTHCARE,2024-01-09 14:56:50,False,31215.29
TXN_00000362,CUST_0050,174.03,EUR,PURCHASE,GROCERY,2024-01-09 15:10:58,False,39790.19
TXN_00000061,CUST_0105,104.81,EUR,TRANSFER,UTILITIES,2024-01-09 15:40:34,False,61578.15
TXN_00006963,CUST_0122,179.16,USD,PURCHASE,GROCERY,2024-01-09 15:56:57,False,65760.45
TXN_00009241,CUST_0168,-104.86,EUR,REFUND,ELECTRONICS,2024-01-09 16:09:50,False,9216.93
TXN_00005006,CUST_0112,475.84,EUR,WITHDRAWAL,ELECTRONICS,2024-01-09 17:18:54,False,42693.44
TXN_00006375,CUST_0096,275.46,EUR,PURCHASE,UTILITIES,2024-01-09 17:19:20,False,25850.78
TXN_00005727,CUST_0064,68.36,EUR,TRANSFER,DINING,2024-01-09 17:43:04,False,20114.14
TXN_00003479,CUST_0049,768.12,EUR,PURCHASE,HEALTHCARE,2024-01-09 17:43:05,False,65338.9
TXN_00007590,CUST_0038,373.52,EUR,WITHDRAWAL,HEALTHCARE,2024-01-09 18:02:36,False,83349.47
TXN_00003178,CUST_0027,8922.65,EUR,PURCHASE,TRAVEL,2024-01-09 18:53:33,False,81362.91
TXN_00008979,CUST_0099,30.38,EUR,TRANSFER,UTILITIES,2024-01-09 19:20:17,False,66839.94
TXN_00000403,CUST_0008,-158.72,EUR,REFUND,GROCERY,2024-01-09 19:37:47,False,56784.14
TXN_00002495,CUST_0150,208.14,EUR,PURCHASE,ELECTRONICS,2024-01-10 04:15:03,False,23356.31
TXN_00000446,CUST_0116,1144.68,EUR,TRANSFER,GROCERY,2024-01-10 04:29:40,False,59071.14
TXN_00006381,CUST_0090,251.79,EUR,TRANSFER,GROCERY,2024-01-10 05:56:06,False,81520.76
TXN_00001709,CUST_0148,159.01,EUR,PURCHASE,UTILITIES,2024-01-10 06:11:53,False,3528.17
TXN_00000961,CUST_0094,488.86,EUR,TRANSFER,GROCERY,2024-01-10 06:21:56,False,37401.96
TXN_00000163,CUST_0101,253.93,GBP,TRANSFER,DINING,2024-01-10 06:55:29,False,42316.24
TXN_00004260,CUST_0126,10.6,EUR,PURCHASE,HEALTHCARE,2024-01-10 09:26:59,False,20937.79
TXN_00003546,CUST_0096,9.97,EUR,TRANSFER,TRAVEL,2024-01-10 09:27:26,False,73676.84
TXN_00003594,CUST_0104,1249.58,EUR,PURCHASE,DINING,2024-01-10 09:44:43,False,51740.9
TXN_00002648,CUST_0051,431.72,EUR,WITHDRAWAL,TRAVEL,2024-01-10 10:00:57,False,86168.8
TXN_00009431,CUST_0156,4.62,EUR,PURCHASE,UTILITIES,2024-01-10 10:59:24,False,86304.45
TXN_00006372,CUST_0184,29.32,EUR,PURCHASE,UTILITIES,2024-01-10 11:28:45,False,68805.54
TXN_00000927,CUST_0131,664.28,EUR,TRANSFER,ELECTRONICS,2024-01-10 11:35:08,False,56053.98
TXN_00000498,CUST_0019,1393.23,EUR,WITHDRAWAL,DINING,2024-01-10 11:41:07,False,69915.99
TXN_00005282,CUST_0056,1358.53,EUR,WITHDRAWAL,ELECTRONICS,2024-01-10 12:05:52,False,50452.68
TXN_00002860,CUST_0079,43.52,EUR,WITHDRAWAL,HEALTHCARE,2024-01-10 12:18:27,False,65322.71
TXN_00001336,CUST_0168,61.38,EUR,PURCHASE,UTILITIES,2024-01-10 12:19:38,False,19204.77
TXN_00002342,CUST_0037,45.65,EUR,WITHDRAWAL,DINING,2024-01-10 12:29:36,False,72024.06
TXN_00008899,CUST_0117,612.48,EUR,PURCHASE,HEALTHCARE,2024-01-10 12:37:18,False,19022.88
TXN_00002230,CUST_0061,89.13,USD,WITHDRAWAL,ELECTRONICS,2024-01-10 12:38:20,False,66512.38
TXN_00008438,CUST_0104,112.26,EUR,TRANSFER,GROCERY,2024-01-10 12:46:56,False,7545.88
TXN_00000840,CUST_0000,131.41,GBP,TRANSFER,GROCERY,2024-01-10 13:19:31,False,59505.22
TXN_00004972,CUST_0000,15.48,EUR,PURCHASE,HEALTHCARE,2024-01-10 13:45:30,False,89970.68
TXN_00001579,CUST_0147,1306.64,EUR,PURCHASE,DINING,2024-01-10 13:49:16,False,31889.69
TXN_00007247,CUST_0070,165.44,USD,PURCHASE,HEALTHCARE,2024-01-10 13:56:15,False,92384.29
TXN_00003072,CUST_0121,366.03,EUR,PURCHASE,ELECTRONICS,2024-01-10 14:03:43,False,47054.96
TXN_00002697,CUST_0129,2531.82,EUR,PURCHASE,TRAVEL,2024-01-10 14:30:59,False,74469.59
TXN_00004095,CUST_0126,404.52,EUR,WITHDRAWAL,GROCERY,2024-01-10 14:36:59,False,63078.68
TXN_00002240,CUST_0146,401.99,EUR,PURCHASE,TRAVEL,2024-01-10 14:49:04,False,62055.12
TXN_00001593,CUST_0071,259.63,EUR,PURCHASE,TRAVEL,2024-01-10 15:06:25,False,93710.04
TXN_00008144,CUST_0045,1461.6,GBP,PURCHASE,DINING,2024-01-10 15:12:10,False,19537.95
TXN_00005146,CUST_0145,355.9,EUR,PURCHASE,DINING,2024-01-10 15:51:58,False,2964.94
TXN_00008749,CUST_0038,33.95,GBP,PURCHASE,TRAVEL,2024-01-10 15:53:42,False,11056.61
TXN_00007475,CUST_0014,396.52,EUR,PURCHASE,UTILITIES,2024-01-10 16:03:53,False,98094.56
TXN_00006338,CUST_0172,71.73,EUR,PURCHASE,HEALTHCARE,2024-01-10 16:07:32,False,98385.65
TXN_00005022,CUST_0186,72.67,USD,PURCHASE,ELECTRONICS,2024-01-10 16:28:42,False,96519.48
TXN_00008122,CUST_0008,343.59,EUR,PURCHASE,DINING,2024-01-10 16:43:22,False,17765.27
TXN_00006013,CUST_0171,18.52,EUR,TRANSFER,GROCERY,2024-01-10 17:09:25,False,83877.5
TXN_00004355,CUST_0112,-27.16,EUR,REFUND,ELECTRONICS,2024-01-10 17:09:49,False,64688.51
TXN_00001835,CUST_0093,300.16,EUR,PURCHASE,DINING,2024-01-10 17:49:11,False,24000.05
TXN_00009418,CUST_0190,245.61,USD,PURCHASE,GROCERY,2024-01-10 18:26:23,False,47155.79
TXN_00007642,CUST_0162,42.16,EUR,PURCHASE,ELECTRONICS,2024-01-10 19:03:14,False,93070.57
TXN_00004479,CUST_0097,290.24,EUR,PURCHASE,HEALTHCARE,2024-01-10 19:50:28,False,42402.07
TXN_00008362,CUST_0095,221.52,EUR,PURCHASE,GROCERY,2024-01-11 00:52:24,False,89350.87
TXN_00008218,CUST_0176,639.11,EUR,PURCHASE,HEALTHCARE,2024-01-11 05:58:59,False,90139.89
TXN_00002336,CUST_0113,425.77,EUR,PURCHASE,ELECTRONICS,2024-01-11 06:40:26,False,3235.25
TXN_00007788,CUST_0120,973.55,EUR,WITHDRAWAL,UTILITIES,2024-01-11 08:10:29,False,65257.22
TXN_00001916,CUST_0049,19.96,USD,PURCHASE,UTILITIES,2024-01-11 08:20:35,False,6980.76
TXN_00006290,CUST_0154,2379.46,EUR,PURCHASE,GROCERY,2024-01-11 08:38:07,False,34644.38
TXN_00001992,CUST_0119,308.79,GBP,PURCHASE,ELECTRONICS,2024-01-11 09:29:48,False,49210.2
TXN_00003065,CUST_0173,188.07,EUR,WITHDRAWAL,TRAVEL,2024-01-11 10:47:04,False,15313.42
TXN_00009279,CUST_0021,198.09,EUR,WITHDRAWAL,ELECTRONICS,2024-01-11 10:56:31,False,94997.23
TXN_00003050,CUST_0193,192.81,EUR,PURCHASE,TRAVEL,2024-01-11 11:40:24,False,64797.18
TXN_00007534,CUST_0126,93.01,USD,PURCHASE,UTILITIES,2024-01-11 11:42:17,True,85457.05
TXN_00004732,CUST_0172,-67.9,EUR,REFUND,TRAVEL,2024-01-11 12:02:21,False,84294.32
TXN_00009277,CUST_0181,90.42,EUR,WITHDRAWAL,UTILITIES,2024-01-11 12:03:34,False,98897.35
TXN_00000350,CUST_0060,445.52,EUR,WITHDRAWAL,TRAVEL,2024-01-11 12:07:19,False,96889.23
TXN_00007547,CUST_0121,1294.1,EUR,TRANSFER,UTILITIES,2024-01-11 12:09:16,False,5163.22
TXN_00003167,CUST_0024,1965.14,EUR,PURCHASE,GROCERY,2024-01-11 12:54:01,False,87304.44
TXN_00006990,CUST_0020,-135.6,EUR,REFUND,UTILITIES,2024-01-11 13:32:13,False,72670.92
TXN_00009007,CUST_0147,282.69,EUR,TRANSFER,ELECTRONICS,2024-01-11 13:52:39,False,76038.04
TXN_00006642,CUST_0140,666.05,EUR,PURCHASE,UTILITIES,2024-01-11 14:03:46,False,28010.87
TXN_00001289,CUST_0137,454.99,EUR,PURCHASE,DINING,2024-01-11 14:20:20,False,8994.57
TXN_00005612,CUST_0006,90.48,USD,WITHDRAWAL,UTILITIES,2024-01-11 14:28:51,False,27234.48
TXN_00008974,CUST_0021,1091.35,EUR,WITHDRAWAL,HEALTHCARE,2024-01-11 14:53:12,False,59084.28
TXN_00006949,CUST_0121,120.98,EUR,PURCHASE,TRAVEL,2024-01-11 15:07:11,False,25657.68
TXN_00004769,CUST_0041,509.54,EUR,PURCHASE,DINING,2024-01-11 15:37:40,False,49343.45
TXN_00008167,CUST_0019,319.89,EUR,TRANSFER,GROCERY,2024-01-11 15:52:08,False,905.28
TXN_00007339,CUST_0143,331.08,EUR,PURCHASE,GROCERY,2024-01-11 16:23:35,False,27925.72
TXN_00007902,CUST_0070,435.94,EUR,WITHDRAWAL,,2024-01-11 16:38:42,False,25547.04
TXN_00004140,CUST_0096,584.52,USD,PURCHASE,GROCERY,2024-01-11 17:37:22,False,73292.74
TXN_00006015,CUST_0075,475.32,USD,PURCHASE,GROCERY,2024-01-11 17:52:49,False,56202.15
TXN_00006633,CUST_0015,82.89,EUR,PURCHASE,UTILITIES,2024-01-11 17:58:20,False,3190.99
TXN_00001160,CUST_0070,169.01,EUR,WITHDRAWAL,ELECTRONICS,2024-01-11 18:04:37,False,29311.28
TXN_00007426,CUST_0127,636.78,EUR,PURCHASE,HEALTHCARE,2024-01-11 18:47:38,False,84859.94
TXN_00006402,CUST_0075,61.85,EUR,TRANSFER,UTILITIES,2024-01-11 20:14:37,False,81333.27
TXN_00005794,CUST_0144,166.18,USD,TRANSFER,UTILITIES,2024-01-11 21:29:54,False,92093.99
TXN_00008913,CUST_0028,522.3,EUR,PURCHASE,GROCERY,2024-01-11 23:42:50,False,12960.85
TXN_00000844,CUST_0068,58.3,EUR,WITHDRAWAL,ELECTRONICS,2024-01-12 05:17:55,False,17333.4
TXN_00007739,CUST_0143,69.0,EUR,TRANSFER,DINING,2024-01-12 06:57:34,False,67558.74
TXN_00001299,CUST_0110,568.78,USD,PURCHASE,HEALTHCARE,2024-01-12 08:12:42,False,37333.57
TXN_00006533,CUST_0010,340.25,EUR,PURCHASE,ELECTRONICS,2024-01-12 09:18:31,False,52866.49
TXN_00008581,CUST_0033,233.05,EUR,TRANSFER,UTILITIES,2024-01-12 09:38:26,False,91501.51
TXN_00003572,CUST_0162,20.4,EUR,PURCHASE,UTILITIES,2024-01-12 10:02:01,False,40792.0
TXN_00002077,CUST_0086,842.47,EUR,PURCHASE,HEALTHCARE,2024-01-12 10:09:24,False,72823.7
TXN_00005974,CUST_0048,79.83,EUR,TRANSFER,TRAVEL,2024-01-12 10:15:20,False,27832.47
TXN_00004979,CUST_0186,470.05,EUR,PURCHASE,GROCERY,2024-01-12 10:37:17,False,32220.14
TXN_00007804,CUST_0138,154.21,EUR,PURCHASE,ELECTRONICS,2024-01-12 11:05:22,False,57601.19
TXN_00003751,CUST_0168,577.93,USD,PURCHASE,HEALTHCARE,2024-01-12 11:10:19,False,33802.74
TXN_00000423,CUST_0181,445.48,EUR,PURCHASE,ELECTRONICS,2024-01-12 11:12:24,False,89916.52
TXN_00009773,CUST_0088,1647.83,EUR,PURCHASE,UTILITIES,2024-01-12 11:34:40,False,97218.63
TXN_00006983,CUST_0015,1323.84,EUR,PURCHASE,,2024-01-12 11:47:18,True,69566.6
TXN_00005383,CUST_0001,277.01,GBP,PURCHASE,TRAVEL,2024-01-12 13:10:03,False,45638.05
TXN_00008168,CUST_0162,225.68,GBP,PURCHASE,ELECTRONICS,2024-01-12 13:32:14,False,86048.85
TXN_00002706,CUST_0007,96.81,EUR,PURCHASE,HEALTHCARE,2024-01-12 13:47:18,False,46843.41
TXN_00007086,CUST_0081,38.3,USD,PURCHASE,HEALTHCARE,2024-01-12 13:48:49,False,21571.15
TXN_00008411,CUST_0136,1173.58,EUR,PURCHASE,GROCERY,2024-01-12 14:01:42,False,19961.11
TXN_00006853,CUST_0058,131.66,EUR,PURCHASE,DINING,2024-01-12 14:40:55,False,44566.57
TXN_00003148,CUST_0160,70.6,EUR,TRANSFER,UTILITIES,2024-01-12 15:14:06,False,60493.3
TXN_00002165,CUST_0197,195.02,EUR,PURCHASE,ELECTRONICS,2024-01-12 15:27:43,False,7213.07
TXN_00009720,CUST_0153,16.63,EUR,PURCHASE,ELECTRONICS,2024-01-12 15:32:09,False,1712.15
TXN_00004745,CUST_0148,178.85,GBP,TRANSFER,DINING,2024-01-12 16:23:12,False,2804.42
TXN_00006419,CUST_0091,188.78,EUR,PURCHASE,UTILITIES,2024-01-12 16:34:37,False,737.79
TXN_00006039,CUST_0106,3231.67,GBP,PURCHASE,TRAVEL,2024-01-12 16:51:56,False,59387.65
TXN_00004415,CUST_0073,795.08,EUR,WITHDRAWAL,HEALTHCARE,2024-01-12 18:14:30,False,4529.26
TXN_00002880,CUST_0124,9.61,GBP,PURCHASE,TRAVEL,2024-01-12 19:23:23,False,60593.48
TXN_00000155,CUST_0110,1308.04,EUR,PURCHASE,DINING,2024-01-12 20:09:31,False,87716.96
TXN_00002896,CUST_0093,115.83,EUR,PURCHASE,GROCERY,2024-01-12 20:15:25,False,26049.73
TXN_00008616,CUST_0033,-2507.32,EUR,REFUND,HEALTHCARE,2024-01-12 20:16:05,False,29264.98
TXN_00000227,CUST_0138,1555.53,USD,PURCHASE,DINING,2024-01-13 05:39:01,False,86390.34
TXN_00000874,CUST_0057,357.73,USD,PURCHASE,DINING,2024-01-13 06:21:16,False,14543.79
TXN_00007778,CUST_0199,1718.08,EUR,WITHDRAWAL,UTILITIES,2024-01-13 06:52:50,False,74132.14
TXN_00000863,CUST_0166,26.18,USD,PURCHASE,UTILITIES,2024-01-13 07:17:36,False,59783.51
TXN_00005314,CUST_0186,310.28,EUR,TRANSFER,HEALTHCARE,2024-01-13 07:57:16,False,94619.02
TXN_00000088,CUST_0194,50.28,EUR,PURCHASE,UTILITIES,2024-01-13 08:07:45,False,8988.69
TXN_00002261,CUST_0086,143.31,USD,PURCHASE,DINING,2024-01-13 09:24:01,False,49278.26
TXN_00002583,CUST_0071,244.99,GBP,PURCHASE,UTILITIES,2024-01-13 09:34:42,False,2768.39
TXN_00001256,CUST_0043,558.14,EUR,TRANSFER,DINING,2024-01-13 10:14:18,False,3521.5
TXN_00008830,CUST_0152,69.71,EUR,PURCHASE,TRAVEL,2024-01-13 10:26:16,False,15085.42
TXN_00006031,CUST_0116,1042.86,EUR,PURCHASE,DINING,2024-01-13 11:12:56,False,7857.05
TXN_00003129,CUST_0147,307.7,USD,TRANSFER,TRAVEL,2024-01-13 11:46:43,False,94574.33
TXN_00001501,CUST_0012,413.01,GBP,PURCHASE,ELECTRONICS,2024-01-13 11:57:38,False,57694.37
TXN_00009366,CUST_0044,59.45,EUR,PURCHASE,TRAVEL,2024-01-13 12:06:47,False,27047.59
TXN_00002797,CUST_0151,14.54,USD,PURCHASE,DINING,2024-01-13 12:26:43,False,76172.51
TXN_00006370,CUST_0130,23.39,EUR,PURCHASE,DINING,2024-01-13 12:34:29,False,87632.23
TXN_00002852,CUST_0163,723.81,USD,PURCHASE,UTILITIES,2024-01-13 12:55:36,False,35472.17
TXN_00009120,CUST_0078,534.45,EUR,PURCHASE,ELECTRONICS,2024-01-13 13:21:57,False,9731.48
TXN_00008442,CUST_0011,18.78,EUR,TRANSFER,UTILITIES,2024-01-13 13:37:30,False,46306.65
TXN_00003726,CUST_0176,1602.75,USD,PURCHASE,ELECTRONICS,2024-01-13 13:47:54,False,74401.31
TXN_00008530,CUST_0096,641.48,EUR,PURCHASE,GROCERY,2024-01-13 13:51:50,False,29377.67
TXN_00007248,CUST_0001,204.05,EUR,PURCHASE,TRAVEL,2024-01-13 14:03:19,False,63077.58
TXN_00003796,CUST_0060,952.17,GBP,PURCHASE,ELECTRONICS,2024-01-13 14:27:14,False,30167.31
TXN_00007548,CUST_0007,-103.53,EUR,REFUND,DINING,2024-01-13 14:50:04,False,81974.68
TXN_00001800,CUST_0176,144.39,EUR,WITHDRAWAL,TRAVEL,2024-01-13 15:11:12,False,32941.16
TXN_00007272,CUST_0044,36.03,EUR,PURCHASE,DINING,2024-01-13 16:14:20,False,6095.67
TXN_00003186,CUST_0046,353.88,EUR,PURCHASE,GROCERY,2024-01-13 17:18:13,False,15915.59
TXN_00003914,CUST_0119,5551.81,EUR,PURCHASE,ELECTRONICS,2024-01-13 18:10:05,False,735.68
TXN_00002702,CUST_0141,14.6,EUR,PURCHASE,DINING,2024-01-13 18:16:00,False,41355.65
TXN_00006214,CUST_0039,213.44,EUR,PURCHASE,DINING,2024-01-13 18:38:49,False,73923.34
TXN_00006323,CUST_0109,43.07,EUR,TRANSFER,UTILITIES,2024-01-13 19:22:32,False,59820.32
TXN_00007743,CUST_0040,1022.21,EUR,TRANSFER,UTILITIES,2024-01-13 19:45:14,False,10860.76
TXN_00001185,CUST_0053,1211.72,EUR,PURCHASE,TRAVEL,2024-01-13 22:44:41,False,91854.12
TXN_00003860,CUST_0114,747.15,EUR,PURCHASE,GROCERY,2024-01-14 05:01:33,False,98955.96
TXN_00007862,CUST_0194,12.95,USD,WITHDRAWAL,HEALTHCARE,2024-01-14 05:37:44,False,52013.22
TXN_00000200,CUST_0002,463.18,EUR,PURCHASE,TRAVEL,2024-01-14 06:23:01,False,60723.48
TXN_00008705,CUST_0194,77.34,EUR,PURCHASE,HEALTHCARE,2024-01-14 07:36:39,False,93255.94
TXN_00009437,CUST_0091,489.41,USD,PURCHASE,UTILITIES,2024-01-14 08:27:13,False,56608.38
TXN_00007174,CUST_0167,1586.21,EUR,PURCHASE,UTILITIES,2024-01-14 09:23:12,False,88814.14
TXN_00002821,CUST_0152,764.37,EUR,TRANSFER,TRAVEL,2024-01-14 10:41:43,True,33850.45
TXN_00000624,CUST_0147,-1250.57,EUR,REFUND,DINING,2024-01-14 10:57:54,False,76459.66
TXN_00009126,CUST_0137,3338.95,EUR,PURCHASE,GROCERY,2024-01-14 11:18:38,False,73516.09
TXN_00001450,CUST_0047,22.1,EUR,WITHDRAWAL,ELECTRONICS,2024-01-14 11:40:00,False,34696.93
TXN_00009578,CUST_0065,59.61,USD,WITHDRAWAL,HEALTHCARE,2024-01-14 12:38:18,True,82324.88
TXN_00000440,CUST_0099,1468.54,USD,TRANSFER,HEALTHCARE,2024-01-14 12:53:59,False,90663.91
TXN_00005672,CUST_0125,1017.42,USD,PURCHASE,TRAVEL,2024-01-14 13:31:42,False,12657.31
TXN_00001538,CUST_0143,-625.33,USD,REFUND,DINING,2024-01-14 13:55:29,False,17393.69
TXN_00003434,CUST_0003,127.34,EUR,PURCHASE,UTILITIES,2024-01-14 14:21:40,False,65204.68
TXN_00007104,CUST_0052,81.73,EUR,PURCHASE,DINING,2024-01-14 14:39:01,False,86468.54
TXN_00001761,CUST_0055,64.53,EUR,PURCHASE,UTILITIES,2024-01-14 15:04:17,False,95216.07
TXN_00004375,CUST_0101,97.15,EUR,PURCHASE,HEALTHCARE,2024-01-14 15:07:47,False,20309.84
TXN_00001125,CUST_0190,79.88,EUR,PURCHASE,HEALTHCARE,2024-01-14 15:10:31,False,82726.73
TXN_00009805,CUST_0173,29.96,EUR,WITHDRAWAL,DINING,2024-01-14 15:36:50,False,99119.14
TXN_00009107,CUST_0083,1782.14,EUR,WITHDRAWAL,GROCERY,2024-01-14 17:22:46,False,12335.13
TXN_00000841,CUST_0180,2963.12,EUR,PURCHASE,HEALTHCARE,2024-01-14 18:49:27,False,75036.8
TXN_00007688,CUST_0003,2690.6,EUR,PURCHASE,ELECTRONICS,2024-01-14 19:03:06,False,15152.25
TXN_00002226,CUST_0022,24.63,EUR,WITHDRAWAL,ELECTRONICS,2024-01-14 22:07:25,False,45936.36
TXN_00002822,CUST_0125,-190.19,EUR,REFUND,TRAVEL,2024-01-15 07:22:28,False,69567.69
TXN_00008503,CUST_0039,18198.95,EUR,PURCHASE,DINING,2024-01-15 08:00:30,False,45504.47
TXN_00009639,CUST_0047,1438.6,EUR,PURCHASE,TRAVEL,2024-01-15 08:24:19,False,70040.15
TXN_00008694,CUST_0023,362.57,EUR,PURCHASE,ELECTRONICS,2024-01-15 09:36:16,False,70303.57
TXN_00004408,CUST_0136,234.92,EUR,WITHDRAWAL,TRAVEL,2024-01-15 10:05:28,False,32176.51
TXN_00000395,CUST_0157,157.18,USD,PURCHASE,DINING,2024-01-15 10:33:34,False,95362.48
TXN_00005009,CUST_0026,444.55,EUR,PURCHASE,DINING,2024-01-15 11:13:38,False,53470.81
TXN_00003366,CUST_0147,14.15,EUR,PURCHASE,ELECTRONICS,2024-01-15 11:39:37,False,72833.65
TXN_00008014,CUST_0063,102.8,EUR,PURCHASE,UTILITIES,2024-01-15 12:24:32,False,40136.3
TXN_00005492,CUST_0060,4446.12,EUR,WITHDRAWAL,ELECTRONICS,2024-01-15 12:35:29,False,29563.79
TXN_00005765,CUST_0144,183.47,GBP,WITHDRAWAL,DINING,2024-01-15 12:40:04,False,32749.55
TXN_00008038,CUST_0007,419.34,GBP,TRANSFER,DINING,2024-01-15 12:50:16,False,78091.63
TXN_00000030,CUST_0117,1379.97,EUR,PURCHASE,TRAVEL,2024-01-15 12:50:31,False,94483.64
TXN_00002810,CUST_0077,254.93,EUR,PURCHASE,UTILITIES,2024-01-15 12:54:20,False,9058.48
TXN_00007875,CUST_0191,46.78,EUR,PURCHASE,TRAVEL,2024-01-15 14:08:26,False,27405.74
TXN_00001978,CUST_0195,218.45,EUR,PURCHASE,TRAVEL,2024-01-15 15:21:15,False,56280.4
TXN_00001598,CUST_0066,107.98,USD,PURCHASE,DINING,2024-01-15 16:45:58,False,22582.73
TXN_00002011,CUST_0142,45.37,USD,TRANSFER,TRAVEL,2024-01-15 17:30:42,False,75302.48
TXN_00005338,CUST_0122,1089.35,EUR,TRANSFER,ELECTRONICS,2024-01-15 17:57:27,False,91771.47
TXN_00008940,CUST_0174,562.84,USD,PURCHASE,DINING,2024-01-15 18:34:47,False,49524.49
TXN_00004416,CUST_0065,593.42,GBP,PURCHASE,HEALTHCARE,2024-01-15 19:00:57,False,48196.47
TXN_00004494,CUST_0123,1068.17,USD,PURCHASE,HEALTHCARE,2024-01-15 21:59:01,False,28954.44
TXN_00007494,CUST_0152,458.17,USD,TRANSFER,GROCERY,2024-01-16 07:34:52,False,42429.05
TXN_00001573,CUST_0045,298.92,USD,PURCHASE,TRAVEL,2024-01-16 07:43:58,False,67258.23
TXN_00008448,CUST_0139,634.62,EUR,PURCHASE,HEALTHCARE,2024-01-16 08:12:44,False,86392.76
TXN_00006044,CUST_0099,110.58,GBP,PURCHASE,ELECTRONICS,2024-01-16 09:51:41,False,80480.88
TXN_00005234,CUST_0057,187.59,EUR,PURCHASE,GROCERY,2024-01-16 09:53:31,False,4585.47
TXN_00005537,CUST_0057,103.96,EUR,PURCHASE,HEALTHCARE,2024-01-16 10:29:39,False,22245.07
TXN_00005872,CUST_0032,569.28,EUR,PURCHASE,DINING,2024-01-16 10:35:23,False,99413.83
TXN_00009562,CUST_0178,30.41,EUR,WITHDRAWAL,GROCERY,2024-01-16 11:25:40,False,50479.85
TXN_00006695,CUST_0068,1185.8,EUR,PURCHASE,HEALTHCARE,2024-01-16 11:31:46,False,75643.16
TXN_00008175,CUST_0196,197.6,EUR,TRANSFER,GROCERY,2024-01-16 11:39:26,True,31553.15
TXN_00003705,CUST_0017,50.76,EUR,TRANSFER,DINING,2024-01-16 11:53:52,False,70011.57
TXN_00003425,CUST_0080,635.2,USD,PURCHASE,HEALTHCARE,2024-01-16 12:23:13,False,1764.76
TXN_00003119,CUST_0131,848.28,EUR,PURCHASE,GROCERY,2024-01-16 12:29:37,False,87967.02
TXN_00005796,CUST_0111,21.99,EUR,PURCHASE,DINING,2024-01-16 12:31:08,True,20224.69
TXN_00008750,CUST_0096,768.51,EUR,PURCHASE,DINING,2024-01-16 14:06:55,False,85926.78
TXN_00003285,CUST_0183,14.71,EUR,PURCHASE,DINING,2024-01-16 14:27:33,False,12600.5
TXN_00006696,CUST_0180,43.65,USD,TRANSFER,DINING,2024-01-16 14:28:04,False,69564.0
TXN_00004879,CUST_0077,3335.04,EUR,PURCHASE,DINING,2024-01-16 14:36:02,False,29331.49
TXN_00004102,CUST_0129,131.78,EUR,PURCHASE,HEALTHCARE,2024-01-16 14:46:11,False,58947.63
TXN_00003846,CUST_0070,335.91,EUR,PURCHASE,ELECTRONICS,2024-01-16 15:00:11,False,99662.55
TXN_00006583,CUST_0095,265.99,EUR,WITHDRAWAL,GROCERY,2024-01-16 15:17:46,False,34626.22
TXN_00003254,CUST_0075,104.42,EUR,PURCHASE,GROCERY,2024-01-16 16:04:41,False,96890.88
TXN_00008287,CUST_0001,518.46,EUR,WITHDRAWAL,UTILITIES,2024-01-16 16:14:12,False,22066.53
TXN_00006999,CUST_0085,351.43,EUR,PURCHASE,UTILITIES,2024-01-16 16:25:28,False,79133.51
TXN_00008146,CUST_0196,6543.12,EUR,PURCHASE,UTILITIES,2024-01-16 16:31:58,False,83094.39
TXN_00007510,CUST_0191,421.46,USD,PURCHASE,HEALTHCARE,2024-01-16 17:02:19,False,85137.09
TXN_00001404,CUST_0135,18.75,USD,PURCHASE,GROCERY,2024-01-16 17:30:03,False,97323.37
TXN_00004040,CUST_0118,286.6,USD,WITHDRAWAL,UTILITIES,2024-01-16 17:38:20,False,99080.61
TXN_00000337,CUST_0144,95.99,GBP,WITHDRAWAL,UTILITIES,2024-01-16 17:44:41,False,75565.47
TXN_00004933,CUST_0054,389.82,USD,PURCHASE,ELECTRONICS,2024-01-16 18:12:35,False,64622.42
TXN_00009712,CUST_0197,74.56,EUR,TRANSFER,TRAVEL,2024-01-16 18:22:01,False,85372.39
TXN_00005918,CUST_0134,555.31,USD,PURCHASE,HEALTHCARE,2024-01-16 18:33:51,False,33782.89
TXN_00002141,CUST_0163,-26.11,EUR,REFUND,GROCERY,2024-01-16 18:38:12,False,46967.72
TXN_00003812,CUST_0193,1728.73,EUR,TRANSFER,UTILITIES,2024-01-16 19:39:42,False,66007.87
TXN_00000886,CUST_0005,11.76,EUR,TRANSFER,ELECTRONICS,2024-01-16 20:12:06,False,77084.88
TXN_00003138,CUST_0048,14466.3,EUR,PURCHASE,TRAVEL,2024-01-16 20:32:54,False,5074.77
TXN_00006495,CUST_0176,36.99,EUR,PURCHASE,GROCERY,2024-01-17 07:21:51,False,34749.71
TXN_00004332,CUST_0118,183.44,USD,PURCHASE,UTILITIES,2024-01-17 08:49:26,False,44658.27
TXN_00008888,CUST_0007,28.32,EUR,PURCHASE,DINING,2024-01-17 09:04:49,False,29840.39
TXN_00006083,CUST_0161,-31.62,USD,REFUND,UTILITIES,2024-01-17 09:46:49,False,61636.31
TXN_00009707,CUST_0164,513.55,EUR,PURCHASE,UTILITIES,2024-01-17 09:50:48,False,22339.49
TXN_00006523,CUST_0195,-117.55,EUR,REFUND,UTILITIES,2024-01-17 10:14:15,False,14864.6
TXN_00001300,CUST_0191,2566.08,EUR,PURCHASE,GROCERY,2024-01-17 10:35:20,False,69621.27
TXN_00007943,CUST_0049,498.27,EUR,TRANSFER,TRAVEL,2024-01-17 10:42:30,False,56131.64
TXN_00006166,CUST_0170,18.89,EUR,WITHDRAWAL,ELECTRONICS,2024-01-17 10:53:47,False,20174.33
TXN_00001757,CUST_0039,134.95,EUR,PURCHASE,UTILITIES,2024-01-17 11:04:38,False,25289.56
TXN_00005343,CUST_0059,32.83,USD,PURCHASE,DINING,2024-01-17 11:47:38,False,20418.35
TXN_00006033,CUST_0083,3825.96,USD,WITHDRAWAL,HEALTHCARE,2024-01-17 12:08:44,False,95211.38
TXN_00009154,CUST_0092,2854.35,EUR,WITHDRAWAL,TRAVEL,2024-01-17 12:51:52,False,19451.04
TXN_00006376,CUST_0051,93.27,USD,PURCHASE,GROCERY,2024-01-17 13:04:59,False,80476.94
TXN_00001756,CUST_0113,80.24,USD,PURCHASE,TRAVEL,2024-01-17 13:35:18,False,54481.73
TXN_00001405,CUST_0128,1023.75,USD,TRANSFER,ELECTRONICS,2024-01-17 13:38:47,False,93950.39
TXN_00007479,CUST_0075,150.21,EUR,PURCHASE,DINING,2024-01-17 13:48:27,False,20547.47
TXN_00000831,CUST_0006,1862.79,EUR,PURCHASE,HEALTHCARE,2024-01-17 13:59:08,False,86977.31
TXN_00003590,CUST_0165,136.62,EUR,WITHDRAWAL,UTILITIES,2024-01-17 14:09:27,False,99051.01
TXN_00004363,CUST_0035,251.05,EUR,PURCHASE,DINING,2024-01-17 15:01:39,False,77275.92
TXN_00000581,CUST_0027,430.1,EUR,PURCHASE,ELECTRONICS,2024-01-17 15:04:19,False,16074.96
TXN_00006148,CUST_0101,1315.25,EUR,TRANSFER,GROCERY,2024-01-17 16:21:27,False,14537.48
TXN_00001611,CUST_0009,437.07,GBP,PURCHASE,ELECTRONICS,2024-01-17 17:08:13,False,12418.83
TXN_00009409,CUST_0063,40.5,EUR,PURCHASE,DINING,2024-01-17 17:47:55,False,25312.66
TXN_00003745,CUST_0148,77.04,USD,WITHDRAWAL,ELECTRONICS,2024-01-17 18:13:13,False,33746.09
TXN_00005477,CUST_0194,134.87,EUR,PURCHASE,UTILITIES,2024-01-17 18:17:13,False,57816.7
TXN_00003540,CUST_0166,51.61,EUR,PURCHASE,GROCERY,2024-01-17 20:33:34,False,11067.31
TXN_00009050,CUST_0157,15.95,EUR,PURCHASE,DINING,2024-01-18 00:14:06,False,17521.84
TXN_00000437,CUST_0085,148.56,EUR,WITHDRAWAL,ELECTRONICS,2024-01-18 07:39:20,False,86589.3
TXN_00003253,CUST_0014,17.73,EUR,PURCHASE,UTILITIES,2024-01-18 07:57:43,False,14265.72
TXN_00000600,CUST_0077,150.71,USD,PURCHASE,UTILITIES,2024-01-18 08:07:45,False,57931.92
TXN_00008690,CUST_0059,649.38,EUR,WITHDRAWAL,ELECTRONICS,2024-01-18 09:00:53,False,41825.06
TXN_00006175,CUST_0057,1722.94,USD,PURCHASE,TRAVEL,2024-01-18 09:17:01,False,83710.37
TXN_00004766,CUST_0126,59.35,USD,WITHDRAWAL,GROCERY,2024-01-18 10:07:00,False,1840.96
TXN_00009730,CUST_0166,324.99,EUR,PURCHASE,UTILITIES,2024-01-18 10:21:50,False,33733.73
TXN_00005543,CUST_0014,973.82,EUR,PURCHASE,TRAVEL,2024-01-18 10:23:48,False,66441.39
TXN_00008757,CUST_0051,76.17,USD,PURCHASE,GROCERY,2024-01-18 10:39:17,False,50339.27
TXN_00001673,CUST_0061,75.49,USD,TRANSFER,TRAVEL,2024-01-18 10:46:32,False,63904.6
TXN_00006310,CUST_0050,103.84,EUR,TRANSFER,UTILITIES,2024-01-18 11:28:09,False,64646.59
TXN_00003596,CUST_0101,-202.03,EUR,REFUND,TRAVEL,2024-01-18 12:15:19,False,8322.68
TXN_00009663,CUST_0183,95.01,USD,PURCHASE,ELECTRONICS,2024-01-18 12:52:47,False,41302.32
TXN_00001769,CUST_0025,704.07,EUR,PURCHASE,TRAVEL,2024-01-18 12:58:38,False,69706.12
TXN_00007001,CUST_0056,246.14,EUR,PURCHASE,,2024-01-18 13:37:46,False,52293.39
TXN_00005829,CUST_0011,455.05,EUR,PURCHASE,,2024-01-18 13:38:14,False,4118.48
TXN_00006810,CUST_0099,33.2,GBP,PURCHASE,DINING,2024-01-18 14:00:46,True,19839.31
TXN_00003772,CUST_0081,16.63,EUR,TRANSFER,TRAVEL,2024-01-18 14:38:08,False,93977.57
TXN_00009897,CUST_0142,478.52,EUR,PURCHASE,HEALTHCARE,2024-01-18 14:46:03,False,13015.44
TXN_00001988,CUST_0064,36.24,EUR,PURCHASE,DINING,2024-01-18 15:53:16,False,6767.85
TXN_00004962,CUST_0185,69.46,EUR,PURCHASE,ELECTRONICS,2024-01-18 15:53:25,False,10464.67
TXN_00007993,CUST_0191,2460.36,USD,TRANSFER,TRAVEL,2024-01-18 16:03:03,False,56078.66
TXN_00009546,CUST_0004,66.43,USD,PURCHASE,DINING,2024-01-18 16:03:56,False,47456.33
TXN_00009746,CUST_0040,392.35,EUR,PURCHASE,GROCERY,2024-01-18 16:39:29,False,26004.0
TXN_00006526,CUST_0073,79.69,EUR,WITHDRAWAL,UTILITIES,2024-01-18 16:50:14,False,44206.19
TXN_00001553,CUST_0002,42.09,EUR,WITHDRAWAL,DINING,2024-01-18 16:53:12,False,54170.9
TXN_00001171,CUST_0069,29.83,USD,PURCHASE,HEALTHCARE,2024-01-18 17:15:54,False,79059.65
TXN_00006107,CUST_0058,5.05,GBP,WITHDRAWAL,HEALTHCARE,2024-01-18 17:36:42,False,66785.11
TXN_00004888,CUST_0141,480.49,EUR,PURCHASE,DINING,2024-01-19 06:27:58,False,11818.96
TXN_00001411,CUST_0155,51.44,EUR,WITHDRAWAL,TRAVEL,2024-01-19 06:36:17,False,79863.12
TXN_00004458,CUST_0172,-1292.22,EUR,REFUND,DINING,2024-01-19 06:41:52,False,95607.93
TXN_00001477,CUST_0198,169.64,EUR,TRANSFER,GROCERY,2024-01-19 08:17:48,False,26605.12
TXN_00007901,CUST_0189,13.87,USD,PURCHASE,HEALTHCARE,2024-01-19 09:07:30,False,77120.94
TXN_00002674,CUST_0190,4764.61,EUR,WITHDRAWAL,DINING,2024-01-19 09:18:15,False,73796.96
TXN_00005494,CUST_0035,471.48,EUR,PURCHASE,DINING,2024-01-19 09:32:31,False,10279.45
TXN_00007674,CUST_0025,115.22,EUR,TRANSFER,GROCERY,2024-01-19 09:45:05,False,35541.38
TXN_00000986,CUST_0166,430.28,USD,PURCHASE,HEALTHCARE,2024-01-19 10:29:46,False,15822.21
TXN_00007812,CUST_0031,1427.37,EUR,PURCHASE,GROCERY,2024-01-19 10:44:15,False,99127.63
TXN_00004464,CUST_0045,36.75,EUR,TRANSFER,,2024-01-19 11:36:16,False,72218.27
TXN_00008730,CUST_0073,50.66,EUR,PURCHASE,HEALTHCARE,2024-01-19 11:49:40,False,30863.59
TXN_00002101,CUST_0152,7.0,GBP,PURCHASE,GROCERY,2024-01-19 11:55:55,False,2097.03
TXN_00008083,CUST_0021,595.95,USD,PURCHASE,UTILITIES,2024-01-19 12:02:57,False,3598.58
TXN_00007128,CUST_0166,492.96,EUR,PURCHASE,UTILITIES,2024-01-19 12:21:00,False,40917.1
TXN_00009010,CUST_0049,-265.69,USD,REFUND,HEALTHCARE,2024-01-19 13:11:02,False,56019.08
TXN_00009432,CUST_0063,1207.88,EUR,TRANSFER,TRAVEL,2024-01-19 13:15:17,False,86921.78
TXN_00001989,CUST_0021,5508.26,EUR,PURCHASE,DINING,2024-01-19 13:26:05,False,97771.69
TXN_00005800,CUST_0084,1293.2,EUR,WITHDRAWAL,UTILITIES,2024-01-19 13:47:13,False,85298.21
TXN_00000913,CUST_0154,23.28,EUR,TRANSFER,TRAVEL,2024-01-19 14:22:54,False,50000.63
TXN_00009274,CUST_0155,679.04,USD,PURCHASE,TRAVEL,2024-01-19 15:02:33,False,54782.08
TXN_00000471,CUST_0153,89.51,EUR,PURCHASE,HEALTHCARE,2024-01-19 15:05:33,False,12492.45
TXN_00009329,CUST_0161,5287.02,USD,PURCHASE,DINING,2024-01-19 15:40:39,False,3951.48
TXN_00005545,CUST_0066,793.32,EUR,WITHDRAWAL,GROCERY,2024-01-19 16:38:22,False,76171.3
TXN_00007511,CUST_0141,2362.75,GBP,WITHDRAWAL,ELECTRONICS,2024-01-19 17:12:16,False,43692.45
TXN_00000608,CUST_0167,6.79,EUR,PURCHASE,ELECTRONICS,2024-01-19 17:36:46,False,97225.22
TXN_00000277,CUST_0061,21.49,EUR,PURCHASE,ELECTRONICS,2024-01-19 18:17:00,False,44880.72
TXN_00009532,CUST_0043,49.64,USD,TRANSFER,DINING,2024-01-19 19:49:04,False,12443.17
TXN_00001120,CUST_0090,320.55,EUR,TRANSFER,TRAVEL,2024-01-19 20:42:24,False,84223.33
TXN_00001059,CUST_0110,244.92,EUR,PURCHASE,UTILITIES,2024-01-19 21:02:09,False,99569.83
TXN_00006280,CUST_0083,503.45,EUR,PURCHASE,HEALTHCARE,2024-01-19 22:57:24,False,36304.53
TXN_00003577,CUST_0056,651.1,USD,PURCHASE,UTILITIES,2024-01-20 01:57:08,False,24450.02
TXN_00008434,CUST_0159,425.13,USD,PURCHASE,UTILITIES,2024-01-20 06:45:49,False,10261.75
TXN_00003117,CUST_0028,69.88,EUR,PURCHASE,ELECTRONICS,2024-01-20 07:48:48,False,58322.41
TXN_00006326,CUST_0097,65.78,EUR,TRANSFER,DINING,2024-01-20 08:18:59,True,46782.11
TXN_00000548,CUST_0179,2287.02,EUR,PURCHASE,UTILITIES,2024-01-20 09:05:31,False,75162.65
TXN_00009779,CUST_0038,488.7,EUR,PURCHASE,HEALTHCARE,2024-01-20 09:55:51,False,54462.63
TXN_00000806,CUST_0151,1186.83,EUR,PURCHASE,UTILITIES,2024-01-20 10:05:16,False,16548.27
TXN_00004890,CUST_0137,9873.73,EUR,TRANSFER,TRAVEL,2024-01-20 12:11:55,False,15062.54
TXN_00001807,CUST_0028,317.13,EUR,PURCHASE,ELECTRONICS,2024-01-20 12:56:33,False,83272.76
TXN_00002242,CUST_0044,963.77,EUR,TRANSFER,ELECTRONICS,2024-01-20 13:00:03,False,74251.72
TXN_00008039,CUST_0117,1882.51,GBP,TRANSFER,TRAVEL,2024-01-20 13:49:05,False,64284.41
TXN_00009729,CUST_0051,966.61,EUR,PURCHASE,DINING,2024-01-20 15:05:35,False,79630.39
TXN_00004313,CUST_0033,63.27,EUR,WITHDRAWAL,UTILITIES,2024-01-20 15:12:26,False,90324.85
TXN_00007984,CUST_0131,39.32,GBP,WITHDRAWAL,UTILITIES,2024-01-20 15:22:09,False,32919.29
TXN_00006225,CUST_0176,80.38,EUR,TRANSFER,ELECTRONICS,2024-01-20 15:32:14,False,921.35
TXN_00001254,CUST_0089,1531.56,EUR,PURCHASE,DINING,2024-01-20 16:49:17,False,51905.09
TXN_00000295,CUST_0008,671.18,EUR,PURCHASE,ELECTRONICS,2024-01-20 17:04:36,False,93879.64
TXN_00002975,CUST_0010,317.92,USD,PURCHASE,DINING,2024-01-20 17:08:58,False,8203.16
TXN_00008983,CUST_0076,360.77,EUR,TRANSFER,HEALTHCARE,2024-01-20 17:34:32,False,33046.1
TXN_00006067,CUST_0104,143.93,USD,TRANSFER,DINING,2024-01-20 21:43:51,False,78449.11
TXN_00009069,CUST_0124,4460.46,GBP,PURCHASE,DINING,2024-01-21 03:53:37,False,16565.01
TXN_00001828,CUST_0039,16.74,EUR,PURCHASE,GROCERY,2024-01-21 06:01:26,False,50968.44
TXN_00007051,CUST_0124,123.65,EUR,PURCHASE,GROCERY,2024-01-21 06:53:46,False,88783.12
TXN_00001883,CUST_0052,-105.96,EUR,REFUND,GROCERY,2024-01-21 07:35:43,False,79997.76
TXN_00000837,CUST_0093,638.7,EUR,PURCHASE,GROCERY,2024-01-21 08:18:52,True,51795.36
TXN_00004273,CUST_0047,735.03,EUR,TRANSFER,TRAVEL,2024-01-21 08:43:43,False,55836.38
TXN_00009266,CUST_0022,2236.82,EUR,PURCHASE,HEALTHCARE,2024-01-21 08:55:51,False,91018.8
TXN_00004864,CUST_0005,2619.38,GBP,PURCHASE,TRAVEL,2024-01-21 09:22:57,False,18742.37
TXN_00000688,CUST_0067,1549.74,EUR,TRANSFER,UTILITIES,2024-01-21 09:27:37,False,16653.06
TXN_00009583,CUST_0021,75.4,EUR,PURCHASE,GROCERY,2024-01-21 10:29:55,False,70862.5
TXN_00007372,CUST_0107,-44.89,EUR,REFUND,TRAVEL,2024-01-21 12:09:21,False,70171.61
TXN_00002813,CUST_0081,988.75,EUR,PURCHASE,,2024-01-21 12:30:20,False,64969.93
TXN_00004255,CUST_0096,18.24,GBP,PURCHASE,TRAVEL,2024-01-21 12:36:14,False,64151.16
TXN_00008304,CUST_0060,37.05,GBP,PURCHASE,HEALTHCARE,2024-01-21 13:12:00,False,23743.55
TXN_00009916,CUST_0159,644.78,EUR,TRANSFER,TRAVEL,2024-01-21 13:18:31,False,21122.63
TXN_00003134,CUST_0101,56.33,EUR,PURCHASE,,2024-01-21 13:35:00,False,97075.62
TXN_00000796,CUST_0092,13.66,EUR,WITHDRAWAL,TRAVEL,2024-01-21 13:50:00,False,98165.75
TXN_00002602,CUST_0057,7144.19,EUR,PURCHASE,HEALTHCARE,2024-01-21 13:50:18,False,3727.95
TXN_00001967,CUST_0037,-40.84,EUR,REFUND,GROCERY,2024-01-21 13:57:04,False,80352.52
TXN_00003676,CUST_0039,-84.66,EUR,REFUND,HEALTHCARE,2024-01-21 14:08:00,False,55210.52
TXN_00004159,CUST_0164,413.47,EUR,TRANSFER,TRAVEL,2024-01-21 14:38:23,False,8555.86
TXN_00005386,CUST_0051,670.07,GBP,PURCHASE,GROCERY,2024-01-21 14:54:57,False,33244.61
TXN_00008067,CUST_0065,661.93,EUR,WITHDRAWAL,ELECTRONICS,2024-01-21 15:20:28,False,19867.9
TXN_00006179,CUST_0061,67.18,EUR,TRANSFER,UTILITIES,2024-01-21 16:04:06,False,34920.47
TXN_00001746,CUST_0121,139.14,GBP,PURCHASE,ELECTRONICS,2024-01-21 16:04:55,False,3041.94
TXN_00007296,CUST_0168,96.0,EUR,PURCHASE,TRAVEL,2024-01-21 16:16:56,False,75354.24
TXN_00000483,CUST_0035,10.7,EUR,TRANSFER,UTILITIES,2024-01-21 16:22:42,False,31237.23
TXN_00003023,CUST_0060,440.62,EUR,PURCHASE,ELECTRONICS,2024-01-21 16:23:37,False,17525.82
TXN_00000734,CUST_0024,322.11,EUR,PURCHASE,GROCERY,2024-01-21 17:28:50,False,65137.96
TXN_00003801,CUST_0016,802.69,USD,TRANSFER,ELECTRONICS,2024-01-21 17:47:42,True,28022.44
TXN_00006760,CUST_0097,55.12,EUR,TRANSFER,HEALTHCARE,2024-01-21 19:47:52,False,92158.86
TXN_00006969,CUST_0067,1133.16,USD,PURCHASE,DINING,2024-01-22 04:17:48,False,88217.74
TXN_00005388,CUST_0145,191.81,EUR,PURCHASE,DINING,2024-01-22 07:10:46,False,59967.67
TXN_00002764,CUST_0153,288.02,USD,PURCHASE,ELECTRONICS,2024-01-22 09:06:44,False,88856.46
TXN_00009755,CUST_0180,840.77,EUR,PURCHASE,ELECTRONICS,2024-01-22 09:32:25,False,60665.68
TXN_00001928,CUST_0178,-427.97,EUR,REFUND,TRAVEL,2024-01-22 10:17:49,False,61379.81
TXN_00002954,CUST_0172,599.48,EUR,PURCHASE,ELECTRONICS,2024-01-22 10:50:21,False,22421.56
TXN_00006298,CUST_0186,52.62,USD,PURCHASE,DINING,2024-01-22 11:18:04,False,33564.77
TXN_00007277,CUST_0102,606.53,EUR,PURCHASE,TRAVEL,2024-01-22 13:24:00,False,71223.4
TXN_00006668,CUST_0126,5898.58,USD,PURCHASE,DINING,2024-01-22 15:30:00,False,14541.01
TXN_00008300,CUST_0017,227.64,EUR,PURCHASE,DINING,2024-01-22 15:31:32,False,9443.56
TXN_00003625,CUST_0141,3337.32,USD,WITHDRAWAL,DINING,2024-01-22 15:42:18,False,16604.85
TXN_00001797,CUST_0074,20.06,EUR,PURCHASE,HEALTHCARE,2024-01-22 15:46:42,False,50101.74
TXN_00007235,CUST_0093,487.03,GBP,PURCHASE,DINING,2024-01-22 16:25:28,False,78438.52
TXN_00002171,CUST_0177,19.0,GBP,TRANSFER,UTILITIES,2024-01-22 16:40:23,False,9087.57
TXN_00005579,CUST_0080,1513.14,EUR,WITHDRAWAL,TRAVEL,2024-01-22 16:43:31,False,90091.62
TXN_00008481,CUST_0117,814.93,EUR,TRANSFER,HEALTHCARE,2024-01-22 17:09:51,False,70879.09
TXN_00004755,CUST_0059,664.56,EUR,PURCHASE,ELECTRONICS,2024-01-22 17:13:56,False,28382.76
TXN_00002083,CUST_0030,2151.85,USD,PURCHASE,TRAVEL,2024-01-22 17:28:10,False,18301.75
TXN_00008686,CUST_0176,12.31,EUR,TRANSFER,DINING,2024-01-22 17:46:20,False,7170.36
TXN_00000818,CUST_0012,73.49,GBP,PURCHASE,HEALTHCARE,2024-01-22 17:53:09,False,42283.26
TXN_00005553,CUST_0068,178.95,EUR,TRANSFER,HEALTHCARE,2024-01-22 22:16:19,False,62765.87
TXN_00007970,CUST_0134,255.97,EUR,TRANSFER,GROCERY,2024-01-23 03:58:28,False,76114.99
TXN_00003530,CUST_0181,260.31,EUR,TRANSFER,GROCERY,2024-01-23 06:23:28,False,39309.73
TXN_00006062,CUST_0115,42.12,EUR,PURCHASE,UTILITIES,2024-01-23 07:12:33,False,76884.75
TXN_00003345,CUST_0020,69.45,USD,WITHDRAWAL,UTILITIES,2024-01-23 07:40:34,False,65286.62
TXN_00002886,CUST_0118,514.59,EUR,TRANSFER,HEALTHCARE,2024-01-23 09:50:11,False,34891.02
TXN_00003611,CUST_0146,194.17,EUR,WITHDRAWAL,DINING,2024-01-23 10:41:32,False,52752.62
TXN_00005749,CUST_0069,268.06,EUR,PURCHASE,HEALTHCARE,2024-01-23 11:42:02,False,93381.02
TXN_00008721,CUST_0039,252.58,EUR,PURCHASE,ELECTRONICS,2024-01-23 12:30:32,False,82601.1
TXN_00005246,CUST_0086,406.19,EUR,PURCHASE,DINING,2024-01-23 12:36:51,False,97860.79
TXN_00000111,CUST_0181,234.38,USD,PURCHASE,HEALTHCARE,2024-01-23 12:57:09,False,29239.19
TXN_00002516,CUST_0167,46.85,GBP,PURCHASE,GROCERY,2024-01-23 13:09:24,False,66473.21
TXN_00003374,CUST_0063,-24.68,USD,REFUND,TRAVEL,2024-01-23 13:34:39,False,27351.85
TXN_00007801,CUST_0172,166.89,GBP,PURCHASE,GROCERY,2024-01-23 14:10:52,False,19548.97
TXN_00000839,CUST_0142,113.35,GBP,PURCHASE,TRAVEL,2024-01-23 14:31:09,False,80150.34
TXN_00003664,CUST_0174,91.41,EUR,PURCHASE,UTILITIES,2024-01-23 14:40:11,False,99089.22
TXN_00000254,CUST_0032,209.05,USD,WITHDRAWAL,GROCERY,2024-01-23 15:11:25,False,37775.31
TXN_00002136,CUST_0116,291.02,EUR,PURCHASE,ELECTRONICS,2024-01-23 15:23:15,False,80572.59
TXN_00001583,CUST_0099,1228.17,USD,PURCHASE,TRAVEL,2024-01-23 15:25:12,False,62983.47
TXN_00005698,CUST_0170,2441.43,EUR,PURCHASE,DINING,2024-01-23 16:04:48,False,23020.78
TXN_00003416,CUST_0037,49.87,USD,WITHDRAWAL,GROCERY,2024-01-23 18:13:13,False,34817.67
TXN_00009671,CUST_0048,-146.71,EUR,REFUND,ELECTRONICS,2024-01-23 18:25:34,False,4248.5
TXN_00009552,CUST_0198,10.24,EUR,PURCHASE,TRAVEL,2024-01-23 20:55:52,False,57576.14
TXN_00008546,CUST_0143,75.81,EUR,PURCHASE,UTILITIES,2024-01-23 21:09:33,False,15201.27
TXN_00009087,CUST_0079,3124.8,EUR,PURCHASE,TRAVEL,2024-01-24 05:38:54,False,15553.03
TXN_00003032,CUST_0028,152.95,EUR,TRANSFER,GROCERY,2024-01-24 09:25:14,False,37906.82
TXN_00007951,CUST_0176,591.99,EUR,PURCHASE,TRAVEL,2024-01-24 09:34:27,False,41409.06
TXN_00004916,CUST_0088,1169.9,EUR,PURCHASE,UTILITIES,2024-01-24 09:37:11,False,6731.62
TXN_00000857,CUST_0020,418.95,EUR,PURCHASE,UTILITIES,2024-01-24 09:43:10,False,69689.21
TXN_00000619,CUST_0135,-255.87,EUR,REFUND,DINING,2024-01-24 09:53:34,False,99349.56
TXN_00006660,CUST_0192,2107.67,EUR,PURCHASE,ELECTRONICS,2024-01-24 09:58:23,False,76484.61
TXN_00009354,CUST_0080,32.46,USD,PURCHASE,GROCERY,2024-01-24 10:54:25,False,13010.85
TXN_00007502,CUST_0173,181.63,EUR,PURCHASE,UTILITIES,2024-01-24 11:01:05,False,2188.36
TXN_00007589,CUST_0165,283.28,EUR,PURCHASE,GROCERY,2024-01-24 11:07:43,False,76914.39
TXN_00004860,CUST_0056,292.68,USD,PURCHASE,GROCERY,2024-01-24 11:11:21,False,38394.7
TXN_00008894,CUST_0042,313.22,EUR,PURCHASE,GROCERY,2024-01-24 11:31:29,False,35655.59
TXN_00006702,CUST_0182,1338.52,GBP,PURCHASE,TRAVEL,2024-01-24 11:39:45,False,33307.01
TXN_00009698,CUST_0150,30.9,USD,PURCHASE,DINING,2024-01-24 12:26:09,False,19943.65
TXN_00004937,CUST_0069,3228.08,EUR,PURCHASE,TRAVEL,2024-01-24 12:26:48,False,56856.75
TXN_00006919,CUST_0196,1234.14,USD,WITHDRAWAL,ELECTRONICS,2024-01-24 13:36:13,False,48708.92
TXN_00009444,CUST_0021,13781.89,EUR,WITHDRAWAL,GROCERY,2024-01-24 13:42:38,False,41038.07
TXN_00003930,CUST_0103,69.04,EUR,TRANSFER,HEALTHCARE,2024-01-24 14:43:41,False,1290.48
TXN_00003701,CUST_0040,159.86,EUR,TRANSFER,ELECTRONICS,2024-01-24 14:46:17,False,74684.04
TXN_00009011,CUST_0040,333.72,EUR,PURCHASE,TRAVEL,2024-01-24 16:07:47,False,77864.18
TXN_00007285,CUST_0187,171.34,EUR,PURCHASE,GROCERY,2024-01-24 16:37:25,False,12424.55
TXN_00008295,CUST_0104,7400.0,EUR,PURCHASE,DINING,2024-01-24 16:59:28,False,63958.13
TXN_00003987,CUST_0131,1644.54,EUR,WITHDRAWAL,HEALTHCARE,2024-01-24 17:01:34,False,69826.9
TXN_00002914,CUST_0143,83.86,EUR,PURCHASE,ELECTRONICS,2024-01-24 17:44:05,False,55356.69
TXN_00009941,CUST_0134,39.92,EUR,PURCHASE,TRAVEL,2024-01-24 18:28:42,False,3323.78
TXN_00000401,CUST_0143,62.03,EUR,TRANSFER,DINING,2024-01-24 18:59:57,False,56989.22
TXN_00006428,CUST_0061,407.63,GBP,PURCHASE,,2024-01-24 19:24:07,False,12859.13
TXN_00002319,CUST_0087,30.01,USD,PURCHASE,ELECTRONICS,2024-01-25 06:11:20,False,56985.54
TXN_00001473,CUST_0011,67.72,GBP,PURCHASE,UTILITIES,2024-01-25 06:57:49,False,25551.2
TXN_00001481,CUST_0122,242.55,EUR,PURCHASE,UTILITIES,2024-01-25 07:15:53,False,53459.92
TXN_00008374,CUST_0180,418.1,EUR,PURCHASE,DINING,2024-01-25 07:51:10,False,24818.5
TXN_00003364,CUST_0198,210.16,EUR,TRANSFER,HEALTHCARE,2024-01-25 08:08:12,False,57373.68
TXN_00003880,CUST_0193,-286.98,EUR,REFUND,GROCERY,2024-01-25 08:26:59,False,23514.07
TXN_00000544,CUST_0172,364.1,USD,PURCHASE,DINING,2024-01-25 09:20:33,True,59453.2
TXN_00008926,CUST_0174,2526.3,USD,PURCHASE,HEALTHCARE,2024-01-25 10:26:26,False,97776.97
TXN_00008211,CUST_0023,7.36,USD,PURCHASE,UTILITIES,2024-01-25 10:27:36,False,82368.99
TXN_00003122,CUST_0036,107.81,EUR,PURCHASE,DINING,2024-01-25 10:27:47,False,11022.06
TXN_00008556,CUST_0184,459.3,EUR,WITHDRAWAL,TRAVEL,2024-01-25 10:37:52,False,18063.81
TXN_00009122,CUST_0178,57.55,USD,TRANSFER,DINING,2024-01-25 11:02:18,False,16197.83
TXN_00007673,CUST_0094,94.83,USD,PURCHASE,GROCERY,2024-01-25 11:16:36,False,23534.17
TXN_00001422,CUST_0043,382.01,EUR,PURCHASE,DINING,2024-01-25 11:58:15,False,94495.39
TXN_00002006,CUST_0169,-36.74,EUR,REFUND,TRAVEL,2024-01-25 12:45:17,False,69254.35
TXN_00004679,CUST_0113,-121.53,EUR,REFUND,TRAVEL,2024-01-25 13:10:55,False,41472.31
TXN_00006755,CUST_0034,67.31,EUR,PURCHASE,HEALTHCARE,2024-01-25 13:48:44,False,38517.61
TXN_00003937,CUST_0041,8075.42,GBP,PURCHASE,TRAVEL,2024-01-25 14:03:29,False,52979.41
TXN_00000545,CUST_0072,257.0,GBP,PURCHASE,TRAVEL,2024-01-25 14:14:03,False,28510.6
TXN_00009788,CUST_0142,333.62,USD,PURCHASE,UTILITIES,2024-01-25 14:15:26,False,39196.81
TXN_00001219,CUST_0122,560.46,EUR,PURCHASE,ELECTRONICS,2024-01-25 14:33:02,False,24919.23
TXN_00008870,CUST_0009,27.27,EUR,TRANSFER,GROCERY,2024-01-25 14:52:47,False,985.43
TXN_00001119,CUST_0058,3477.23,EUR,TRANSFER,UTILITIES,2024-01-25 15:03:28,False,84488.5
TXN_00007137,CUST_0000,2468.05,EUR,PURCHASE,DINING,2024-01-25 15:16:45,False,53704.76
TXN_00003099,CUST_0164,263.9,EUR,PURCHASE,TRAVEL,2024-01-25 15:37:20,False,57273.56
TXN_00001069,CUST_0188,3508.48,EUR,PURCHASE,UTILITIES,2024-01-25 16:53:27,False,21560.29
TXN_00007292,CUST_0134,95.64,USD,PURCHASE,ELECTRONICS,2024-01-25 17:43:37,False,67858.83
TXN_00002814,CUST_0136,15.22,EUR,WITHDRAWAL,DINING,2024-01-25 18:56:41,False,26615.22
TXN_00007125,CUST_0146,17482.3,EUR,PURCHASE,HEALTHCARE,2024-01-25 20:38:36,False,57561.1
TXN_00001969,CUST_0057,1022.58,EUR,PURCHASE,,2024-01-25 21:01:56,False,75447.95
TXN_00004139,CUST_0084,29.24,GBP,PURCHASE,UTILITIES,2024-01-26 02:53:41,False,44451.98
TXN_00001616,CUST_0071,333.18,EUR,TRANSFER,,2024-01-26 05:27:48,False,49751.75
TXN_00007734,CUST_0046,637.77,GBP,WITHDRAWAL,DINING,2024-01-26 06:56:29,False,15924.85
TXN_00001970,CUST_0102,134.94,EUR,PURCHASE,GROCERY,2024-01-26 08:32:00,False,16786.93
TXN_00000897,CUST_0053,51.72,GBP,WITHDRAWAL,ELECTRONICS,2024-01-26 09:24:09,False,69811.49
TXN_00008013,CUST_0055,2250.76,EUR,PURCHASE,UTILITIES,2024-01-26 10:06:14,False,97068.07
TXN_00005867,CUST_0068,761.42,USD,TRANSFER,HEALTHCARE,2024-01-26 10:13:31,False,29763.3
TXN_00006490,CUST_0099,246.97,EUR,PURCHASE,TRAVEL,2024-01-26 10:23:38,False,79145.55
TXN_00006598,CUST_0093,524.77,EUR,WITHDRAWAL,UTILITIES,2024-01-26 10:26:10,False,31249.54
TXN_00006881,CUST_0183,570.01,EUR,TRANSFER,HEALTHCARE,2024-01-26 10:46:30,False,70091.6
TXN_00000389,CUST_0133,10.86,EUR,PURCHASE,DINING,2024-01-26 11:33:45,False,43727.78
TXN_00008518,CUST_0183,296.74,EUR,TRANSFER,TRAVEL,2024-01-26 11:59:20,False,44728.52
TXN_00001628,CUST_0019,195.25,EUR,PURCHASE,ELECTRONICS,2024-01-26 12:02:51,False,13276.91
TXN_00007860,CUST_0134,84.55,EUR,PURCHASE,UTILITIES,2024-01-26 12:15:06,False,29460.3
TXN_00005331,CUST_0015,51.76,EUR,TRANSFER,DINING,2024-01-26 12:59:02,False,65913.6
TXN_00004300,CUST_0146,7443.97,EUR,TRANSFER,HEALTHCARE,2024-01-26 13:02:53,False,80518.72
TXN_00008280,CUST_0157,839.8,EUR,PURCHASE,ELECTRONICS,2024-01-26 13:03:51,False,92978.0
TXN_00002861,CUST_0142,216.11,EUR,PURCHASE,DINING,2024-01-26 13:09:46,False,50363.38
TXN_00003817,CUST_0029,47.58,EUR,WITHDRAWAL,HEALTHCARE,2024-01-26 13:24:35,False,86794.01
TXN_00000197,CUST_0149,55.76,EUR,PURCHASE,HEALTHCARE,2024-01-26 13:35:00,False,63577.67
TXN_00008210,CUST_0073,149.98,EUR,PURCHASE,DINING,2024-01-26 13:43:19,False,24428.21
TXN_00001253,CUST_0049,395.54,GBP,PURCHASE,UTILITIES,2024-01-26 13:46:04,False,62103.88
TXN_00003477,CUST_0148,100.19,EUR,TRANSFER,DINING,2024-01-26 13:48:44,False,40921.91
TXN_00000497,CUST_0194,21.01,GBP,PURCHASE,DINING,2024-01-26 14:08:14,False,86251.88
TXN_00008032,CUST_0181,834.05,USD,PURCHASE,GROCERY,2024-01-26 14:09:56,False,14564.79
TXN_00002984,CUST_0110,222.96,GBP,PURCHASE,UTILITIES,2024-01-26 14:19:41,False,57982.05
TXN_00005722,CUST_0197,106.78,GBP,PURCHASE,GROCERY,2024-01-26 15:10:41,False,33482.57
TXN_00002201,CUST_0192,93.09,USD,PURCHASE,UTILITIES,2024-01-26 15:50:00,False,2314.19
TXN_00000220,CUST_0121,1651.84,EUR,TRANSFER,TRAVEL,2024-01-26 16:05:25,False,52262.59
TXN_00004301,CUST_0046,153.87,USD,PURCHASE,UTILITIES,2024-01-26 16:18:43,False,9371.65
TXN_00009247,CUST_0158,269.77,EUR,TRANSFER,TRAVEL,2024-01-26 17:10:33,False,41305.75
TXN_00000327,CUST_0182,472.28,EUR,PURCHASE,TRAVEL,2024-01-26 17:46:31,False,9228.3
TXN_00009594,CUST_0019,196.19,USD,TRANSFER,TRAVEL,2024-01-26 17:59:26,False,60901.72
TXN_00007414,CUST_0059,499.76,EUR,TRANSFER,ELECTRONICS,2024-01-26 18:04:32,False,81271.74
TXN_00001839,CUST_0114,86.51,EUR,TRANSFER,TRAVEL,2024-01-26 18:07:04,False,60064.54
TXN_00002990,CUST_0009,1119.62,USD,WITHDRAWAL,UTILITIES,2024-01-26 18:54:42,False,72764.6
TXN_00002812,CUST_0135,966.25,EUR,PURCHASE,DINING,2024-01-26 20:26:03,True,67849.96
TXN_00000087,CUST_0052,33.22,EUR,PURCHASE,ELECTRONICS,2024-01-26 20:34:49,False,42503.62
TXN_00000672,CUST_0033,129.48,EUR,WITHDRAWAL,ELECTRONICS,2024-01-26 20:55:02,False,96446.11
TXN_00001936,CUST_0181,314.61,EUR,WITHDRAWAL,UTILITIES,2024-01-26 21:21:50,False,58959.96
TXN_00009658,CUST_0049,85.17,EUR,TRANSFER,ELECTRONICS,2024-01-26 21:41:29,False,78706.87
TXN_00004455,CUST_0190,8064.23,EUR,TRANSFER,GROCERY,2024-01-26 22:27:03,False,81319.53
TXN_00006308,CUST_0091,100.53,EUR,TRANSFER,GROCERY,2024-01-27 04:55:47,False,7997.08
TXN_00006446,CUST_0092,437.08,EUR,TRANSFER,GROCERY,2024-01-27 05:28:30,False,84164.46
TXN_00003492,CUST_0096,34.49,USD,PURCHASE,DINING,2024-01-27 05:39:34,False,50349.33
TXN_00001111,CUST_0117,17.63,USD,PURCHASE,UTILITIES,2024-01-27 06:19:11,False,37295.8
TXN_00001726,CUST_0040,8348.73,EUR,PURCHASE,,2024-01-27 06:43:29,False,34536.57
TXN_00009102,CUST_0139,517.21,EUR,TRANSFER,TRAVEL,2024-01-27 07:38:31,False,14253.91
TXN_00009408,CUST_0065,2625.3,EUR,PURCHASE,TRAVEL,2024-01-27 07:56:52,False,44766.33
TXN_00004751,CUST_0191,432.86,EUR,TRANSFER,HEALTHCARE,2024-01-27 08:22:46,False,73351.96
TXN_00003349,CUST_0107,1855.11,EUR,PURCHASE,ELECTRONICS,2024-01-27 09:01:32,False,4338.01
TXN_00005715,CUST_0025,169.4,EUR,PURCHASE,TRAVEL,2024-01-27 09:13:01,False,68107.41
TXN_00005123,CUST_0044,51.06,EUR,PURCHASE,HEALTHCARE,2024-01-27 10:01:57,False,99475.73
TXN_00000393,CUST_0004,987.89,EUR,PURCHASE,UTILITIES,2024-01-27 10:02:16,False,24296.36
TXN_00008271,CUST_0173,355.69,USD,PURCHASE,ELECTRONICS,2024-01-27 10:57:58,False,3959.87
TXN_00005156,CUST_0176,105.47,EUR,WITHDRAWAL,HEALTHCARE,2024-01-27 11:20:58,False,39939.02
TXN_00006786,CUST_0049,936.33,GBP,PURCHASE,HEALTHCARE,2024-01-27 11:24:07,False,29942.92
TXN_00004246,CUST_0102,57.96,EUR,TRANSFER,UTILITIES,2024-01-27 11:25:27,False,70848.67
TXN_00008006,CUST_0039,1895.98,EUR,TRANSFER,ELECTRONICS,2024-01-27 12:02:06,False,61110.06
TXN_00007257,CUST_0070,211.79,USD,PURCHASE,GROCERY,2024-01-27 12:08:35,False,70102.63
TXN_00000517,CUST_0152,65.61,EUR,PURCHASE,GROCERY,2024-01-27 12:31:20,False,7510.36
TXN_00009264,CUST_0047,129.59,USD,TRANSFER,ELECTRONICS,2024-01-27 12:38:17,False,95015.98
TXN_00005059,CUST_0074,123.1,EUR,PURCHASE,TRAVEL,2024-01-27 12:53:38,False,27995.3
TXN_00006629,CUST_0148,2682.05,EUR,WITHDRAWAL,DINING,2024-01-27 13:13:58,False,85021.61
TXN_00009957,CUST_0084,230.94,GBP,PURCHASE,GROCERY,2024-01-27 13:34:59,False,45549.83
TXN_00006769,CUST_0000,275.27,USD,TRANSFER,ELECTRONICS,2024-01-27 14:12:56,False,93049.77
TXN_00009276,CUST_0185,347.63,USD,PURCHASE,DINING,2024-01-27 15:09:00,False,94503.22
TXN_00003084,CUST_0087,84.74,USD,PURCHASE,ELECTRONICS,2024-01-27 15:15:01,False,12866.61
TXN_00005570,CUST_0126,1113.63,EUR,WITHDRAWAL,DINING,2024-01-27 15:41:24,False,19011.43
TXN_00009399,CUST_0049,868.62,USD,PURCHASE,UTILITIES,2024-01-27 16:03:28,False,64246.44
TXN_00001532,CUST_0145,52.31,EUR,WITHDRAWAL,GROCERY,2024-01-27 17:07:14,True,34234.67
TXN_00003021,CUST_0051,143.79,EUR,PURCHASE,TRAVEL,2024-01-27 18:17:39,False,95676.92
TXN_00009314,CUST_0009,74.6,USD,WITHDRAWAL,GROCERY,2024-01-27 19:57:46,False,16689.64
TXN_00001388,CUST_0148,2.7,GBP,TRANSFER,TRAVEL,2024-01-28 05:24:53,False,10540.05
TXN_00004306,CUST_0001,63.26,EUR,WITHDRAWAL,ELECTRONICS,2024-01-28 05:55:56,False,69814.26
TXN_00002956,CUST_0065,101.82,EUR,PURCHASE,TRAVEL,2024-01-28 06:28:22,False,70509.39
TXN_00002928,CUST_0013,321.02,USD,PURCHASE,DINING,2024-01-28 07:34:12,False,12434.81
TXN_00000584,CUST_0052,512.19,EUR,PURCHASE,GROCERY,2024-01-28 08:04:29,False,14994.84
TXN_00001959,CUST_0184,168.08,EUR,WITHDRAWAL,ELECTRONICS,2024-01-28 08:44:16,False,50209.41
TXN_00001056,CUST_0109,56.94,USD,PURCHASE,GROCERY,2024-01-28 09:46:53,False,79611.78
TXN_00007090,CUST_0162,87.94,USD,PURCHASE,DINING,2024-01-28 10:56:22,False,95333.44
TXN_00008340,CUST_0183,655.05,GBP,PURCHASE,TRAVEL,2024-01-28 11:28:36,False,16497.32
TXN_00001715,CUST_0055,181.66,USD,PURCHASE,TRAVEL,2024-01-28 12:41:15,False,79619.84
TXN_00000023,CUST_0022,549.72,GBP,PURCHASE,HEALTHCARE,2024-01-28 13:06:08,False,1274.08
TXN_00007711,CUST_0052,24.01,EUR,TRANSFER,GROCERY,2024-01-28 13:58:02,False,11232.71
TXN_00001877,CUST_0035,211.15,EUR,TRANSFER,UTILITIES,2024-01-28 14:12:00,False,14718.31
TXN_00001210,CUST_0112,1202.14,EUR,TRANSFER,ELECTRONICS,2024-01-28 14:25:48,False,88219.72
TXN_00006508,CUST_0158,187.99,USD,TRANSFER,ELECTRONICS,2024-01-28 14:37:51,False,90381.18
TXN_00008392,CUST_0192,70.78,EUR,WITHDRAWAL,ELECTRONICS,2024-01-28 14:46:01,False,59085.6
TXN_00002447,CUST_0136,152.61,EUR,WITHDRAWAL,HEALTHCARE,2024-01-28 15:52:51,False,73007.32
TXN_00002228,CUST_0094,998.5,EUR,WITHDRAWAL,UTILITIES,2024-01-28 17:37:41,False,33280.59
TXN_00007809,CUST_0098,50.87,EUR,PURCHASE,GROCERY,2024-01-28 20:57:58,False,22110.59
TXN_00005411,CUST_0091,204.42,EUR,PURCHASE,TRAVEL,2024-01-28 23:06:39,False,90216.21
TXN_00003299,CUST_0151,73.22,EUR,PURCHASE,,2024-01-28 23:27:52,False,51839.92
TXN_00006591,CUST_0050,209.35,EUR,PURCHASE,UTILITIES,2024-01-29 04:15:28,False,50755.72
TXN_00007038,CUST_0181,495.68,EUR,PURCHASE,GROCERY,2024-01-29 06:29:44,False,10563.56
TXN_00007271,CUST_0183,78.99,EUR,PURCHASE,GROCERY,2024-01-29 08:09:26,False,51774.56
TXN_00003713,CUST_0192,85.92,EUR,PURCHASE,GROCERY,2024-01-29 09:58:44,False,82884.07
TXN_00007456,CUST_0111,45.32,EUR,PURCHASE,HEALTHCARE,2024-01-29 10:56:44,False,76295.03
TXN_00007612,CUST_0105,122.01,USD,WITHDRAWAL,HEALTHCARE,2024-01-29 11:09:58,False,90100.57
TXN_00001904,CUST_0127,90.01,EUR,WITHDRAWAL,UTILITIES,2024-01-29 11:29:08,False,44825.08
TXN_00006606,CUST_0012,252.69,EUR,TRANSFER,HEALTHCARE,2024-01-29 11:36:09,False,99468.4
TXN_00008523,CUST_0054,81.29,USD,PURCHASE,GROCERY,2024-01-29 11:47:18,False,33546.8
TXN_00001982,CUST_0093,58.67,USD,PURCHASE,DINING,2024-01-29 11:48:32,False,78469.97
TXN_00005047,CUST_0129,977.2,EUR,PURCHASE,HEALTHCARE,2024-01-29 12:34:17,False,86726.4
TXN_00002643,CUST_0119,1403.24,EUR,WITHDRAWAL,TRAVEL,2024-01-29 12:40:51,False,3925.97
TXN_00009008,CUST_0048,420.44,EUR,PURCHASE,HEALTHCARE,2024-01-29 13:11:27,False,48787.39
TXN_00005948,CUST_0108,1002.24,GBP,PURCHASE,GROCERY,2024-01-29 13:46:35,False,92949.62
TXN_00005818,CUST_0172,25.51,EUR,WITHDRAWAL,UTILITIES,2024-01-29 13:53:25,True,21052.21
TXN_00000387,CUST_0181,143.07,EUR,PURCHASE,UTILITIES,2024-01-29 14:10:32,False,20937.06
TXN_00002513,CUST_0053,70.79,EUR,PURCHASE,GROCERY,2024-01-29 14:38:26,False,11862.94
TXN_00005419,CUST_0154,474.04,EUR,TRANSFER,HEALTHCARE,2024-01-29 14:59:02,False,60740.57
TXN_00004740,CUST_0114,360.28,USD,PURCHASE,GROCERY,2024-01-29 15:50:47,False,37830.32
TXN_00000878,CUST_0192,1310.63,EUR,TRANSFER,UTILITIES,2024-01-29 15:59:25,False,54869.75
TXN_00001389,CUST_0077,99.05,GBP,TRANSFER,,2024-01-29 16:18:32,False,32989.79
TXN_00006238,CUST_0155,20.96,EUR,PURCHASE,UTILITIES,2024-01-29 16:43:04,False,8721.9
TXN_00006018,CUST_0165,175.47,EUR,PURCHASE,UTILITIES,2024-01-29 16:43:44,False,35069.24
TXN_00005978,CUST_0034,891.03,EUR,PURCHASE,TRAVEL,2024-01-29 16:43:53,False,45084.43
TXN_00002844,CUST_0128,-7.92,USD,REFUND,UTILITIES,2024-01-29 17:51:59,False,67698.15
TXN_00008986,CUST_0107,1755.62,EUR,PURCHASE,UTILITIES,2024-01-29 18:05:15,False,70951.08
TXN_00001068,CUST_0026,131.9,USD,PURCHASE,DINING,2024-01-29 18:59:15,False,70162.73
TXN_00008854,CUST_0034,487.5,EUR,PURCHASE,HEALTHCARE,2024-01-29 20:19:45,False,82843.77
TXN_00000303,CUST_0130,469.58,EUR,PURCHASE,DINING,2024-01-29 20:44:33,False,78030.44
TXN_00006746,CUST_0144,304.41,EUR,PURCHASE,TRAVEL,2024-01-30 08:55:09,False,76205.61
TXN_00005669,CUST_0065,223.8,EUR,WITHDRAWAL,HEALTHCARE,2024-01-30 09:06:09,False,70369.35
TXN_00003722,CUST_0099,65.11,EUR,PURCHASE,DINING,2024-01-30 09:43:58,False,68596.16
TXN_00005464,CUST_0163,480.14,EUR,PURCHASE,UTILITIES,2024-01-30 09:51:35,False,3869.82
TXN_00001676,CUST_0052,-215.02,GBP,REFUND,ELECTRONICS,2024-01-30 09:51:48,False,1053.93
TXN_00007394,CUST_0102,93.72,EUR,PURCHASE,GROCERY,2024-01-30 11:38:21,False,99975.55
TXN_00007807,CUST_0033,220.2,EUR,PURCHASE,TRAVEL,2024-01-30 12:12:39,False,92815.81
TXN_00008189,CUST_0107,97.31,EUR,PURCHASE,HEALTHCARE,2024-01-30 12:25:37,False,67359.26
TXN_00009854,CUST_0087,80.82,EUR,PURCHASE,DINING,2024-01-30 12:34:21,False,26284.85
TXN_00001903,CUST_0184,20.42,USD,TRANSFER,UTILITIES,2024-01-30 12:49:11,False,6604.5
TXN_00007056,CUST_0063,281.96,EUR,PURCHASE,GROCERY,2024-01-30 12:56:30,False,58832.6
TXN_00009751,CUST_0141,-479.89,EUR,REFUND,TRAVEL,2024-01-30 13:35:48,False,12611.12
TXN_00000786,CUST_0075,668.85,USD,PURCHASE,UTILITIES,2024-01-30 13:36:41,False,26657.26
TXN_00005289,CUST_0187,42.79,EUR,PURCHASE,ELECTRONICS,2024-01-30 13:39:45,False,18160.48
TXN_00003919,CUST_0022,119.71,EUR,TRANSFER,HEALTHCARE,2024-01-30 14:25:19,False,97236.64
TXN_00008733,CUST_0069,808.6,EUR,PURCHASE,HEALTHCARE,2024-01-30 14:59:38,False,93241.44
TXN_00003831,CUST_0191,1118.43,GBP,PURCHASE,HEALTHCARE,2024-01-30 15:25:06,False,87786.81
TXN_00003725,CUST_0164,27.76,EUR,TRANSFER,ELECTRONICS,2024-01-30 15:38:46,False,35130.17
TXN_00003837,CUST_0152,1489.4,EUR,PURCHASE,GROCERY,2024-01-30 16:14:05,False,6148.9
TXN_00001285,CUST_0161,13.01,GBP,PURCHASE,GROCERY,2024-01-30 16:24:27,False,68890.53
TXN_00004359,CUST_0189,-40.31,USD,REFUND,UTILITIES,2024-01-30 17:08:26,False,63972.99
TXN_00000956,CUST_0113,216.84,EUR,PURCHASE,TRAVEL,2024-01-30 17:26:50,False,44516.83
TXN_00007391,CUST_0092,182.47,GBP,TRANSFER,UTILITIES,2024-01-30 18:26:25,False,90160.21
TXN_00004620,CUST_0046,573.78,GBP,WITHDRAWAL,DINING,2024-01-30 18:41:57,False,47436.68
TXN_00003609,CUST_0111,731.98,EUR,WITHDRAWAL,ELECTRONICS,2024-01-30 21:17:30,False,10709.34
TXN_00006275,CUST_0135,181.44,EUR,TRANSFER,HEALTHCARE,2024-01-31 04:37:55,False,72478.13
TXN_00008939,CUST_0048,218.95,EUR,PURCHASE,ELECTRONICS,2024-01-31 06:02:23,False,25918.86
TXN_00003704,CUST_0057,357.16,EUR,TRANSFER,,2024-01-31 06:28:27,False,64760.57
TXN_00009091,CUST_0029,449.38,EUR,PURCHASE,UTILITIES,2024-01-31 07:00:39,False,11671.05
TXN_00002749,CUST_0000,900.59,EUR,PURCHASE,GROCERY,2024-01-31 07:47:46,False,1843.83
TXN_00000782,CUST_0057,-235.42,EUR,REFUND,ELECTRONICS,2024-01-31 09:04:29,False,82121.21
TXN_00004176,CUST_0175,332.77,EUR,PURCHASE,GROCERY,2024-01-31 10:01:11,False,18877.27
TXN_00005460,CUST_0184,146.8,EUR,PURCHASE,DINING,2024-01-31 10:02:11,False,95892.33
TXN_00006582,CUST_0149,4363.15,EUR,PURCHASE,ELECTRONICS,2024-01-31 10:15:50,False,11083.95
TXN_00005004,CUST_0061,158.8,EUR,PURCHASE,GROCERY,2024-01-31 10:19:43,False,50119.47
TXN_00005190,CUST_0195,296.1,EUR,WITHDRAWAL,HEALTHCARE,2024-01-31 11:17:44,False,56374.94
TXN_00003619,CUST_0102,905.64,EUR,TRANSFER,GROCERY,2024-01-31 11:27:27,False,95306.62
TXN_00007798,CUST_0044,95.21,EUR,TRANSFER,ELECTRONICS,2024-01-31 11:27:43,False,95397.35
TXN_00004369,CUST_0039,27.4,EUR,PURCHASE,HEALTHCARE,2024-01-31 11:37:02,False,28620.94
TXN_00004068,CUST_0072,720.84,EUR,PURCHASE,HEALTHCARE,2024-01-31 12:22:18,False,93598.09
TXN_00009628,CUST_0069,71.58,GBP,PURCHASE,TRAVEL,2024-01-31 12:30:08,False,97341.9
TXN_00002863,CUST_0182,39.97,USD,PURCHASE,DINING,2024-01-31 13:09:18,False,89761.36
TXN_00007759,CUST_0132,120.92,USD,PURCHASE,GROCERY,2024-01-31 13:12:53,False,45610.62
TXN_00006735,CUST_0075,40.96,EUR,WITHDRAWAL,UTILITIES,2024-01-31 13:23:54,False,65190.38
TXN_00007577,CUST_0160,246.77,EUR,TRANSFER,ELECTRONICS,2024-01-31 13:36:10,False,77267.06
TXN_00005591,CUST_0032,-5.82,EUR,REFUND,UTILITIES,2024-01-31 14:09:52,False,40409.71
TXN_00002416,CUST_0048,298.57,EUR,PURCHASE,GROCERY,2024-01-31 14:31:31,False,94583.38
TXN_00005660,CUST_0194,202.12,EUR,PURCHASE,TRAVEL,2024-01-31 14:43:54,False,5582.3
TXN_00009214,CUST_0157,20.51,EUR,TRANSFER,UTILITIES,2024-01-31 14:46:47,False,84399.32
TXN_00005395,CUST_0117,490.66,EUR,WITHDRAWAL,UTILITIES,2024-01-31 15:05:24,False,25933.58
TXN_00009880,CUST_0180,24.28,EUR,TRANSFER,ELECTRONICS,2024-01-31 15:16:34,False,55834.08
TXN_00007808,CUST_0181,993.81,EUR,PURCHASE,DINING,2024-01-31 15:21:58,False,5931.55
TXN_00004747,CUST_0194,98.83,EUR,TRANSFER,GROCERY,2024-01-31 15:42:49,False,23935.23
TXN_00009526,CUST_0113,1032.04,EUR,PURCHASE,ELECTRONICS,2024-01-31 16:16:53,False,12910.24
TXN_00001243,CUST_0108,611.37,EUR,PURCHASE,TRAVEL,2024-01-31 16:51:24,False,17344.01
TXN_00004029,CUST_0124,1760.84,EUR,PURCHASE,UTILITIES,2024-01-31 17:06:29,False,26023.03
TXN_00002435,CUST_0119,113.59,EUR,PURCHASE,DINING,2024-01-31 17:32:13,False,21633.17
TXN_00006301,CUST_0120,101.25,USD,PURCHASE,GROCERY,2024-01-31 17:42:34,False,43790.43
TXN_00004245,CUST_0058,105.22,GBP,PURCHASE,ELECTRONICS,2024-01-31 17:54:26,False,9135.32
TXN_00006805,CUST_0101,389.7,EUR,WITHDRAWAL,ELECTRONICS,2024-01-31 18:38:49,False,32870.28
TXN_00000407,CUST_0052,-1051.48,EUR,REFUND,HEALTHCARE,2024-02-01 03:10:44,False,17794.85
TXN_00006991,CUST_0140,52.9,EUR,TRANSFER,GROCERY,2024-02-01 11:06:09,False,78370.39
TXN_00006721,CUST_0143,289.52,EUR,TRANSFER,TRAVEL,2024-02-01 11:15:03,False,19250.44
TXN_00005248,CUST_0063,593.14,EUR,PURCHASE,UTILITIES,2024-02-01 11:22:48,False,37716.56
TXN_00008748,CUST_0022,177.51,GBP,PURCHASE,ELECTRONICS,2024-02-01 11:23:31,False,5628.67
TXN_00002780,CUST_0060,39.16,EUR,PURCHASE,GROCERY,2024-02-01 11:26:19,False,33745.64
TXN_00008615,CUST_0094,3563.49,EUR,WITHDRAWAL,GROCERY,2024-02-01 11:59:41,False,74647.7
TXN_00004734,CUST_0150,2248.21,EUR,PURCHASE,ELECTRONICS,2024-02-01 12:19:24,False,53448.48
TXN_00001690,CUST_0170,208.39,EUR,PURCHASE,DINING,2024-02-01 13:10:09,False,46146.19
TXN_00002921,CUST_0071,3563.01,EUR,PURCHASE,UTILITIES,2024-02-01 13:20:09,False,84484.16
TXN_00003121,CUST_0141,-191.09,USD,REFUND,HEALTHCARE,2024-02-01 13:48:12,False,92731.26
TXN_00009890,CUST_0031,1087.79,USD,TRANSFER,ELECTRONICS,2024-02-01 13:51:22,True,26455.12
TXN_00001892,CUST_0026,157.97,EUR,TRANSFER,TRAVEL,2024-02-01 14:32:35,False,39521.01
TXN_00004433,CUST_0047,362.94,EUR,PURCHASE,HEALTHCARE,2024-02-01 14:38:27,False,39916.48
TXN_00003508,CUST_0126,124.4,GBP,PURCHASE,HEALTHCARE,2024-02-01 15:13:53,False,4960.21
TXN_00002629,CUST_0023,241.51,EUR,WITHDRAWAL,GROCERY,2024-02-01 15:19:09,False,32996.36
TXN_00006222,CUST_0167,-38.98,USD,REFUND,UTILITIES,2024-02-01 15:22:01,False,77711.37
TXN_00008821,CUST_0146,146.73,USD,PURCHASE,DINING,2024-02-01 15:42:03,False,90702.04
TXN_00008909,CUST_0069,18.66,EUR,WITHDRAWAL,HEALTHCARE,2024-02-01 16:15:38,False,89911.56
TXN_00007470,CUST_0189,-87.71,EUR,REFUND,HEALTHCARE,2024-02-01 16:27:51,False,70191.84
TXN_00002247,CUST_0179,45.15,USD,TRANSFER,HEALTHCARE,2024-02-01 16:41:15,False,88728.39
TXN_00008493,CUST_0069,2339.12,EUR,PURCHASE,HEALTHCARE,2024-02-01 16:50:28,False,86208.01
TXN_00008763,CUST_0092,15.33,EUR,PURCHASE,DINING,2024-02-01 17:42:35,False,64318.18
TXN_00003278,CUST_0185,146.61,EUR,PURCHASE,GROCERY,2024-02-01 17:53:51,False,43237.9
TXN_00006412,CUST_0164,223.18,USD,PURCHASE,HEALTHCARE,2024-02-01 18:58:08,False,76926.68
TXN_00005734,CUST_0134,659.86,EUR,PURCHASE,HEALTHCARE,2024-02-02 03:57:54,False,26415.14
TXN_00009948,CUST_0044,-222.97,EUR,REFUND,HEALTHCARE,2024-02-02 04:48:49,False,82368.24
TXN_00004598,CUST_0047,211.17,EUR,PURCHASE,HEALTHCARE,2024-02-02 07:09:03,False,74249.92
TXN_00008181,CUST_0025,285.59,USD,TRANSFER,DINING,2024-02-02 07:52:55,False,95560.95
TXN_00005217,CUST_0043,195.0,EUR,PURCHASE,HEALTHCARE,2024-02-02 08:28:36,False,38665.43
TXN_00006706,CUST_0198,6.92,GBP,WITHDRAWAL,GROCERY,2024-02-02 09:37:02,False,68833.02
TXN_00007889,CUST_0078,287.62,EUR,WITHDRAWAL,TRAVEL,2024-02-02 10:02:03,False,7625.75
TXN_00007625,CUST_0154,1278.64,USD,TRANSFER,TRAVEL,2024-02-02 12:04:23,False,96513.23
TXN_00009980,CUST_0097,536.36,EUR,PURCHASE,DINING,2024-02-02 12:33:33,False,81364.97
TXN_00004153,CUST_0031,186.6,GBP,PURCHASE,UTILITIES,2024-02-02 12:55:50,False,39980.33
TXN_00002090,CUST_0097,447.58,EUR,PURCHASE,ELECTRONICS,2024-02-02 14:08:22,False,86302.78
TXN_00002650,CUST_0110,3309.43,USD,PURCHASE,DINING,2024-02-02 14:34:00,False,50490.62
TXN_00004284,CUST_0199,333.17,EUR,PURCHASE,DINING,2024-02-02 15:23:41,False,23771.01
TXN_00002912,CUST_0043,214.37,EUR,PURCHASE,DINING,2024-02-02 15:35:06,False,33655.36
TXN_00002877,CUST_0138,173.47,EUR,WITHDRAWAL,HEALTHCARE,2024-02-02 15:43:27,False,27829.96
TXN_00007343,CUST_0088,367.76,EUR,PURCHASE,HEALTHCARE,2024-02-02 16:02:27,False,36272.75
TXN_00005783,CUST_0161,227.53,USD,WITHDRAWAL,ELECTRONICS,2024-02-02 17:03:27,False,39966.62
TXN_00006051,CUST_0183,121.73,EUR,PURCHASE,UTILITIES,2024-02-02 18:29:04,False,84781.32
TXN_00004627,CUST_0123,233.48,EUR,PURCHASE,ELECTRONICS,2024-02-02 19:06:21,False,12982.88
TXN_00009561,CUST_0074,183.42,EUR,PURCHASE,TRAVEL,2024-02-02 19:52:57,False,52818.64
TXN_00002568,CUST_0014,45.9,GBP,PURCHASE,HEALTHCARE,2024-02-02 20:51:40,False,33961.18
TXN_00008430,CUST_0074,375.99,EUR,TRANSFER,UTILITIES,2024-02-03 09:00:40,False,81100.4
TXN_00007887,CUST_0149,288.67,USD,WITHDRAWAL,ELECTRONICS,2024-02-03 09:22:31,False,2163.75
TXN_00006628,CUST_0032,281.96,EUR,WITHDRAWAL,DINING,2024-02-03 09:32:58,False,31430.48
TXN_00006139,CUST_0186,388.09,EUR,PURCHASE,HEALTHCARE,2024-02-03 10:31:11,False,63365.1
TXN_00002687,CUST_0100,261.7,EUR,TRANSFER,DINING,2024-02-03 10:35:05,False,76507.67
TXN_00004958,CUST_0067,320.31,EUR,PURCHASE,ELECTRONICS,2024-02-03 10:36:40,False,87411.91
TXN_00006973,CUST_0046,579.16,EUR,PURCHASE,UTILITIES,2024-02-03 12:08:12,False,80446.61
TXN_00007668,CUST_0089,228.53,USD,PURCHASE,TRAVEL,2024-02-03 12:47:37,False,30920.53
TXN_00004271,CUST_0130,79.99,EUR,TRANSFER,GROCERY,2024-02-03 12:59:44,False,80126.42
TXN_00006570,CUST_0065,122.37,EUR,PURCHASE,GROCERY,2024-02-03 13:16:01,False,90375.85
TXN_00003784,CUST_0094,15.97,GBP,PURCHASE,UTILITIES,2024-02-03 13:23:23,False,61674.84
TXN_00002845,CUST_0116,5.27,EUR,PURCHASE,GROCERY,2024-02-03 13:31:28,False,14537.24
TXN_00005351,CUST_0173,352.86,EUR,TRANSFER,HEALTHCARE,2024-02-03 13:57:46,False,85332.82
TXN_00001512,CUST_0109,36.27,USD,WITHDRAWAL,DINING,2024-02-03 14:17:22,False,45240.5
TXN_00006458,CUST_0193,73.56,EUR,PURCHASE,ELECTRONICS,2024-02-03 14:53:36,False,99458.16
TXN_00005475,CUST_0109,187.87,EUR,TRANSFER,UTILITIES,2024-02-03 17:58:01,False,51954.47
TXN_00001590,CUST_0081,422.49,EUR,PURCHASE,TRAVEL,2024-02-03 19:06:02,False,4354.98
TXN_00008164,CUST_0140,1552.55,EUR,TRANSFER,ELECTRONICS,2024-02-03 19:22:15,False,79274.86
TXN_00001484,CUST_0136,548.18,USD,PURCHASE,,2024-02-03 21:20:57,False,81309.98
TXN_00000306,CUST_0110,539.86,EUR,PURCHASE,GROCERY,2024-02-03 21:57:11,False,89746.61
TXN_00003208,CUST_0097,143.45,EUR,PURCHASE,GROCERY,2024-02-04 04:49:13,False,21939.53
TXN_00004317,CUST_0130,114.23,EUR,WITHDRAWAL,ELECTRONICS,2024-02-04 05:50:06,False,96576.92
TXN_00009835,CUST_0187,5111.55,EUR,TRANSFER,TRAVEL,2024-02-04 06:26:19,False,96993.29
TXN_00001648,CUST_0049,31.44,EUR,TRANSFER,GROCERY,2024-02-04 08:09:11,False,3396.03
TXN_00006975,CUST_0009,427.16,GBP,PURCHASE,TRAVEL,2024-02-04 09:04:56,False,54134.47
TXN_00001429,CUST_0121,71.8,EUR,TRANSFER,TRAVEL,2024-02-04 10:05:11,False,39558.6
TXN_00008843,CUST_0135,339.83,EUR,PURCHASE,ELECTRONICS,2024-02-04 10:50:42,False,88370.05
TXN_00002217,CUST_0098,299.98,EUR,PURCHASE,UTILITIES,2024-02-04 10:56:38,False,14998.23
TXN_00009893,CUST_0148,475.27,EUR,WITHDRAWAL,TRAVEL,2024-02-04 11:31:11,False,90033.63
TXN_00009696,CUST_0096,21.45,EUR,TRANSFER,ELECTRONICS,2024-02-04 11:36:03,False,46530.99
TXN_00007896,CUST_0164,15.9,EUR,PURCHASE,,2024-02-04 11:56:14,False,72011.38
TXN_00004429,CUST_0076,32.07,EUR,WITHDRAWAL,DINING,2024-02-04 12:17:41,False,17962.49
TXN_00006613,CUST_0127,-205.61,USD,REFUND,ELECTRONICS,2024-02-04 12:20:18,False,59928.07
TXN_00004177,CUST_0100,-881.71,EUR,REFUND,DINING,2024-02-04 13:05:55,False,5872.28
TXN_00000232,CUST_0189,270.9,EUR,WITHDRAWAL,HEALTHCARE,2024-02-04 13:59:28,False,55833.37
TXN_00006777,CUST_0079,26.68,EUR,WITHDRAWAL,ELECTRONICS,2024-02-04 15:05:36,False,26372.6
TXN_00006306,CUST_0080,1896.56,USD,WITHDRAWAL,TRAVEL,2024-02-04 15:29:37,False,15398.69
TXN_00004974,CUST_0036,2726.47,EUR,PURCHASE,UTILITIES,2024-02-04 15:31:54,False,57152.8
TXN_00007826,CUST_0029,161.19,EUR,PURCHASE,UTILITIES,2024-02-04 15:35:34,False,7431.28
TXN_00000730,CUST_0148,114.7,EUR,PURCHASE,DINING,2024-02-04 15:46:39,False,75970.67
TXN_00001868,CUST_0062,92.37,EUR,WITHDRAWAL,DINING,2024-02-04 15:50:53,True,6116.14
TXN_00007183,CUST_0048,89.19,EUR,TRANSFER,TRAVEL,2024-02-04 15:52:47,False,98107.94
TXN_00007831,CUST_0097,78.85,EUR,TRANSFER,GROCERY,2024-02-04 16:47:40,False,20016.41
TXN_00004966,CUST_0107,-367.27,EUR,REFUND,UTILITIES,2024-02-04 17:02:28,False,96505.78
TXN_00000640,CUST_0018,338.4,EUR,PURCHASE,UTILITIES,2024-02-04 17:28:36,False,24195.16
TXN_00003360,CUST_0117,1102.52,EUR,PURCHASE,TRAVEL,2024-02-04 21:11:18,False,27416.19
TXN_00003194,CUST_0188,602.99,EUR,PURCHASE,ELECTRONICS,2024-02-04 22:52:36,False,60503.65
TXN_00009655,CUST_0021,15.03,EUR,WITHDRAWAL,DINING,2024-02-05 05:29:43,False,67951.96
TXN_00004454,CUST_0027,395.86,USD,WITHDRAWAL,DINING,2024-02-05 06:18:40,False,55424.07
TXN_00007155,CUST_0106,44.45,EUR,PURCHASE,TRAVEL,2024-02-05 07:34:22,False,35024.56
TXN_00009685,CUST_0137,299.31,EUR,PURCHASE,DINING,2024-02-05 08:17:22,False,59063.34
TXN_00003408,CUST_0089,84.03,EUR,PURCHASE,GROCERY,2024-02-05 08:37:06,False,93695.11
TXN_00000645,CUST_0133,3209.8,EUR,PURCHASE,UTILITIES,2024-02-05 09:20:29,False,18732.79
TXN_00009328,CUST_0106,-531.14,EUR,REFUND,TRAVEL,2024-02-05 11:03:02,False,49247.43
TXN_00007670,CUST_0041,705.29,EUR,PURCHASE,UTILITIES,2024-02-05 11:11:56,False,6636.0
TXN_00003904,CUST_0093,154.78,GBP,PURCHASE,TRAVEL,2024-02-05 11:39:06,True,92898.99
TXN_00008606,CUST_0131,267.62,USD,TRANSFER,GROCERY,2024-02-05 13:13:36,False,53111.21
TXN_00003616,CUST_0189,93.73,EUR,PURCHASE,HEALTHCARE,2024-02-05 13:45:08,False,26763.6
TXN_00008985,CUST_0167,61.07,EUR,TRANSFER,UTILITIES,2024-02-05 13:48:41,False,26128.96
TXN_00000034,CUST_0069,-154.88,EUR,REFUND,TRAVEL,2024-02-05 13:50:21,False,52679.1
TXN_00005971,CUST_0110,-2301.71,EUR,REFUND,UTILITIES,2024-02-05 14:05:55,False,16347.35
TXN_00003077,CUST_0100,68.06,GBP,WITHDRAWAL,GROCERY,2024-02-05 14:32:30,False,87024.47
TXN_00002227,CUST_0121,1022.46,EUR,PURCHASE,DINING,2024-02-05 14:47:20,False,39151.75
TXN_00004051,CUST_0108,410.41,EUR,PURCHASE,GROCERY,2024-02-05 14:51:53,False,92395.22
TXN_00004089,CUST_0031,200.39,EUR,PURCHASE,DINING,2024-02-05 15:14:59,False,69449.02
TXN_00006384,CUST_0004,39.82,USD,PURCHASE,TRAVEL,2024-02-05 15:39:58,False,5928.86
TXN_00005825,CUST_0181,1764.64,USD,PURCHASE,UTILITIES,2024-02-05 17:02:04,False,86296.4
TXN_00001157,CUST_0099,19.13,EUR,PURCHASE,UTILITIES,2024-02-05 17:36:25,False,79488.14
TXN_00006128,CUST_0127,80.47,USD,PURCHASE,ELECTRONICS,2024-02-05 18:13:57,False,2498.5
TXN_00000513,CUST_0192,79.26,EUR,PURCHASE,ELECTRONICS,2024-02-05 19:39:36,False,26100.4
TXN_00007324,CUST_0005,145.37,USD,WITHDRAWAL,ELECTRONICS,2024-02-05 21:51:54,False,93616.32
TXN_00001455,CUST_0171,12.16,GBP,TRANSFER,,2024-02-06 03:25:34,False,28849.64
TXN_00006739,CUST_0140,52.32,EUR,PURCHASE,DINING,2024-02-06 04:10:55,False,85215.13
TXN_00008251,CUST_0138,26.4,EUR,TRANSFER,DINING,2024-02-06 08:52:24,False,14310.66
TXN_00000365,CUST_0141,4285.0,EUR,PURCHASE,UTILITIES,2024-02-06 09:59:47,True,79785.27
TXN_00005103,CUST_0145,488.6,EUR,PURCHASE,UTILITIES,2024-02-06 10:10:01,False,34961.29
TXN_00000824,CUST_0131,1053.71,GBP,PURCHASE,TRAVEL,2024-02-06 10:39:07,False,7706.2
TXN_00001027,CUST_0032,8.74,USD,PURCHASE,GROCERY,2024-02-06 11:08:17,False,14527.17
TXN_00002922,CUST_0003,1616.44,EUR,PURCHASE,DINING,2024-02-06 11:16:08,False,70898.97
TXN_00006392,CUST_0178,2112.5,EUR,PURCHASE,DINING,2024-02-06 11:40:04,False,2538.27
TXN_00002007,CUST_0067,75.64,EUR,TRANSFER,DINING,2024-02-06 12:25:08,True,24173.67
TXN_00007472,CUST_0086,7630.5,USD,PURCHASE,DINING,2024-02-06 12:25:53,False,965.59
TXN_00006852,CUST_0150,189.96,EUR,WITHDRAWAL,ELECTRONICS,2024-02-06 12:31:44,False,58419.88
TXN_00008076,CUST_0033,271.53,EUR,PURCHASE,GROCERY,2024-02-06 12:58:33,True,62158.13
TXN_00009708,CUST_0004,5.49,EUR,PURCHASE,DINING,2024-02-06 13:08:53,True,81733.51
TXN_00003312,CUST_0165,1050.86,EUR,WITHDRAWAL,UTILITIES,2024-02-06 13:18:30,False,92708.58
TXN_00002770,CUST_0081,846.33,EUR,PURCHASE,UTILITIES,2024-02-06 13:37:58,False,75554.23
TXN_00006244,CUST_0093,133.71,EUR,PURCHASE,UTILITIES,2024-02-06 14:03:22,False,77697.78
TXN_00004729,CUST_0143,180.53,EUR,WITHDRAWAL,UTILITIES,2024-02-06 14:08:37,False,40372.08
TXN_00007658,CUST_0138,341.57,GBP,PURCHASE,TRAVEL,2024-02-06 14:19:37,False,5853.81
TXN_00009015,CUST_0042,280.79,USD,PURCHASE,ELECTRONICS,2024-02-06 14:20:41,False,78104.8
TXN_00003783,CUST_0131,19.57,EUR,WITHDRAWAL,UTILITIES,2024-02-06 14:26:21,False,12246.97
TXN_00004761,CUST_0165,69.86,EUR,PURCHASE,ELECTRONICS,2024-02-06 14:39:20,False,38083.03
TXN_00008743,CUST_0194,1094.56,EUR,PURCHASE,DINING,2024-02-06 15:19:11,False,23007.51
TXN_00008116,CUST_0170,822.11,EUR,PURCHASE,TRAVEL,2024-02-06 15:49:45,False,10211.0
TXN_00002811,CUST_0187,673.37,EUR,PURCHASE,DINING,2024-02-06 17:05:06,False,26595.51
TXN_00007782,CUST_0090,31.67,EUR,PURCHASE,TRAVEL,2024-02-06 23:24:19,False,57878.79
TXN_00002069,CUST_0177,164.25,USD,PURCHASE,HEALTHCARE,2024-02-07 01:07:53,False,34424.19
TXN_00007980,CUST_0167,163.41,EUR,TRANSFER,UTILITIES,2024-02-07 07:44:48,False,31046.67
TXN_00006573,CUST_0014,47.94,EUR,PURCHASE,UTILITIES,2024-02-07 08:01:40,False,78843.92
TXN_00007378,CUST_0032,164.22,GBP,PURCHASE,DINING,2024-02-07 08:11:30,False,39662.48
TXN_00009191,CUST_0018,61.05,EUR,TRANSFER,HEALTHCARE,2024-02-07 08:11:41,False,1609.16
TXN_00000229,CUST_0141,302.21,GBP,PURCHASE,HEALTHCARE,2024-02-07 08:54:34,False,35796.8
TXN_00000253,CUST_0199,409.21,EUR,PURCHASE,TRAVEL,2024-02-07 10:05:07,False,32551.84
TXN_00009629,CUST_0107,100.29,EUR,TRANSFER,HEALTHCARE,2024-02-07 10:05:48,False,65056.62
TXN_00006898,CUST_0135,543.47,USD,PURCHASE,UTILITIES,2024-02-07 11:06:42,False,15079.63
TXN_00008233,CUST_0106,-287.29,EUR,REFUND,DINING,2024-02-07 11:31:52,False,96956.98
TXN_00009381,CUST_0064,7155.74,EUR,WITHDRAWAL,,2024-02-07 11:34:45,False,32435.47
TXN_00001170,CUST_0175,344.53,EUR,PURCHASE,ELECTRONICS,2024-02-07 11:34:47,False,42640.41
TXN_00005415,CUST_0003,23.47,EUR,PURCHASE,DINING,2024-02-07 12:10:51,False,6481.17
TXN_00008575,CUST_0010,345.36,EUR,PURCHASE,ELECTRONICS,2024-02-07 12:19:28,False,71402.09
TXN_00005039,CUST_0121,16.89,USD,PURCHASE,HEALTHCARE,2024-02-07 12:34:22,False,47388.9
TXN_00004016,CUST_0023,927.61,EUR,TRANSFER,TRAVEL,2024-02-07 12:55:47,False,60570.26
TXN_00003225,CUST_0070,80.18,EUR,TRANSFER,TRAVEL,2024-02-07 13:03:11,False,67741.34
TXN_00009316,CUST_0058,450.41,EUR,WITHDRAWAL,UTILITIES,2024-02-07 13:11:17,False,24513.65
TXN_00000586,CUST_0035,78.83,EUR,PURCHASE,GROCERY,2024-02-07 13:16:30,False,87237.07
TXN_00004715,CUST_0120,-599.7,EUR,REFUND,HEALTHCARE,2024-02-07 13:32:51,False,1580.91
TXN_00005555,CUST_0020,83.76,EUR,PURCHASE,ELECTRONICS,2024-02-07 13:52:27,False,76760.77
TXN_00007537,CUST_0023,38.65,USD,PURCHASE,GROCERY,2024-02-07 14:10:50,False,99022.47
TXN_00007478,CUST_0057,4167.63,EUR,PURCHASE,GROCERY,2024-02-07 14:18:49,False,84843.51
TXN_00003062,CUST_0198,56.22,EUR,PURCHASE,GROCERY,2024-02-07 14:37:51,False,43889.27
TXN_00002506,CUST_0155,42.08,GBP,WITHDRAWAL,HEALTHCARE,2024-02-07 14:52:47,False,91545.59
TXN_00007579,CUST_0038,182.53,EUR,TRANSFER,ELECTRONICS,2024-02-07 15:53:01,False,15590.36
TXN_00006459,CUST_0107,14.53,GBP,PURCHASE,HEALTHCARE,2024-02-07 16:14:37,False,61603.83
TXN_00000364,CUST_0158,126.83,EUR,PURCHASE,DINING,2024-02-07 16:25:17,False,86877.2
TXN_00009530,CUST_0107,131.33,EUR,TRANSFER,UTILITIES,2024-02-07 17:04:07,False,52887.55
TXN_00001771,CUST_0148,553.89,EUR,TRANSFER,TRAVEL,2024-02-07 17:58:08,False,4728.43
TXN_00006072,CUST_0064,2081.9,EUR,WITHDRAWAL,GROCERY,2024-02-07 18:51:16,False,6234.93
TXN_00003481,CUST_0143,16.97,USD,PURCHASE,ELECTRONICS,2024-02-07 20:03:10,False,35472.4
TXN_00009709,CUST_0031,121.73,EUR,PURCHASE,GROCERY,2024-02-07 21:58:52,False,95767.8
TXN_00005456,CUST_0179,262.69,EUR,WITHDRAWAL,TRAVEL,2024-02-08 04:32:16,False,33387.98
TXN_00009498,CUST_0064,-33.46,EUR,REFUND,TRAVEL,2024-02-08 06:29:04,False,51377.1
TXN_00003368,CUST_0164,359.73,EUR,PURCHASE,DINING,2024-02-08 06:53:39,False,4014.84
TXN_00003829,CUST_0052,171.45,EUR,WITHDRAWAL,UTILITIES,2024-02-08 06:59:02,True,89350.56
TXN_00001406,CUST_0187,429.93,EUR,PURCHASE,UTILITIES,2024-02-08 07:21:10,False,62994.67
TXN_00000242,CUST_0119,495.26,EUR,PURCHASE,DINING,2024-02-08 07:51:14,False,27737.81
TXN_00005576,CUST_0142,330.32,USD,PURCHASE,GROCERY,2024-02-08 10:04:29,False,2986.35
TXN_00002050,CUST_0067,57.76,USD,TRANSFER,DINING,2024-02-08 10:39:09,False,4127.06
TXN_00004418,CUST_0168,169.3,USD,WITHDRAWAL,GROCERY,2024-02-08 11:59:20,False,1100.34
TXN_00003326,CUST_0011,162.86,USD,WITHDRAWAL,DINING,2024-02-08 12:04:54,False,75162.3
TXN_00008516,CUST_0049,-16.12,EUR,REFUND,HEALTHCARE,2024-02-08 12:15:31,False,6323.21
TXN_00007194,CUST_0083,113.56,EUR,PURCHASE,GROCERY,2024-02-08 12:22:31,False,96564.96
TXN_00001874,CUST_0020,118.06,EUR,PURCHASE,HEALTHCARE,2024-02-08 12:25:32,False,36739.8
TXN_00006892,CUST_0010,105.09,EUR,WITHDRAWAL,UTILITIES,2024-02-08 12:35:51,False,89470.15
TXN_00005976,CUST_0093,214.55,EUR,TRANSFER,HEALTHCARE,2024-02-08 12:57:32,False,42672.82
TXN_00000174,CUST_0091,1127.04,USD,TRANSFER,TRAVEL,2024-02-08 13:53:02,False,57306.99
TXN_00007655,CUST_0111,498.07,USD,PURCHASE,HEALTHCARE,2024-02-08 13:54:24,False,27022.23
TXN_00009171,CUST_0123,1133.94,EUR,TRANSFER,UTILITIES,2024-02-08 14:01:16,False,25846.67
TXN_00003369,CUST_0037,380.25,EUR,TRANSFER,TRAVEL,2024-02-08 14:03:34,False,87090.71
TXN_00008009,CUST_0053,82.16,EUR,WITHDRAWAL,TRAVEL,2024-02-08 14:24:41,False,10275.26
TXN_00001826,CUST_0072,-230.42,USD,REFUND,ELECTRONICS,2024-02-08 14:32:37,False,97854.5
TXN_00005151,CUST_0113,194.45,EUR,TRANSFER,UTILITIES,2024-02-08 14:47:12,False,63416.72
TXN_00009175,CUST_0183,388.26,EUR,PURCHASE,TRAVEL,2024-02-08 16:25:07,False,92467.66
TXN_00006096,CUST_0075,906.69,EUR,PURCHASE,UTILITIES,2024-02-08 16:29:45,False,35023.84
TXN_00008951,CUST_0141,300.65,EUR,PURCHASE,DINING,2024-02-08 16:30:13,False,50042.65
TXN_00000322,CUST_0013,240.7,USD,WITHDRAWAL,ELECTRONICS,2024-02-08 16:48:16,False,9059.94
TXN_00006389,CUST_0001,11.85,EUR,PURCHASE,ELECTRONICS,2024-02-08 17:54:31,False,52471.18
TXN_00000492,CUST_0013,3502.72,EUR,TRANSFER,DINING,2024-02-08 20:55:48,False,88878.77
TXN_00005600,CUST_0067,527.3,GBP,WITHDRAWAL,,2024-02-09 01:24:27,False,37589.64
TXN_00009194,CUST_0170,52.87,EUR,PURCHASE,HEALTHCARE,2024-02-09 04:37:55,False,66843.6
TXN_00007113,CUST_0057,1008.16,EUR,TRANSFER,GROCERY,2024-02-09 06:45:29,False,69337.62
TXN_00001234,CUST_0032,124.37,EUR,PURCHASE,ELECTRONICS,2024-02-09 06:48:07,False,60802.19
TXN_00001168,CUST_0189,482.74,EUR,PURCHASE,TRAVEL,2024-02-09 08:17:12,False,69004.79
TXN_00009600,CUST_0171,4164.79,EUR,WITHDRAWAL,ELECTRONICS,2024-02-09 09:07:04,False,46046.0
TXN_00004736,CUST_0174,87.27,EUR,PURCHASE,GROCERY,2024-02-09 10:05:43,False,17208.59
TXN_00008967,CUST_0095,5406.89,EUR,PURCHASE,TRAVEL,2024-02-09 11:22:40,False,91425.57
TXN_00001693,CUST_0023,1137.67,EUR,PURCHASE,ELECTRONICS,2024-02-09 11:27:31,False,69691.0
TXN_00006054,CUST_0071,25.68,EUR,PURCHASE,DINING,2024-02-09 11:30:18,False,32944.98
TXN_00002547,CUST_0154,28996.5,EUR,PURCHASE,ELECTRONICS,2024-02-09 11:37:47,False,24586.64
TXN_00008019,CUST_0154,51.45,GBP,PURCHASE,DINING,2024-02-09 11:57:01,False,97219.22
TXN_00002951,CUST_0007,269.12,EUR,WITHDRAWAL,HEALTHCARE,2024-02-09 12:07:07,False,26083.4
TXN_00009235,CUST_0108,173.55,EUR,PURCHASE,HEALTHCARE,2024-02-09 13:59:21,False,50264.2
TXN_00000368,CUST_0080,211.11,EUR,PURCHASE,ELECTRONICS,2024-02-09 15:44:32,False,60978.33
TXN_00004489,CUST_0135,74.61,GBP,PURCHASE,HEALTHCARE,2024-02-09 17:47:11,True,86587.09
TXN_00003547,CUST_0124,258.66,GBP,TRANSFER,GROCERY,2024-02-09 19:00:32,False,89745.21
TXN_00008806,CUST_0099,261.54,EUR,PURCHASE,HEALTHCARE,2024-02-09 21:08:45,False,13057.82
TXN_00004563,CUST_0034,48.54,USD,PURCHASE,ELECTRONICS,2024-02-10 07:32:19,False,85494.98
TXN_00009127,CUST_0022,531.32,EUR,WITHDRAWAL,UTILITIES,2024-02-10 07:35:05,False,92577.61
TXN_00004131,CUST_0197,100.34,EUR,PURCHASE,ELECTRONICS,2024-02-10 10:44:09,False,94911.37
TXN_00007637,CUST_0162,568.08,USD,WITHDRAWAL,GROCERY,2024-02-10 11:41:09,False,6792.42
TXN_00008860,CUST_0034,146.99,EUR,WITHDRAWAL,HEALTHCARE,2024-02-10 11:52:16,False,60596.5
TXN_00000410,CUST_0107,9.57,EUR,WITHDRAWAL,ELECTRONICS,2024-02-10 12:21:27,False,87195.52
TXN_00004882,CUST_0012,210.9,EUR,PURCHASE,DINING,2024-02-10 13:04:16,False,20614.19
TXN_00000019,CUST_0039,279.27,EUR,TRANSFER,TRAVEL,2024-02-10 13:28:14,False,56349.08
TXN_00006752,CUST_0110,138.14,USD,PURCHASE,UTILITIES,2024-02-10 14:13:28,False,5335.2
TXN_00001333,CUST_0054,1297.55,EUR,PURCHASE,UTILITIES,2024-02-10 14:15:33,False,71497.69
TXN_00004036,CUST_0150,108.53,USD,PURCHASE,HEALTHCARE,2024-02-10 14:35:52,False,18690.81
TXN_00006648,CUST_0052,127.44,EUR,PURCHASE,GROCERY,2024-02-10 15:11:36,True,34503.29
TXN_00005380,CUST_0185,445.53,USD,PURCHASE,DINING,2024-02-10 15:17:25,False,66498.95
TXN_00005325,CUST_0193,35.92,EUR,PURCHASE,UTILITIES,2024-02-10 15:20:59,False,64772.17
TXN_00006959,CUST_0186,45.33,EUR,PURCHASE,DINING,2024-02-10 15:46:02,False,43937.52
TXN_00000761,CUST_0159,194.65,EUR,TRANSFER,TRAVEL,2024-02-10 16:38:01,False,61499.37
TXN_00008846,CUST_0069,953.96,EUR,PURCHASE,DINING,2024-02-10 17:36:53,False,60220.96
TXN_00002941,CUST_0022,1524.02,EUR,PURCHASE,DINING,2024-02-10 18:37:25,False,98276.59
TXN_00008459,CUST_0076,255.33,EUR,PURCHASE,GROCERY,2024-02-10 18:49:38,True,62682.58
TXN_00006106,CUST_0012,191.42,GBP,PURCHASE,ELECTRONICS,2024-02-10 20:12:40,False,82867.79
TXN_00005791,CUST_0047,-168.22,EUR,REFUND,UTILITIES,2024-02-11 05:19:47,False,57700.04
TXN_00002477,CUST_0131,362.37,EUR,PURCHASE,UTILITIES,2024-02-11 09:11:00,False,21389.17
TXN_00007282,CUST_0144,135.66,USD,WITHDRAWAL,HEALTHCARE,2024-02-11 10:54:15,False,44981.41
TXN_00004597,CUST_0110,1292.18,USD,TRANSFER,TRAVEL,2024-02-11 10:55:22,False,29777.93
TXN_00001735,CUST_0018,223.49,GBP,TRANSFER,UTILITIES,2024-02-11 11:40:12,False,50600.08
TXN_00006208,CUST_0060,1295.77,EUR,WITHDRAWAL,ELECTRONICS,2024-02-11 11:53:00,False,97701.51
TXN_00007338,CUST_0074,127.18,EUR,TRANSFER,ELECTRONICS,2024-02-11 12:13:27,False,54762.63
TXN_00001568,CUST_0036,42.9,EUR,TRANSFER,GROCERY,2024-02-11 12:16:37,False,95589.55
TXN_00009362,CUST_0135,495.09,EUR,PURCHASE,UTILITIES,2024-02-11 12:24:57,False,55443.39
TXN_00001377,CUST_0024,2741.79,EUR,TRANSFER,DINING,2024-02-11 12:26:10,False,90317.37
TXN_00006924,CUST_0129,87.06,USD,WITHDRAWAL,ELECTRONICS,2024-02-11 12:27:59,False,20302.11
TXN_00001952,CUST_0041,147.34,EUR,TRANSFER,GROCERY,2024-02-11 12:48:31,False,93576.71
TXN_00009791,CUST_0139,590.88,EUR,TRANSFER,DINING,2024-02-11 13:26:01,False,88545.36
TXN_00000572,CUST_0011,1260.86,USD,WITHDRAWAL,GROCERY,2024-02-11 14:40:16,False,8052.86
TXN_00001201,CUST_0005,130.6,EUR,WITHDRAWAL,UTILITIES,2024-02-11 14:50:10,False,22606.2
TXN_00003942,CUST_0017,139.81,USD,WITHDRAWAL,,2024-02-11 15:25:21,False,47337.89
TXN_00000794,CUST_0179,292.55,USD,PURCHASE,HEALTHCARE,2024-02-11 15:57:48,False,26212.42
TXN_00007117,CUST_0121,342.28,GBP,PURCHASE,UTILITIES,2024-02-11 17:03:23,False,14598.14
TXN_00009204,CUST_0005,-196.43,USD,REFUND,,2024-02-11 19:48:08,False,11182.61
TXN_00001855,CUST_0114,47.89,EUR,PURCHASE,TRAVEL,2024-02-11 20:06:41,False,44648.59
TXN_00007905,CUST_0056,77.32,EUR,PURCHASE,UTILITIES,2024-02-11 20:31:25,False,55490.85
TXN_00002423,CUST_0036,262.9,EUR,PURCHASE,DINING,2024-02-12 06:47:50,False,73998.61
TXN_00005110,CUST_0062,465.16,EUR,TRANSFER,GROCERY,2024-02-12 06:52:06,False,64422.76
TXN_00001014,CUST_0027,104.95,EUR,PURCHASE,GROCERY,2024-02-12 07:19:44,False,82596.07
TXN_00008256,CUST_0048,19.21,GBP,PURCHASE,DINING,2024-02-12 07:40:17,False,36803.01
TXN_00006821,CUST_0100,301.05,EUR,PURCHASE,ELECTRONICS,2024-02-12 07:43:34,False,85048.58
TXN_00008941,CUST_0128,642.2,EUR,WITHDRAWAL,UTILITIES,2024-02-12 10:39:28,False,6838.61
TXN_00003384,CUST_0106,482.71,EUR,PURCHASE,HEALTHCARE,2024-02-12 10:50:01,True,81515.91
TXN_00002169,CUST_0062,1296.26,EUR,PURCHASE,ELECTRONICS,2024-02-12 10:54:22,False,39665.52
TXN_00003532,CUST_0177,158.42,EUR,TRANSFER,HEALTHCARE,2024-02-12 11:19:43,False,57253.39
TXN_00006084,CUST_0169,3108.82,EUR,PURCHASE,ELECTRONICS,2024-02-12 11:41:21,False,12407.18
TXN_00006229,CUST_0199,89.61,EUR,PURCHASE,GROCERY,2024-02-12 11:51:20,False,98882.65
TXN_00008037,CUST_0133,164.2,EUR,PURCHASE,UTILITIES,2024-02-12 11:53:56,False,10690.96
TXN_00006863,CUST_0195,183.56,USD,TRANSFER,,2024-02-12 12:36:54,False,64345.75
TXN_00004513,CUST_0098,-89.95,GBP,REFUND,GROCERY,2024-02-12 13:05:22,False,49723.45
TXN_00000661,CUST_0058,395.48,EUR,TRANSFER,HEALTHCARE,2024-02-12 13:40:38,False,79518.17
TXN_00000481,CUST_0172,624.5,EUR,PURCHASE,ELECTRONICS,2024-02-12 13:47:22,False,28621.09
TXN_00003976,CUST_0096,485.95,EUR,PURCHASE,UTILITIES,2024-02-12 13:56:09,False,97222.9
TXN_00008148,CUST_0118,319.57,EUR,WITHDRAWAL,GROCERY,2024-02-12 13:59:50,False,53399.55
TXN_00008650,CUST_0156,312.66,EUR,WITHDRAWAL,TRAVEL,2024-02-12 14:44:52,False,92488.44
TXN_00005505,CUST_0026,134.21,EUR,PURCHASE,TRAVEL,2024-02-12 15:09:22,False,58063.23
TXN_00009838,CUST_0036,63.26,EUR,TRANSFER,ELECTRONICS,2024-02-12 15:44:30,False,80237.22
TXN_00005667,CUST_0076,490.88,USD,PURCHASE,GROCERY,2024-02-12 15:49:49,False,5068.88
TXN_00007632,CUST_0038,153.61,EUR,PURCHASE,UTILITIES,2024-02-12 16:52:40,False,98177.91
TXN_00005473,CUST_0037,1618.56,USD,PURCHASE,DINING,2024-02-12 17:40:35,False,16028.08
TXN_00009799,CUST_0155,137.26,EUR,PURCHASE,DINING,2024-02-12 19:50:53,False,97919.15
TXN_00001631,CUST_0021,180.52,EUR,TRANSFER,UTILITIES,2024-02-13 02:32:12,False,90193.81
TXN_00005691,CUST_0086,1282.71,EUR,TRANSFER,HEALTHCARE,2024-02-13 06:11:06,False,1740.66
TXN_00008360,CUST_0085,56.22,EUR,PURCHASE,HEALTHCARE,2024-02-13 08:28:26,False,4820.91
TXN_00007507,CUST_0116,121.55,EUR,PURCHASE,DINING,2024-02-13 08:43:43,False,13100.67
TXN_00003724,CUST_0118,181.77,EUR,PURCHASE,HEALTHCARE,2024-02-13 08:53:47,False,54640.21
TXN_00008079,CUST_0091,597.28,EUR,PURCHASE,TRAVEL,2024-02-13 09:08:58,False,9672.83
TXN_00001918,CUST_0008,19.35,EUR,TRANSFER,GROCERY,2024-02-13 11:49:42,False,90888.69
TXN_00003156,CUST_0166,42.71,EUR,PURCHASE,DINING,2024-02-13 12:34:10,False,36200.47
TXN_00001352,CUST_0041,207.51,EUR,PURCHASE,ELECTRONICS,2024-02-13 12:43:33,False,41039.7
TXN_00009221,CUST_0007,840.2,EUR,PURCHASE,ELECTRONICS,2024-02-13 12:47:45,False,20459.51
TXN_00007520,CUST_0099,205.48,EUR,TRANSFER,HEALTHCARE,2024-02-13 13:29:20,False,64951.65
TXN_00005082,CUST_0140,75.97,GBP,PURCHASE,UTILITIES,2024-02-13 13:33:50,False,59938.45
TXN_00004453,CUST_0014,2570.23,EUR,PURCHASE,UTILITIES,2024-02-13 13:37:17,False,94608.52
TXN_00001664,CUST_0128,1573.26,EUR,WITHDRAWAL,DINING,2024-02-13 13:37:23,False,2922.92
TXN_00009513,CUST_0147,80.56,EUR,WITHDRAWAL,,2024-02-13 14:06:23,False,77984.66
TXN_00005430,CUST_0028,166.47,USD,PURCHASE,GROCERY,2024-02-13 15:47:58,False,16398.19
TXN_00001223,CUST_0004,34.41,EUR,WITHDRAWAL,ELECTRONICS,2024-02-13 18:25:46,False,57199.24
TXN_00007653,CUST_0189,21.2,EUR,PURCHASE,GROCERY,2024-02-13 18:32:55,False,55241.3
TXN_00000673,CUST_0041,26.26,EUR,PURCHASE,TRAVEL,2024-02-13 21:32:41,False,89276.98
TXN_00000451,CUST_0172,519.04,EUR,WITHDRAWAL,TRAVEL,2024-02-13 21:55:27,False,34455.28
TXN_00004985,CUST_0172,356.53,EUR,PURCHASE,TRAVEL,2024-02-14 02:17:34,False,91657.47
TXN_00008711,CUST_0100,47.03,EUR,TRANSFER,ELECTRONICS,2024-02-14 02:45:35,False,77892.92
TXN_00003290,CUST_0168,1536.02,EUR,PURCHASE,DINING,2024-02-14 08:31:55,False,26221.68
TXN_00001782,CUST_0072,1237.43,USD,WITHDRAWAL,DINING,2024-02-14 09:43:14,False,5290.94
TXN_00000036,CUST_0199,375.14,EUR,PURCHASE,ELECTRONICS,2024-02-14 10:27:27,False,60401.41
TXN_00005967,CUST_0138,117.78,EUR,PURCHASE,,2024-02-14 10:45:38,False,20235.88
TXN_00003447,CUST_0174,730.38,EUR,PURCHASE,DINING,2024-02-14 11:01:27,False,1811.66
TXN_00005789,CUST_0075,3296.24,EUR,PURCHASE,HEALTHCARE,2024-02-14 11:09:16,False,93389.06
TXN_00005815,CUST_0087,258.49,EUR,TRANSFER,GROCERY,2024-02-14 12:04:49,False,19142.28
TXN_00002268,CUST_0038,55.98,EUR,TRANSFER,UTILITIES,2024-02-14 12:10:40,False,16241.9
TXN_00000889,CUST_0065,204.16,EUR,PURCHASE,ELECTRONICS,2024-02-14 13:21:58,False,71503.86
TXN_00009358,CUST_0181,207.65,USD,WITHDRAWAL,GROCERY,2024-02-14 14:41:28,False,42584.25
TXN_00002444,CUST_0020,338.62,EUR,PURCHASE,HEALTHCARE,2024-02-14 15:20:51,False,73377.87
TXN_00006281,CUST_0028,824.77,EUR,PURCHASE,UTILITIES,2024-02-14 15:37:47,False,81707.52
TXN_00001142,CUST_0148,120.01,EUR,PURCHASE,DINING,2024-02-14 17:08:34,False,52619.18
TXN_00000372,CUST_0122,26.55,EUR,TRANSFER,ELECTRONICS,2024-02-14 17:26:37,False,86551.54
TXN_00008822,CUST_0106,25.89,EUR,PURCHASE,ELECTRONICS,2024-02-14 18:01:25,False,62225.95
TXN_00006564,CUST_0071,178.75,EUR,TRANSFER,TRAVEL,2024-02-14 18:21:24,False,19290.69
TXN_00004857,CUST_0065,56.16,USD,WITHDRAWAL,ELECTRONICS,2024-02-15 01:56:27,False,70902.55
TXN_00006130,CUST_0082,245.03,EUR,WITHDRAWAL,TRAVEL,2024-02-15 03:35:35,False,68182.66
TXN_00009812,CUST_0173,7.35,GBP,PURCHASE,TRAVEL,2024-02-15 06:37:08,False,9210.5
TXN_00000943,CUST_0142,738.23,EUR,TRANSFER,DINING,2024-02-15 08:27:45,False,16517.97
TXN_00001351,CUST_0076,76.36,USD,TRANSFER,ELECTRONICS,2024-02-15 08:31:14,False,43102.58
TXN_00002114,CUST_0115,557.12,EUR,PURCHASE,ELECTRONICS,2024-02-15 09:19:50,False,91623.84
TXN_00007713,CUST_0101,321.22,EUR,PURCHASE,DINING,2024-02-15 09:28:03,False,66311.82
TXN_00002924,CUST_0119,310.56,EUR,TRANSFER,ELECTRONICS,2024-02-15 09:29:06,False,3692.91
TXN_00003563,CUST_0020,4019.63,EUR,PURCHASE,ELECTRONICS,2024-02-15 09:30:33,False,35618.61
TXN_00009147,CUST_0143,2253.99,EUR,TRANSFER,DINING,2024-02-15 10:17:38,False,25715.88
TXN_00001866,CUST_0172,136.67,EUR,PURCHASE,HEALTHCARE,2024-02-15 10:43:44,False,65547.67
TXN_00004503,CUST_0097,40.91,EUR,PURCHASE,HEALTHCARE,2024-02-15 11:25:57,False,92715.93
TXN_00000906,CUST_0115,226.64,EUR,PURCHASE,DINING,2024-02-15 12:21:17,False,45599.16
TXN_00000078,CUST_0022,17.71,USD,PURCHASE,HEALTHCARE,2024-02-15 12:40:36,False,22495.26
TXN_00006082,CUST_0136,-312.85,EUR,REFUND,DINING,2024-02-15 12:44:52,False,98622.69
TXN_00007995,CUST_0114,-607.76,GBP,REFUND,ELECTRONICS,2024-02-15 12:45:47,False,56734.34
TXN_00009210,CUST_0077,200.6,EUR,PURCHASE,UTILITIES,2024-02-15 12:49:25,False,77545.07
TXN_00006725,CUST_0182,11396.82,EUR,PURCHASE,TRAVEL,2024-02-15 14:42:08,False,79683.02
TXN_00003213,CUST_0026,-132.06,USD,REFUND,GROCERY,2024-02-15 15:11:48,False,66646.13
TXN_00008053,CUST_0096,66.56,EUR,WITHDRAWAL,TRAVEL,2024-02-15 15:25:13,False,20599.1
TXN_00004639,CUST_0060,337.79,EUR,PURCHASE,ELECTRONICS,2024-02-15 15:50:10,False,63266.2
TXN_00000712,CUST_0030,1952.4,EUR,PURCHASE,UTILITIES,2024-02-15 17:07:34,False,11057.1
TXN_00008771,CUST_0186,32.71,GBP,PURCHASE,,2024-02-15 17:16:10,False,38457.08
TXN_00001383,CUST_0149,58.97,USD,PURCHASE,TRAVEL,2024-02-15 17:52:23,False,53948.67
TXN_00004557,CUST_0041,142.68,EUR,TRANSFER,DINING,2024-02-15 18:48:00,False,84081.28
TXN_00007366,CUST_0172,1381.28,EUR,PURCHASE,GROCERY,2024-02-15 19:10:39,False,59694.45
TXN_00000402,CUST_0040,173.88,USD,PURCHASE,DINING,2024-02-15 19:19:35,False,4989.59
TXN_00000162,CUST_0197,360.97,EUR,PURCHASE,DINING,2024-02-15 19:24:01,False,66894.81
TXN_00009503,CUST_0060,164.52,EUR,PURCHASE,ELECTRONICS,2024-02-15 19:57:30,False,72487.37
TXN_00002297,CUST_0164,58.42,USD,TRANSFER,ELECTRONICS,2024-02-15 21:37:45,False,29164.53
TXN_00003509,CUST_0103,2503.47,EUR,PURCHASE,GROCERY,2024-02-16 08:13:47,False,12379.26
TXN_00000195,CUST_0027,275.63,EUR,TRANSFER,UTILITIES,2024-02-16 08:56:21,False,93880.09
TXN_00006622,CUST_0143,29.54,GBP,PURCHASE,GROCERY,2024-02-16 09:01:21,False,60739.16
TXN_00009156,CUST_0058,151.6,EUR,PURCHASE,TRAVEL,2024-02-16 09:57:42,False,15313.59
TXN_00000958,CUST_0007,287.33,EUR,WITHDRAWAL,HEALTHCARE,2024-02-16 10:20:07,False,92259.46
TXN_00001822,CUST_0161,25.7,USD,WITHDRAWAL,DINING,2024-02-16 10:22:27,False,95612.76
TXN_00005504,CUST_0137,60.78,EUR,TRANSFER,TRAVEL,2024-02-16 10:50:58,False,25737.7
TXN_00003520,CUST_0038,327.86,EUR,WITHDRAWAL,GROCERY,2024-02-16 11:00:07,False,22597.21
TXN_00000249,CUST_0129,66.28,USD,PURCHASE,UTILITIES,2024-02-16 11:03:11,False,68901.14
TXN_00002382,CUST_0192,345.43,EUR,WITHDRAWAL,HEALTHCARE,2024-02-16 11:21:27,False,36205.78
TXN_00003027,CUST_0077,455.47,GBP,WITHDRAWAL,TRAVEL,2024-02-16 12:04:24,False,30258.25
TXN_00001613,CUST_0138,324.96,EUR,PURCHASE,TRAVEL,2024-02-16 12:42:43,False,7639.88
TXN_00006482,CUST_0071,8702.07,EUR,PURCHASE,ELECTRONICS,2024-02-16 13:30:07,False,36305.86
TXN_00003154,CUST_0092,1595.23,EUR,PURCHASE,DINING,2024-02-16 13:52:25,False,1829.78
TXN_00004605,CUST_0058,250.2,EUR,WITHDRAWAL,GROCERY,2024-02-16 14:07:13,False,75504.71
TXN_00007122,CUST_0164,151.78,EUR,PURCHASE,HEALTHCARE,2024-02-16 14:07:22,True,69509.58
TXN_00003685,CUST_0081,41.7,EUR,PURCHASE,HEALTHCARE,2024-02-16 14:49:18,False,21962.19
TXN_00003307,CUST_0158,61.98,USD,WITHDRAWAL,GROCERY,2024-02-16 15:45:38,False,88078.13
TXN_00008240,CUST_0118,35.23,EUR,WITHDRAWAL,TRAVEL,2024-02-16 16:12:41,False,80425.89
TXN_00004011,CUST_0049,1062.03,EUR,PURCHASE,UTILITIES,2024-02-16 16:17:21,False,97416.61
TXN_00001393,CUST_0040,212.37,EUR,WITHDRAWAL,ELECTRONICS,2024-02-16 16:52:53,False,5978.36
TXN_00006734,CUST_0050,37.11,EUR,WITHDRAWAL,DINING,2024-02-16 17:29:58,False,25212.32
TXN_00009937,CUST_0168,135.25,USD,PURCHASE,HEALTHCARE,2024-02-16 18:48:52,False,45493.06
TXN_00005284,CUST_0091,173.91,EUR,PURCHASE,UTILITIES,2024-02-16 19:10:25,False,78676.14
TXN_00005251,CUST_0195,-44.05,EUR,REFUND,UTILITIES,2024-02-16 19:20:49,False,95645.2
TXN_00005138,CUST_0032,367.57,EUR,PURCHASE,HEALTHCARE,2024-02-16 20:05:18,False,13454.54
TXN_00006336,CUST_0128,4411.73,EUR,PURCHASE,HEALTHCARE,2024-02-16 20:12:54,False,51522.0
TXN_00008629,CUST_0190,1415.0,USD,WITHDRAWAL,TRAVEL,2024-02-16 20:49:52,False,54681.11
TXN_00003038,CUST_0171,122.97,EUR,TRANSFER,ELECTRONICS,2024-02-16 23:09:27,False,46899.81
TXN_00006521,CUST_0070,84.3,USD,WITHDRAWAL,GROCERY,2024-02-17 04:09:14,False,57065.05
TXN_00007450,CUST_0015,2410.0,USD,WITHDRAWAL,HEALTHCARE,2024-02-17 04:59:03,False,1745.79
TXN_00005509,CUST_0136,-136.46,EUR,REFUND,GROCERY,2024-02-17 07:17:27,False,43918.48
TXN_00001076,CUST_0101,261.46,EUR,PURCHASE,DINING,2024-02-17 07:39:35,False,29668.87
TXN_00004840,CUST_0081,660.17,EUR,WITHDRAWAL,GROCERY,2024-02-17 08:24:36,False,59394.68
TXN_00008513,CUST_0109,184.12,EUR,WITHDRAWAL,UTILITIES,2024-02-17 08:38:02,False,3856.27
TXN_00001972,CUST_0197,731.15,GBP,TRANSFER,GROCERY,2024-02-17 09:21:38,False,94641.56
TXN_00005279,CUST_0065,85.03,EUR,WITHDRAWAL,GROCERY,2024-02-17 10:01:10,False,95681.03
TXN_00008130,CUST_0086,536.87,EUR,PURCHASE,TRAVEL,2024-02-17 10:45:21,False,36080.47
TXN_00009255,CUST_0075,868.27,EUR,PURCHASE,GROCERY,2024-02-17 10:52:19,False,65493.9
TXN_00007345,CUST_0033,37.13,EUR,WITHDRAWAL,TRAVEL,2024-02-17 11:43:18,False,72164.3
TXN_00008194,CUST_0060,513.81,EUR,TRANSFER,TRAVEL,2024-02-17 12:53:03,False,79560.51
TXN_00003151,CUST_0006,490.2,EUR,PURCHASE,ELECTRONICS,2024-02-17 13:17:16,False,9409.0
TXN_00008848,CUST_0136,390.8,EUR,PURCHASE,UTILITIES,2024-02-17 13:18:51,False,16096.66
TXN_00008521,CUST_0168,147.8,GBP,PURCHASE,ELECTRONICS,2024-02-17 14:06:06,False,70707.16
TXN_00004463,CUST_0179,51.47,EUR,PURCHASE,DINING,2024-02-17 14:22:00,False,49239.72
TXN_00002686,CUST_0120,43.67,USD,PURCHASE,TRAVEL,2024-02-17 14:34:09,True,53760.12
TXN_00009536,CUST_0127,55.3,EUR,WITHDRAWAL,HEALTHCARE,2024-02-17 14:35:58,False,55144.32
TXN_00001486,CUST_0178,1274.33,USD,PURCHASE,GROCERY,2024-02-17 15:09:29,False,11249.04
TXN_00009493,CUST_0085,217.42,EUR,TRANSFER,ELECTRONICS,2024-02-17 15:31:05,False,39102.01
TXN_00006543,CUST_0083,277.99,GBP,PURCHASE,ELECTRONICS,2024-02-17 15:49:26,False,98108.78
TXN_00009253,CUST_0176,184.64,USD,TRANSFER,HEALTHCARE,2024-02-17 16:21:22,False,74431.21
TXN_00003361,CUST_0063,21.56,GBP,WITHDRAWAL,ELECTRONICS,2024-02-17 16:21:58,False,59636.82
TXN_00001641,CUST_0171,270.05,USD,PURCHASE,ELECTRONICS,2024-02-17 17:18:05,False,5081.81
TXN_00002940,CUST_0163,273.76,USD,TRANSFER,UTILITIES,2024-02-17 18:07:11,False,61526.54
TXN_00006835,CUST_0036,552.74,EUR,PURCHASE,ELECTRONICS,2024-02-17 18:52:58,False,62374.75
TXN_00005680,CUST_0076,110.89,EUR,PURCHASE,GROCERY,2024-02-17 19:44:56,False,91459.67
TXN_00005550,CUST_0095,122.79,EUR,PURCHASE,DINING,2024-02-18 03:01:22,False,34470.58
TXN_00000273,CUST_0005,73.57,EUR,PURCHASE,UTILITIES,2024-02-18 08:06:00,False,82187.76
TXN_00007428,CUST_0066,108.18,EUR,WITHDRAWAL,TRAVEL,2024-02-18 08:36:24,False,2409.07
TXN_00003378,CUST_0176,311.23,EUR,PURCHASE,GROCERY,2024-02-18 09:01:29,False,94397.6
TXN_00009230,CUST_0197,-6767.38,GBP,REFUND,GROCERY,2024-02-18 09:18:51,False,46003.59
TXN_00004496,CUST_0192,15.97,EUR,PURCHASE,DINING,2024-02-18 10:31:36,False,83595.42
TXN_00005708,CUST_0197,-206.34,EUR,REFUND,HEALTHCARE,2024-02-18 10:58:57,False,75148.61
TXN_00007481,CUST_0166,221.04,USD,PURCHASE,ELECTRONICS,2024-02-18 11:20:07,False,62565.27
TXN_00000272,CUST_0107,804.01,USD,WITHDRAWAL,TRAVEL,2024-02-18 11:27:39,False,92918.24
TXN_00009681,CUST_0075,143.87,USD,PURCHASE,HEALTHCARE,2024-02-18 11:39:12,False,99844.03
TXN_00006837,CUST_0145,885.61,EUR,TRANSFER,UTILITIES,2024-02-18 11:58:09,False,66953.81
TXN_00006241,CUST_0005,80.0,EUR,PURCHASE,UTILITIES,2024-02-18 11:58:34,False,49203.84
TXN_00002405,CUST_0026,78.4,EUR,PURCHASE,TRAVEL,2024-02-18 12:18:59,False,98408.2
TXN_00000641,CUST_0088,65.32,EUR,PURCHASE,HEALTHCARE,2024-02-18 12:20:09,False,58885.17
TXN_00008607,CUST_0031,-57.03,USD,REFUND,HEALTHCARE,2024-02-18 12:26:11,False,75672.36
TXN_00008603,CUST_0142,132.98,USD,WITHDRAWAL,ELECTRONICS,2024-02-18 12:42:28,False,19777.15
TXN_00007696,CUST_0110,252.32,EUR,TRANSFER,ELECTRONICS,2024-02-18 13:09:28,False,87017.65
TXN_00003342,CUST_0066,12.06,EUR,PURCHASE,,2024-02-18 13:22:33,False,65070.81
TXN_00007108,CUST_0168,880.79,USD,PURCHASE,UTILITIES,2024-02-18 13:29:15,False,26558.09
TXN_00000872,CUST_0123,804.16,EUR,PURCHASE,UTILITIES,2024-02-18 13:43:46,False,41536.25
TXN_00004730,CUST_0163,235.71,USD,TRANSFER,TRAVEL,2024-02-18 15:04:46,False,43603.2
TXN_00001886,CUST_0179,14.33,EUR,TRANSFER,GROCERY,2024-02-18 15:45:13,False,57579.05
TXN_00006394,CUST_0047,254.36,EUR,PURCHASE,GROCERY,2024-02-18 15:46:24,False,22801.19
TXN_00006717,CUST_0083,194.71,GBP,WITHDRAWAL,GROCERY,2024-02-18 15:47:25,False,97910.65
TXN_00008323,CUST_0176,479.67,USD,WITHDRAWAL,TRAVEL,2024-02-18 15:50:50,False,8834.23
TXN_00000504,CUST_0095,50.59,EUR,WITHDRAWAL,TRAVEL,2024-02-18 15:54:20,False,18058.79
TXN_00005203,CUST_0026,924.38,EUR,WITHDRAWAL,ELECTRONICS,2024-02-18 15:59:57,False,66718.47
TXN_00004021,CUST_0000,420.47,EUR,TRANSFER,HEALTHCARE,2024-02-18 16:02:18,False,75150.98
TXN_00008325,CUST_0186,380.17,EUR,WITHDRAWAL,ELECTRONICS,2024-02-18 16:42:46,False,9142.85
TXN_00006360,CUST_0050,154.96,EUR,TRANSFER,GROCERY,2024-02-18 16:43:49,False,65256.89
TXN_00003938,CUST_0105,1902.04,USD,WITHDRAWAL,GROCERY,2024-02-18 16:54:23,False,14325.25
TXN_00002520,CUST_0153,271.34,USD,WITHDRAWAL,UTILITIES,2024-02-18 16:55:49,False,64504.57
TXN_00004397,CUST_0056,250.72,EUR,PURCHASE,UTILITIES,2024-02-18 18:15:35,False,95387.42
TXN_00001624,CUST_0000,1276.02,USD,PURCHASE,ELECTRONICS,2024-02-18 18:38:27,False,26652.02
TXN_00005094,CUST_0049,46.9,EUR,PURCHASE,DINING,2024-02-18 18:53:55,False,18615.98
TXN_00006332,CUST_0156,27.8,EUR,PURCHASE,ELECTRONICS,2024-02-18 18:56:46,False,98087.73
TXN_00009711,CUST_0096,949.91,EUR,PURCHASE,ELECTRONICS,2024-02-18 18:57:05,False,91077.66
TXN_00004582,CUST_0131,89.85,EUR,PURCHASE,HEALTHCARE,2024-02-18 19:03:16,False,77728.51
TXN_00000005,CUST_0147,5797.38,GBP,WITHDRAWAL,TRAVEL,2024-02-18 19:26:58,False,13035.85
TXN_00006494,CUST_0071,209.96,USD,TRANSFER,UTILITIES,2024-02-18 21:13:50,False,79510.28
TXN_00007206,CUST_0199,278.45,EUR,PURCHASE,ELECTRONICS,2024-02-18 21:51:22,False,66969.03
TXN_00005223,CUST_0187,191.6,EUR,TRANSFER,TRAVEL,2024-02-18 22:47:17,False,24547.39
TXN_00001261,CUST_0059,2971.67,EUR,PURCHASE,GROCERY,2024-02-19 05:00:34,False,59184.91
TXN_00005063,CUST_0046,11.98,GBP,PURCHASE,DINING,2024-02-19 08:47:17,False,57933.62
TXN_00007682,CUST_0169,343.85,USD,PURCHASE,TRAVEL,2024-02-19 10:00:42,False,38740.01
TXN_00008174,CUST_0091,388.58,EUR,TRANSFER,DINING,2024-02-19 10:18:12,False,40559.51
TXN_00004311,CUST_0042,19.4,EUR,WITHDRAWAL,HEALTHCARE,2024-02-19 10:28:59,False,77848.27
TXN_00009419,CUST_0108,29.73,EUR,PURCHASE,DINING,2024-02-19 11:14:58,False,70769.01
TXN_00008461,CUST_0017,163.3,USD,PURCHASE,HEALTHCARE,2024-02-19 11:23:16,False,13010.68
TXN_00002409,CUST_0094,114.15,GBP,PURCHASE,ELECTRONICS,2024-02-19 12:03:16,False,98666.19
TXN_00005991,CUST_0133,26.14,USD,PURCHASE,ELECTRONICS,2024-02-19 12:06:17,False,11551.01
TXN_00002018,CUST_0125,13.28,EUR,TRANSFER,ELECTRONICS,2024-02-19 12:08:34,False,19139.82
TXN_00003240,CUST_0023,33.65,EUR,PURCHASE,ELECTRONICS,2024-02-19 12:26:07,False,39673.52
TXN_00004869,CUST_0167,36.79,USD,PURCHASE,GROCERY,2024-02-19 12:50:27,False,67885.46
TXN_00006282,CUST_0032,2749.16,EUR,PURCHASE,ELECTRONICS,2024-02-19 13:38:13,False,63787.52
TXN_00004031,CUST_0019,753.93,USD,PURCHASE,ELECTRONICS,2024-02-19 13:57:46,False,25392.49
TXN_00005745,CUST_0034,61.96,EUR,PURCHASE,GROCERY,2024-02-19 14:32:08,False,69626.14
TXN_00000400,CUST_0031,312.94,EUR,TRANSFER,GROCERY,2024-02-19 15:43:52,False,81083.9
TXN_00005824,CUST_0031,359.02,EUR,PURCHASE,ELECTRONICS,2024-02-19 16:13:05,False,83433.71
TXN_00005699,CUST_0010,8736.59,EUR,TRANSFER,UTILITIES,2024-02-19 17:11:04,False,98671.2
TXN_00001124,CUST_0071,108.94,EUR,PURCHASE,DINING,2024-02-19 17:19:37,False,14412.3
TXN_00007070,CUST_0107,3647.69,EUR,WITHDRAWAL,HEALTHCARE,2024-02-19 17:23:03,False,1224.48
TXN_00003854,CUST_0155,32.63,EUR,TRANSFER,DINING,2024-02-19 18:59:43,False,50052.67
TXN_00001123,CUST_0088,576.04,EUR,TRANSFER,TRAVEL,2024-02-20 04:20:11,False,26062.1
TXN_00004215,CUST_0127,37.68,EUR,PURCHASE,ELECTRONICS,2024-02-20 06:13:58,False,29095.98
TXN_00003375,CUST_0083,251.92,USD,PURCHASE,ELECTRONICS,2024-02-20 06:41:47,False,81226.81
TXN_00000171,CUST_0154,235.04,EUR,TRANSFER,UTILITIES,2024-02-20 06:44:12,False,27529.45
TXN_00006420,CUST_0135,3054.39,GBP,PURCHASE,ELECTRONICS,2024-02-20 09:14:48,False,36063.82
TXN_00001665,CUST_0101,191.23,EUR,TRANSFER,UTILITIES,2024-02-20 10:09:55,False,37216.5
TXN_00007568,CUST_0115,1317.18,EUR,TRANSFER,HEALTHCARE,2024-02-20 10:18:09,False,34198.72
TXN_00005648,CUST_0131,515.97,EUR,PURCHASE,UTILITIES,2024-02-20 10:53:14,False,12645.81
TXN_00008147,CUST_0088,127.3,EUR,PURCHASE,DINING,2024-02-20 11:14:15,False,82926.24
TXN_00003258,CUST_0026,82.9,USD,PURCHASE,GROCERY,2024-02-20 11:41:52,False,12507.2
TXN_00009421,CUST_0100,2110.58,EUR,TRANSFER,ELECTRONICS,2024-02-20 11:48:09,False,23796.91
TXN_00000091,CUST_0148,564.08,EUR,PURCHASE,TRAVEL,2024-02-20 12:24:57,False,90617.57
TXN_00000764,CUST_0188,58.5,EUR,PURCHASE,GROCERY,2024-02-20 13:27:02,False,21900.67
TXN_00006535,CUST_0022,1173.11,USD,PURCHASE,ELECTRONICS,2024-02-20 13:48:12,False,72091.41
TXN_00002807,CUST_0193,57.49,EUR,PURCHASE,TRAVEL,2024-02-20 13:49:10,False,17225.64
TXN_00006291,CUST_0145,247.31,EUR,PURCHASE,UTILITIES,2024-02-20 13:56:03,False,72574.51
TXN_00007948,CUST_0136,419.49,EUR,TRANSFER,TRAVEL,2024-02-20 14:27:47,False,51503.23
TXN_00000259,CUST_0109,654.51,EUR,PURCHASE,DINING,2024-02-20 14:28:13,False,14954.34
TXN_00004377,CUST_0142,145.75,EUR,PURCHASE,GROCERY,2024-02-20 14:39:02,False,33492.93
TXN_00008614,CUST_0141,265.13,EUR,PURCHASE,UTILITIES,2024-02-20 14:41:25,False,40528.01
TXN_00002611,CUST_0036,94.72,EUR,WITHDRAWAL,TRAVEL,2024-02-20 15:16:35,False,88262.5
TXN_00001451,CUST_0139,140.38,EUR,PURCHASE,ELECTRONICS,2024-02-20 15:42:54,False,22662.83
TXN_00009531,CUST_0093,6206.37,USD,PURCHASE,TRAVEL,2024-02-20 15:52:29,False,9014.86
TXN_00005175,CUST_0109,1964.97,EUR,PURCHASE,GROCERY,2024-02-20 16:15:54,False,52659.57
TXN_00009735,CUST_0045,212.78,USD,PURCHASE,UTILITIES,2024-02-20 17:13:57,False,33036.14
TXN_00006956,CUST_0054,93.82,USD,TRANSFER,UTILITIES,2024-02-20 17:27:58,False,84831.87
TXN_00007429,CUST_0046,60.96,EUR,PURCHASE,DINING,2024-02-20 17:46:32,False,42482.95
TXN_00002448,CUST_0195,87.3,EUR,PURCHASE,TRAVEL,2024-02-20 18:43:02,False,4619.26
TXN_00009784,CUST_0070,702.23,EUR,PURCHASE,ELECTRONICS,2024-02-20 18:46:54,False,71200.3
TXN_00003471,CUST_0147,118.28,USD,PURCHASE,HEALTHCARE,2024-02-20 18:51:48,False,67546.3
TXN_00008420,CUST_0022,792.95,EUR,PURCHASE,UTILITIES,2024-02-21 05:35:32,False,88732.04
TXN_00006110,CUST_0094,44.46,EUR,WITHDRAWAL,ELECTRONICS,2024-02-21 06:10:47,False,56085.86
TXN_00008298,CUST_0006,86.32,EUR,TRANSFER,HEALTHCARE,2024-02-21 06:11:35,False,51027.21
TXN_00001559,CUST_0128,79.97,EUR,PURCHASE,DINING,2024-02-21 06:49:42,False,63556.59
TXN_00008463,CUST_0127,289.24,GBP,TRANSFER,UTILITIES,2024-02-21 07:35:42,False,43411.44
TXN_00003501,CUST_0044,2714.69,EUR,PURCHASE,HEALTHCARE,2024-02-21 08:44:36,False,8821.22
TXN_00004230,CUST_0047,93.05,EUR,TRANSFER,DINING,2024-02-21 09:22:43,False,74399.65
TXN_00007171,CUST_0161,1554.22,USD,PURCHASE,ELECTRONICS,2024-02-21 09:33:44,False,9491.32
TXN_00009509,CUST_0069,-133.92,EUR,REFUND,UTILITIES,2024-02-21 09:47:22,False,18990.45
TXN_00006156,CUST_0088,695.49,USD,TRANSFER,GROCERY,2024-02-21 09:58:53,False,74258.37
TXN_00009025,CUST_0035,194.22,EUR,WITHDRAWAL,,2024-02-21 10:16:08,False,38229.52
TXN_00009340,CUST_0161,40.77,EUR,PURCHASE,HEALTHCARE,2024-02-21 10:47:47,False,7916.06
TXN_00005743,CUST_0067,72.35,EUR,PURCHASE,GROCERY,2024-02-21 12:28:52,True,97669.77
TXN_00004208,CUST_0157,102.03,GBP,PURCHASE,UTILITIES,2024-02-21 12:33:42,False,98286.68
TXN_00005404,CUST_0090,205.38,EUR,WITHDRAWAL,UTILITIES,2024-02-21 12:37:32,False,43775.16
TXN_00008065,CUST_0014,137.47,USD,TRANSFER,HEALTHCARE,2024-02-21 12:53:17,False,90430.99
TXN_00000045,CUST_0197,97.93,EUR,WITHDRAWAL,UTILITIES,2024-02-21 13:11:38,False,58080.52
TXN_00009640,CUST_0169,140.99,USD,PURCHASE,DINING,2024-02-21 13:19:46,False,59798.15
TXN_00002467,CUST_0090,720.84,USD,PURCHASE,DINING,2024-02-21 13:33:48,False,58412.21
TXN_00006843,CUST_0075,313.02,EUR,TRANSFER,DINING,2024-02-21 13:46:34,False,17593.29
TXN_00007299,CUST_0193,892.59,EUR,PURCHASE,DINING,2024-02-21 13:51:30,False,10884.96
TXN_00005089,CUST_0163,584.17,EUR,WITHDRAWAL,DINING,2024-02-21 14:43:54,False,31049.49
TXN_00002150,CUST_0057,9.12,USD,PURCHASE,,2024-02-21 14:45:28,False,11690.78
TXN_00007906,CUST_0176,86.64,EUR,WITHDRAWAL,HEALTHCARE,2024-02-21 15:02:30,False,47352.25
TXN_00002177,CUST_0162,110.31,EUR,PURCHASE,TRAVEL,2024-02-21 15:30:32,False,95737.12
TXN_00000570,CUST_0027,391.12,EUR,WITHDRAWAL,HEALTHCARE,2024-02-21 15:34:40,False,2620.33
TXN_00000487,CUST_0179,732.77,EUR,PURCHASE,UTILITIES,2024-02-21 15:45:26,False,86140.35
TXN_00002097,CUST_0085,32.66,EUR,PURCHASE,ELECTRONICS,2024-02-21 17:26:32,False,62802.89
TXN_00001152,CUST_0139,176.46,EUR,PURCHASE,GROCERY,2024-02-21 17:36:56,False,52467.21
TXN_00000900,CUST_0198,440.85,EUR,PURCHASE,GROCERY,2024-02-21 17:56:46,False,45874.39
TXN_00001372,CUST_0192,4609.64,USD,WITHDRAWAL,ELECTRONICS,2024-02-21 18:42:18,False,3583.84
TXN_00004334,CUST_0057,926.99,EUR,WITHDRAWAL,DINING,2024-02-21 18:53:55,False,99449.95
TXN_00002819,CUST_0167,-129.8,USD,REFUND,HEALTHCARE,2024-02-21 19:14:45,False,92976.33
TXN_00004856,CUST_0048,37.18,EUR,WITHDRAWAL,UTILITIES,2024-02-21 19:45:24,False,64983.45
TXN_00002299,CUST_0052,623.17,EUR,PURCHASE,UTILITIES,2024-02-21 19:53:23,False,87025.76
TXN_00001196,CUST_0198,330.83,EUR,PURCHASE,DINING,2024-02-22 04:53:46,False,71682.14
TXN_00006330,CUST_0033,-57.53,EUR,REFUND,TRAVEL,2024-02-22 05:59:10,False,1851.44
TXN_00004584,CUST_0034,372.39,EUR,PURCHASE,ELECTRONICS,2024-02-22 07:10:33,False,32879.89
TXN_00000873,CUST_0085,725.62,USD,WITHDRAWAL,GROCERY,2024-02-22 08:09:45,False,60516.89
TXN_00006832,CUST_0050,29.4,GBP,WITHDRAWAL,HEALTHCARE,2024-02-22 08:27:14,False,29163.38
TXN_00006076,CUST_0174,193.05,EUR,TRANSFER,TRAVEL,2024-02-22 09:09:54,False,59029.84
TXN_00006388,CUST_0110,258.95,EUR,PURCHASE,DINING,2024-02-22 09:25:50,False,75325.32
TXN_00003733,CUST_0078,109.43,USD,PURCHASE,HEALTHCARE,2024-02-22 10:20:01,False,45870.11
TXN_00009024,CUST_0074,181.45,EUR,WITHDRAWAL,GROCERY,2024-02-22 11:04:04,False,98908.62
TXN_00007503,CUST_0090,5187.49,EUR,PURCHASE,UTILITIES,2024-02-22 11:10:14,False,67103.62
TXN_00000135,CUST_0131,164.68,EUR,PURCHASE,UTILITIES,2024-02-22 11:22:15,False,73154.42
TXN_00008495,CUST_0180,86.67,EUR,PURCHASE,TRAVEL,2024-02-22 11:26:45,False,37432.89
TXN_00008545,CUST_0003,-60.61,EUR,REFUND,DINING,2024-02-22 11:36:54,False,6568.0
TXN_00001325,CUST_0167,68.89,USD,PURCHASE,GROCERY,2024-02-22 11:45:00,False,23049.12
TXN_00003358,CUST_0018,302.81,EUR,PURCHASE,DINING,2024-02-22 12:07:27,False,30141.01
TXN_00006995,CUST_0177,769.16,EUR,PURCHASE,GROCERY,2024-02-22 12:47:36,False,71569.03
TXN_00000842,CUST_0093,267.44,EUR,PURCHASE,DINING,2024-02-22 13:03:12,False,52800.3
TXN_00006510,CUST_0002,470.93,EUR,PURCHASE,UTILITIES,2024-02-22 13:06:37,False,7488.72
TXN_00007371,CUST_0099,1248.23,EUR,WITHDRAWAL,ELECTRONICS,2024-02-22 13:19:58,False,75696.55
TXN_00007769,CUST_0066,2169.37,EUR,PURCHASE,GROCERY,2024-02-22 13:54:16,False,24198.84
TXN_00008202,CUST_0062,407.26,GBP,PURCHASE,DINING,2024-02-22 13:55:27,False,43278.24
TXN_00009397,CUST_0133,1841.18,EUR,PURCHASE,DINING,2024-02-22 14:11:19,False,87510.59
TXN_00000018,CUST_0166,593.34,USD,PURCHASE,DINING,2024-02-22 14:59:59,False,99795.74
TXN_00007763,CUST_0127,510.2,USD,PURCHASE,TRAVEL,2024-02-22 15:42:32,False,49043.03
TXN_00005586,CUST_0142,149.54,EUR,PURCHASE,TRAVEL,2024-02-22 15:48:44,False,51045.57
TXN_00008132,CUST_0070,375.71,EUR,WITHDRAWAL,DINING,2024-02-22 16:04:23,False,76320.02
TXN_00009795,CUST_0059,39.15,EUR,PURCHASE,UTILITIES,2024-02-22 16:17:04,False,6178.93
TXN_00003407,CUST_0049,40.29,EUR,PURCHASE,ELECTRONICS,2024-02-22 16:34:54,False,47108.01
TXN_00006377,CUST_0053,39.29,EUR,PURCHASE,DINING,2024-02-22 16:51:13,False,51294.84
TXN_00002816,CUST_0184,94.86,EUR,WITHDRAWAL,HEALTHCARE,2024-02-22 17:23:19,False,5457.57
TXN_00004548,CUST_0122,125.13,EUR,TRANSFER,ELECTRONICS,2024-02-22 17:59:07,False,85403.35
TXN_00005139,CUST_0103,2993.03,EUR,PURCHASE,UTILITIES,2024-02-22 18:11:24,False,15820.28
TXN_00005008,CUST_0162,1800.11,EUR,PURCHASE,ELECTRONICS,2024-02-22 18:32:14,False,35399.14
TXN_00009234,CUST_0116,82.45,GBP,TRANSFER,UTILITIES,2024-02-23 05:18:52,False,62701.9
TXN_00008169,CUST_0071,377.95,EUR,PURCHASE,HEALTHCARE,2024-02-23 05:23:10,False,18871.01
TXN_00000904,CUST_0197,281.37,EUR,PURCHASE,ELECTRONICS,2024-02-23 06:33:14,False,9392.01
TXN_00007870,CUST_0027,160.85,EUR,PURCHASE,ELECTRONICS,2024-02-23 07:36:10,False,26538.76
TXN_00002198,CUST_0007,1424.77,EUR,PURCHASE,ELECTRONICS,2024-02-23 07:42:02,False,36899.71
TXN_00000013,CUST_0196,23.9,EUR,PURCHASE,HEALTHCARE,2024-02-23 08:41:03,False,29957.2
TXN_00009521,CUST_0032,844.59,EUR,PURCHASE,HEALTHCARE,2024-02-23 10:37:24,False,7421.92
TXN_00006442,CUST_0060,425.24,GBP,WITHDRAWAL,ELECTRONICS,2024-02-23 10:46:42,False,42202.1
TXN_00003147,CUST_0145,123.73,EUR,PURCHASE,DINING,2024-02-23 10:47:45,False,58841.58
TXN_00003736,CUST_0151,6046.62,EUR,PURCHASE,GROCERY,2024-02-23 11:31:35,False,84098.16
TXN_00002890,CUST_0146,60.14,EUR,WITHDRAWAL,UTILITIES,2024-02-23 11:55:24,False,87291.13
TXN_00005147,CUST_0101,1523.85,EUR,PURCHASE,GROCERY,2024-02-23 12:16:08,False,91835.2
TXN_00005465,CUST_0053,2778.94,USD,PURCHASE,,2024-02-23 12:32:00,False,68944.76
TXN_00001517,CUST_0193,78.52,USD,PURCHASE,GROCERY,2024-02-23 12:55:38,False,29365.55
TXN_00009182,CUST_0195,79.44,USD,PURCHASE,TRAVEL,2024-02-23 13:37:53,False,87372.47
TXN_00006726,CUST_0159,258.35,EUR,TRANSFER,GROCERY,2024-02-23 14:16:08,False,6769.6
TXN_00000176,CUST_0147,946.84,USD,PURCHASE,DINING,2024-02-23 14:46:22,False,5312.33
TXN_00005527,CUST_0170,939.67,GBP,PURCHASE,HEALTHCARE,2024-02-23 14:47:43,False,13854.66
TXN_00004910,CUST_0102,284.52,EUR,PURCHASE,,2024-02-23 15:15:27,False,45939.79
TXN_00003125,CUST_0003,1082.49,EUR,TRANSFER,DINING,2024-02-23 15:16:47,False,78378.8
TXN_00002433,CUST_0101,108.52,EUR,PURCHASE,DINING,2024-02-23 15:39:21,False,88102.9
TXN_00005265,CUST_0065,358.33,EUR,WITHDRAWAL,UTILITIES,2024-02-23 16:33:46,False,16997.44
TXN_00009185,CUST_0038,493.3,EUR,PURCHASE,DINING,2024-02-23 17:14:07,False,9326.85
TXN_00006871,CUST_0023,205.03,EUR,PURCHASE,,2024-02-23 17:15:45,False,86154.68
TXN_00006157,CUST_0131,348.93,GBP,PURCHASE,DINING,2024-02-23 17:54:04,False,35824.79
TXN_00001362,CUST_0000,-917.58,USD,REFUND,HEALTHCARE,2024-02-23 18:25:15,False,33295.78
TXN_00009281,CUST_0012,70.92,EUR,TRANSFER,GROCERY,2024-02-23 18:57:14,False,47607.69
TXN_00007868,CUST_0128,165.27,USD,WITHDRAWAL,GROCERY,2024-02-23 22:22:44,False,49037.62
TXN_00000525,CUST_0035,733.65,EUR,PURCHASE,ELECTRONICS,2024-02-24 07:15:11,False,85229.6
TXN_00006499,CUST_0151,239.92,EUR,TRANSFER,TRAVEL,2024-02-24 08:02:34,False,37438.5
TXN_00001194,CUST_0063,34.48,EUR,PURCHASE,ELECTRONICS,2024-02-24 08:14:08,False,29600.42
TXN_00008999,CUST_0095,12.34,EUR,PURCHASE,GROCERY,2024-02-24 08:14:56,False,99163.43
TXN_00006565,CUST_0013,2050.23,USD,PURCHASE,HEALTHCARE,2024-02-24 08:16:05,False,55923.03
TXN_00004665,CUST_0055,150.09,EUR,PURCHASE,UTILITIES,2024-02-24 08:37:50,False,41586.92
TXN_00008962,CUST_0153,611.36,GBP,WITHDRAWAL,UTILITIES,2024-02-24 09:25:15,False,18853.01
TXN_00008659,CUST_0001,1083.71,GBP,TRANSFER,TRAVEL,2024-02-24 10:53:58,False,91241.35
TXN_00003476,CUST_0116,143.44,EUR,WITHDRAWAL,TRAVEL,2024-02-24 10:54:24,False,57539.71
TXN_00007594,CUST_0002,271.54,EUR,PURCHASE,HEALTHCARE,2024-02-24 11:29:44,False,96244.13
TXN_00007593,CUST_0064,290.62,GBP,WITHDRAWAL,GROCERY,2024-02-24 11:36:03,False,94335.67
TXN_00007671,CUST_0120,11.29,USD,TRANSFER,UTILITIES,2024-02-24 11:42:12,False,13181.88
TXN_00006429,CUST_0149,7416.19,USD,PURCHASE,DINING,2024-02-24 12:13:42,False,18572.4
TXN_00009228,CUST_0132,489.49,GBP,PURCHASE,HEALTHCARE,2024-02-24 12:41:06,True,12741.33
TXN_00004717,CUST_0018,197.15,EUR,TRANSFER,HEALTHCARE,2024-02-24 12:47:58,False,39313.42
TXN_00000007,CUST_0156,479.15,USD,PURCHASE,ELECTRONICS,2024-02-24 12:51:56,False,16457.69
TXN_00009197,CUST_0121,65.05,EUR,PURCHASE,HEALTHCARE,2024-02-24 13:32:45,False,84662.78
TXN_00000281,CUST_0083,147.22,EUR,PURCHASE,UTILITIES,2024-02-24 13:38:02,False,41160.88
TXN_00005363,CUST_0168,38.07,GBP,PURCHASE,UTILITIES,2024-02-24 13:42:35,False,76452.35
TXN_00004949,CUST_0024,579.7,EUR,WITHDRAWAL,DINING,2024-02-24 14:35:50,False,40106.02
TXN_00008701,CUST_0003,2379.42,USD,PURCHASE,GROCERY,2024-02-24 14:46:27,False,55358.15
TXN_00006561,CUST_0006,388.45,EUR,TRANSFER,ELECTRONICS,2024-02-24 15:32:20,False,41633.03
TXN_00006883,CUST_0048,4324.09,USD,PURCHASE,ELECTRONICS,2024-02-24 15:55:54,False,35721.13
TXN_00002603,CUST_0179,793.47,EUR,TRANSFER,TRAVEL,2024-02-24 16:22:12,False,49604.32
TXN_00003698,CUST_0142,403.52,EUR,WITHDRAWAL,DINING,2024-02-24 17:43:47,False,44122.12
TXN_00006906,CUST_0173,152.34,EUR,WITHDRAWAL,HEALTHCARE,2024-02-24 18:59:07,False,94471.57
TXN_00008483,CUST_0113,57.44,GBP,PURCHASE,HEALTHCARE,2024-02-25 05:09:53,False,3106.28
TXN_00002202,CUST_0036,434.01,GBP,PURCHASE,UTILITIES,2024-02-25 06:16:29,False,13689.84
TXN_00008048,CUST_0199,40.07,EUR,TRANSFER,ELECTRONICS,2024-02-25 07:22:54,False,17660.63
TXN_00009913,CUST_0049,634.93,EUR,PURCHASE,HEALTHCARE,2024-02-25 08:23:10,False,22051.05
TXN_00009233,CUST_0089,114.21,EUR,WITHDRAWAL,ELECTRONICS,2024-02-25 09:22:42,False,40660.14
TXN_00001204,CUST_0199,1142.52,EUR,PURCHASE,HEALTHCARE,2024-02-25 10:36:44,False,23753.98
TXN_00005544,CUST_0170,1192.87,EUR,PURCHASE,ELECTRONICS,2024-02-25 10:38:20,False,29644.68
TXN_00005894,CUST_0194,818.93,EUR,PURCHASE,HEALTHCARE,2024-02-25 10:40:30,False,50326.54
TXN_00007854,CUST_0038,6286.76,EUR,PURCHASE,GROCERY,2024-02-25 10:46:00,True,88982.18
TXN_00002396,CUST_0108,128.23,EUR,TRANSFER,GROCERY,2024-02-25 11:26:49,False,38447.45
TXN_00003798,CUST_0129,69.69,USD,TRANSFER,HEALTHCARE,2024-02-25 11:51:26,False,25077.18
TXN_00001028,CUST_0021,-23.71,GBP,REFUND,DINING,2024-02-25 11:57:42,False,76582.17
TXN_00005946,CUST_0159,1739.71,EUR,WITHDRAWAL,TRAVEL,2024-02-25 12:52:36,False,7897.85
TXN_00003280,CUST_0130,407.11,EUR,PURCHASE,TRAVEL,2024-02-25 12:57:33,False,20915.73
TXN_00004119,CUST_0159,206.65,EUR,PURCHASE,TRAVEL,2024-02-25 13:54:19,False,9244.02
TXN_00006178,CUST_0113,51.03,USD,PURCHASE,ELECTRONICS,2024-02-25 14:10:23,False,80992.25
TXN_00002080,CUST_0068,93.51,EUR,WITHDRAWAL,TRAVEL,2024-02-25 14:11:55,False,78862.99
TXN_00004939,CUST_0185,168.8,EUR,PURCHASE,GROCERY,2024-02-25 14:28:30,False,62629.24
TXN_00003091,CUST_0168,30.87,EUR,PURCHASE,TRAVEL,2024-02-25 16:28:58,False,77251.97
TXN_00003073,CUST_0011,153.04,EUR,PURCHASE,TRAVEL,2024-02-25 17:41:35,False,39685.36
TXN_00002402,CUST_0108,287.25,EUR,WITHDRAWAL,DINING,2024-02-26 05:46:55,False,20720.05
TXN_00005774,CUST_0089,-110.64,EUR,REFUND,HEALTHCARE,2024-02-26 08:23:46,False,13582.85
TXN_00005463,CUST_0012,242.45,GBP,PURCHASE,UTILITIES,2024-02-26 09:01:16,False,83800.32
TXN_00001762,CUST_0118,111.94,EUR,TRANSFER,GROCERY,2024-02-26 09:29:23,False,53735.71
TXN_00008727,CUST_0083,301.89,EUR,PURCHASE,UTILITIES,2024-02-26 10:20:04,False,71789.12
TXN_00004621,CUST_0194,16.45,USD,PURCHASE,DINING,2024-02-26 11:47:00,False,94147.73
TXN_00002309,CUST_0042,2977.83,GBP,TRANSFER,TRAVEL,2024-02-26 11:55:28,False,30637.1
TXN_00006207,CUST_0175,112.57,EUR,PURCHASE,TRAVEL,2024-02-26 12:14:03,False,50259.64
TXN_00007342,CUST_0018,316.57,EUR,TRANSFER,UTILITIES,2024-02-26 12:17:06,False,96353.62
TXN_00002063,CUST_0140,503.67,EUR,PURCHASE,TRAVEL,2024-02-26 12:41:33,False,32873.75
TXN_00005905,CUST_0151,116.64,EUR,PURCHASE,UTILITIES,2024-02-26 13:08:48,False,28182.38
TXN_00004703,CUST_0054,179.44,USD,TRANSFER,UTILITIES,2024-02-26 13:21:17,False,59857.55
TXN_00002560,CUST_0020,627.92,EUR,PURCHASE,DINING,2024-02-26 13:21:54,False,5271.28
TXN_00005092,CUST_0193,203.26,USD,WITHDRAWAL,HEALTHCARE,2024-02-26 13:29:09,False,18514.75
TXN_00002308,CUST_0049,681.56,USD,PURCHASE,TRAVEL,2024-02-26 14:06:18,False,67898.98
TXN_00005326,CUST_0090,26.15,USD,WITHDRAWAL,TRAVEL,2024-02-26 14:07:43,False,75538.95
TXN_00009560,CUST_0143,186.26,EUR,TRANSFER,DINING,2024-02-26 14:27:11,False,63252.67
TXN_00009121,CUST_0175,2.62,EUR,PURCHASE,ELECTRONICS,2024-02-26 14:33:09,False,57372.78
TXN_00001802,CUST_0103,24.25,EUR,TRANSFER,UTILITIES,2024-02-26 14:44:34,False,18946.44
TXN_00009883,CUST_0199,106.44,EUR,PURCHASE,UTILITIES,2024-02-26 14:45:15,False,49021.89
TXN_00004340,CUST_0019,99.78,USD,PURCHASE,TRAVEL,2024-02-26 15:04:34,False,76461.73
TXN_00002494,CUST_0009,172.34,USD,PURCHASE,GROCERY,2024-02-26 15:13:32,False,13500.1
TXN_00002977,CUST_0142,723.92,GBP,TRANSFER,ELECTRONICS,2024-02-26 15:18:32,False,52134.68
TXN_00006845,CUST_0112,176.12,EUR,PURCHASE,,2024-02-26 15:39:32,False,87492.34
TXN_00007232,CUST_0148,315.49,EUR,PURCHASE,,2024-02-26 15:43:23,False,32544.91
TXN_00005044,CUST_0007,852.54,USD,TRANSFER,TRAVEL,2024-02-26 15:55:35,False,15314.75
TXN_00004543,CUST_0086,14.47,USD,PURCHASE,HEALTHCARE,2024-02-26 16:01:54,False,61166.55
TXN_00000821,CUST_0136,899.69,EUR,PURCHASE,ELECTRONICS,2024-02-26 16:29:46,False,20169.33
TXN_00003094,CUST_0061,1014.86,EUR,PURCHASE,ELECTRONICS,2024-02-26 16:47:10,False,61970.02
TXN_00009770,CUST_0073,674.92,USD,PURCHASE,ELECTRONICS,2024-02-26 17:08:44,False,68081.52
TXN_00001339,CUST_0177,1640.7,EUR,PURCHASE,ELECTRONICS,2024-02-26 20:13:01,False,80783.65
TXN_00000136,CUST_0135,538.82,GBP,PURCHASE,ELECTRONICS,2024-02-26 20:46:11,False,92119.11
TXN_00005127,CUST_0050,354.17,EUR,TRANSFER,HEALTHCARE,2024-02-26 21:49:37,False,49029.24
TXN_00006708,CUST_0151,209.18,EUR,PURCHASE,ELECTRONICS,2024-02-27 06:50:35,False,46286.95
TXN_00009492,CUST_0041,742.46,EUR,TRANSFER,UTILITIES,2024-02-27 08:11:40,False,57536.77
TXN_00000933,CUST_0118,92.95,USD,PURCHASE,TRAVEL,2024-02-27 08:25:44,False,16864.84
TXN_00004567,CUST_0172,170.38,EUR,PURCHASE,GROCERY,2024-02-27 08:58:11,False,93788.2
TXN_00008143,CUST_0093,178.17,USD,TRANSFER,GROCERY,2024-02-27 09:42:53,False,61684.02
TXN_00008437,CUST_0090,3190.42,GBP,PURCHASE,HEALTHCARE,2024-02-27 09:49:46,False,10708.47
TXN_00007286,CUST_0153,61.06,GBP,PURCHASE,UTILITIES,2024-02-27 12:27:06,False,20153.77
TXN_00006855,CUST_0156,21.15,USD,PURCHASE,ELECTRONICS,2024-02-27 12:31:20,False,95301.37
TXN_00003766,CUST_0197,10.45,USD,PURCHASE,ELECTRONICS,2024-02-27 12:35:24,False,73249.44
TXN_00002740,CUST_0059,47.64,USD,WITHDRAWAL,UTILITIES,2024-02-27 12:38:24,False,99985.92
TXN_00005525,CUST_0141,119.15,EUR,TRANSFER,DINING,2024-02-27 13:05:28,False,59379.54
TXN_00009330,CUST_0071,2783.98,EUR,PURCHASE,DINING,2024-02-27 13:11:19,False,51383.38
TXN_00008069,CUST_0141,151.14,EUR,WITHDRAWAL,HEALTHCARE,2024-02-27 13:40:18,False,98900.64
TXN_00008177,CUST_0178,25.84,EUR,PURCHASE,DINING,2024-02-27 13:41:01,False,72588.38
TXN_00007310,CUST_0149,3.19,EUR,PURCHASE,UTILITIES,2024-02-27 13:45:19,False,43160.56
TXN_00001910,CUST_0187,449.78,EUR,WITHDRAWAL,ELECTRONICS,2024-02-27 13:55:42,False,53971.91
TXN_00008099,CUST_0181,-94.28,EUR,REFUND,HEALTHCARE,2024-02-27 14:13:08,False,29545.25
TXN_00006685,CUST_0189,617.82,USD,PURCHASE,ELECTRONICS,2024-02-27 14:13:25,False,87956.89
TXN_00003402,CUST_0022,8542.36,EUR,PURCHASE,HEALTHCARE,2024-02-27 15:19:24,False,46770.99
TXN_00007783,CUST_0018,87.7,EUR,PURCHASE,GROCERY,2024-02-27 15:34:44,False,15984.12
TXN_00002341,CUST_0172,46.83,EUR,PURCHASE,TRAVEL,2024-02-27 15:40:09,False,43013.4
TXN_00002427,CUST_0037,695.12,USD,TRANSFER,HEALTHCARE,2024-02-27 15:55:27,False,54187.64
TXN_00000519,CUST_0047,132.36,EUR,PURCHASE,TRAVEL,2024-02-27 16:02:21,False,56449.69
TXN_00004184,CUST_0084,119.53,USD,WITHDRAWAL,HEALTHCARE,2024-02-27 16:15:10,False,88712.12
TXN_00005786,CUST_0071,2613.04,GBP,TRANSFER,GROCERY,2024-02-27 16:32:22,False,84298.6
TXN_00008253,CUST_0160,-328.77,EUR,REFUND,UTILITIES,2024-02-27 17:43:52,False,66489.3
TXN_00008135,CUST_0181,3219.87,EUR,PURCHASE,GROCERY,2024-02-27 17:57:23,False,7553.05
TXN_00006893,CUST_0024,426.08,EUR,WITHDRAWAL,TRAVEL,2024-02-27 19:04:36,False,51003.87
TXN_00002906,CUST_0187,443.3,EUR,PURCHASE,GROCERY,2024-02-27 19:39:05,False,32087.77
TXN_00006374,CUST_0157,-95.11,EUR,REFUND,DINING,2024-02-28 03:42:21,False,33172.92
TXN_00007024,CUST_0021,125.07,EUR,PURCHASE,HEALTHCARE,2024-02-28 05:20:00,False,62590.18
TXN_00009046,CUST_0179,164.35,EUR,PURCHASE,HEALTHCARE,2024-02-28 06:29:01,False,90373.12
TXN_00003301,CUST_0026,-6840.31,EUR,REFUND,DINING,2024-02-28 07:01:14,False,44949.21
TXN_00004188,CUST_0110,771.73,EUR,WITHDRAWAL,TRAVEL,2024-02-28 07:46:13,True,61425.59
TXN_00002575,CUST_0033,993.48,USD,WITHDRAWAL,ELECTRONICS,2024-02-28 07:59:01,False,62343.8
TXN_00007516,CUST_0027,16.91,EUR,PURCHASE,DINING,2024-02-28 08:53:01,False,86583.94
TXN_00005511,CUST_0013,-2024.05,EUR,REFUND,TRAVEL,2024-02-28 09:03:42,False,89874.75
TXN_00007472,CUST_0159,108.96,EUR,PURCHASE,ELECTRONICS,2024-02-28 09:26:49,False,70649.4
TXN_00001887,CUST_0137,24.86,EUR,PURCHASE,HEALTHCARE,2024-02-28 09:32:34,False,68624.17
TXN_00006261,CUST_0016,145.57,EUR,PURCHASE,GROCERY,2024-02-28 10:09:06,False,81785.28
TXN_00002551,CUST_0062,429.83,EUR,PURCHASE,ELECTRONICS,2024-02-28 10:18:27,False,92921.23
TXN_00004799,CUST_0117,78.89,EUR,PURCHASE,UTILITIES,2024-02-28 10:30:47,False,28516.0
TXN_00005066,CUST_0149,90.78,USD,PURCHASE,HEALTHCARE,2024-02-28 10:35:49,False,38996.23
TXN_00007690,CUST_0127,112.14,GBP,TRANSFER,UTILITIES,2024-02-28 10:58:53,False,48875.36
TXN_00006288,CUST_0003,56.05,EUR,WITHDRAWAL,UTILITIES,2024-02-28 11:17:39,False,37713.75
TXN_00006020,CUST_0024,3466.62,EUR,PURCHASE,HEALTHCARE,2024-02-28 11:33:35,False,26088.99
TXN_00009047,CUST_0131,476.05,EUR,TRANSFER,DINING,2024-02-28 11:52:56,False,50266.54
TXN_00005993,CUST_0178,26.25,EUR,TRANSFER,HEALTHCARE,2024-02-28 12:08:27,False,62084.39
TXN_00008052,CUST_0000,170.23,EUR,TRANSFER,HEALTHCARE,2024-02-28 12:22:53,False,33758.2
TXN_00008404,CUST_0150,47.86,EUR,TRANSFER,TRAVEL,2024-02-28 12:31:13,False,8791.61
TXN_00000985,CUST_0050,70.36,USD,TRANSFER,ELECTRONICS,2024-02-28 12:32:49,False,61606.26
TXN_00009079,CUST_0026,692.78,EUR,WITHDRAWAL,DINING,2024-02-28 13:00:51,False,90581.42
TXN_00002710,CUST_0082,45.63,EUR,WITHDRAWAL,,2024-02-28 13:05:51,False,25086.38
TXN_00002895,CUST_0000,80.65,GBP,PURCHASE,TRAVEL,2024-02-28 13:53:21,False,14922.91
TXN_00005611,CUST_0057,37.11,EUR,PURCHASE,TRAVEL,2024-02-28 14:56:30,False,81648.91
TXN_00004518,CUST_0141,497.94,EUR,PURCHASE,DINING,2024-02-28 14:58:51,False,84214.22
TXN_00008753,CUST_0012,134.9,GBP,PURCHASE,HEALTHCARE,2024-02-28 15:07:53,False,12705.61
TXN_00002451,CUST_0073,195.43,EUR,PURCHASE,HEALTHCARE,2024-02-28 15:43:00,False,57287.27
TXN_00002015,CUST_0128,1325.97,EUR,TRANSFER,,2024-02-28 16:25:50,False,21030.68
TXN_00008166,CUST_0077,214.22,USD,WITHDRAWAL,DINING,2024-02-28 16:29:51,False,33961.48
TXN_00001134,CUST_0113,13.58,EUR,PURCHASE,UTILITIES,2024-02-28 16:53:19,False,38076.83
TXN_00001002,CUST_0118,73.48,EUR,TRANSFER,ELECTRONICS,2024-02-28 17:00:18,False,83895.94
TXN_00002292,CUST_0154,297.33,EUR,WITHDRAWAL,TRAVEL,2024-02-28 17:42:48,False,26416.5
TXN_00000843,CUST_0115,2799.87,EUR,PURCHASE,DINING,2024-02-28 18:22:07,False,98663.56
TXN_00009272,CUST_0066,133.05,EUR,PURCHASE,DINING,2024-02-28 18:42:58,False,85584.4
TXN_00007638,CUST_0050,405.18,EUR,WITHDRAWAL,TRAVEL,2024-02-29 02:10:34,False,82305.35
TXN_00006618,CUST_0056,106.33,EUR,PURCHASE,TRAVEL,2024-02-29 04:56:42,True,65172.31
TXN_00000550,CUST_0177,93.62,EUR,PURCHASE,,2024-02-29 07:04:18,False,32339.41
TXN_00008660,CUST_0008,314.32,EUR,WITHDRAWAL,ELECTRONICS,2024-02-29 07:33:23,False,85070.84
TXN_00009435,CUST_0129,1094.54,USD,PURCHASE,UTILITIES,2024-02-29 07:47:42,False,33676.34
TXN_00000059,CUST_0059,3984.08,EUR,PURCHASE,TRAVEL,2024-02-29 08:48:01,False,37882.31
TXN_00006585,CUST_0134,2788.33,EUR,WITHDRAWAL,DINING,2024-02-29 09:10:10,False,13036.8
TXN_00002587,CUST_0147,109.07,GBP,PURCHASE,GROCERY,2024-02-29 09:39:18,False,93721.32
TXN_00005400,CUST_0019,98.58,USD,PURCHASE,UTILITIES,2024-02-29 09:51:38,False,22416.25
TXN_00001337,CUST_0190,78.39,EUR,TRANSFER,DINING,2024-02-29 11:01:00,False,86613.54
TXN_00009287,CUST_0039,1514.32,GBP,TRANSFER,DINING,2024-02-29 11:29:21,False,33756.14
TXN_00001156,CUST_0181,333.71,USD,WITHDRAWAL,UTILITIES,2024-02-29 11:35:12,False,2246.59
TXN_00008368,CUST_0046,325.66,GBP,PURCHASE,TRAVEL,2024-02-29 12:19:33,False,79637.6
TXN_00008084,CUST_0031,838.37,EUR,PURCHASE,UTILITIES,2024-02-29 12:26:04,False,49928.42
TXN_00006802,CUST_0031,267.73,EUR,TRANSFER,UTILITIES,2024-02-29 14:27:03,False,26807.93
TXN_00005861,CUST_0160,17.63,EUR,PURCHASE,HEALTHCARE,2024-02-29 14:45:03,False,12918.0
TXN_00000398,CUST_0064,164.16,EUR,PURCHASE,GROCERY,2024-02-29 14:52:07,False,11287.9
TXN_00008446,CUST_0136,-1434.79,EUR,REFUND,UTILITIES,2024-02-29 15:13:38,False,85135.15
TXN_00004898,CUST_0188,50.54,EUR,WITHDRAWAL,HEALTHCARE,2024-02-29 15:33:33,False,61955.8
TXN_00002876,CUST_0084,356.95,USD,PURCHASE,UTILITIES,2024-02-29 16:34:41,False,45239.32
TXN_00005623,CUST_0097,241.6,EUR,PURCHASE,HEALTHCARE,2024-02-29 18:29:34,False,12089.76
TXN_00004196,CUST_0152,-447.71,USD,REFUND,ELECTRONICS,2024-02-29 19:20:34,False,27586.21
TXN_00002854,CUST_0119,360.53,EUR,PURCHASE,GROCERY,2024-02-29 19:43:50,False,30461.76
TXN_00003022,CUST_0122,124.27,EUR,TRANSFER,ELECTRONICS,2024-02-29 22:09:49,False,86642.66
TXN_00000637,CUST_0185,422.74,EUR,PURCHASE,HEALTHCARE,2024-03-01 05:09:49,False,53086.78
TXN_00001041,CUST_0128,2018.09,EUR,TRANSFER,UTILITIES,2024-03-01 05:57:51,False,7921.86
TXN_00004524,CUST_0137,79.99,EUR,TRANSFER,DINING,2024-03-01 06:16:45,False,15522.46
TXN_00004014,CUST_0175,200.46,GBP,PURCHASE,TRAVEL,2024-03-01 06:53:04,False,51077.62
TXN_00001574,CUST_0130,415.68,EUR,PURCHASE,UTILITIES,2024-03-01 07:27:00,False,6641.67
TXN_00002682,CUST_0074,5042.49,EUR,TRANSFER,TRAVEL,2024-03-01 07:48:04,True,78722.92
TXN_00007244,CUST_0020,1113.0,EUR,PURCHASE,DINING,2024-03-01 09:00:30,False,28371.19
TXN_00005444,CUST_0110,76.63,EUR,PURCHASE,ELECTRONICS,2024-03-01 09:45:41,False,79451.64
TXN_00005227,CUST_0169,471.88,EUR,PURCHASE,ELECTRONICS,2024-03-01 10:35:00,False,27227.94
TXN_00007115,CUST_0128,583.07,EUR,WITHDRAWAL,DINING,2024-03-01 10:40:47,False,99241.79
TXN_00008421,CUST_0008,23502.89,EUR,TRANSFER,ELECTRONICS,2024-03-01 11:07:39,False,73811.99
TXN_00009463,CUST_0064,344.32,EUR,TRANSFER,ELECTRONICS,2024-03-01 11:15:29,False,6167.12
TXN_00008638,CUST_0051,395.79,EUR,WITHDRAWAL,DINING,2024-03-01 11:25:05,True,43958.95
TXN_00001034,CUST_0138,16.25,EUR,TRANSFER,DINING,2024-03-01 11:27:14,False,86912.09
TXN_00005845,CUST_0137,107.7,EUR,WITHDRAWAL,ELECTRONICS,2024-03-01 11:34:41,False,12554.04
TXN_00002677,CUST_0056,105.52,GBP,WITHDRAWAL,UTILITIES,2024-03-01 11:35:50,False,72415.05
TXN_00002368,CUST_0129,2880.11,EUR,PURCHASE,ELECTRONICS,2024-03-01 12:24:30,False,76168.92
TXN_00002800,CUST_0044,185.69,EUR,PURCHASE,DINING,2024-03-01 12:28:26,False,53223.68
TXN_00004680,CUST_0147,6333.3,EUR,PURCHASE,TRAVEL,2024-03-01 12:34:13,False,10661.84
TXN_00002144,CUST_0047,2832.62,EUR,TRANSFER,HEALTHCARE,2024-03-01 12:42:38,False,95136.31
TXN_00007810,CUST_0079,12.9,USD,TRANSFER,DINING,2024-03-01 13:04:43,False,43534.21
TXN_00003179,CUST_0163,64.89,USD,PURCHASE,UTILITIES,2024-03-01 13:40:04,False,74274.57
TXN_00006418,CUST_0006,211.33,GBP,PURCHASE,GROCERY,2024-03-01 14:37:12,False,11220.63
TXN_00001712,CUST_0079,2331.88,GBP,WITHDRAWAL,ELECTRONICS,2024-03-01 14:56:54,False,24900.94
TXN_00008601,CUST_0100,996.42,EUR,PURCHASE,GROCERY,2024-03-01 15:38:02,False,97077.75
TXN_00000348,CUST_0152,210.25,EUR,PURCHASE,UTILITIES,2024-03-01 15:38:55,False,78776.26
TXN_00005615,CUST_0171,18.47,EUR,PURCHASE,,2024-03-01 16:09:12,False,97172.97
TXN_00002407,CUST_0140,3053.99,USD,PURCHASE,ELECTRONICS,2024-03-01 17:16:48,False,21079.37
TXN_00005276,CUST_0134,788.46,USD,PURCHASE,HEALTHCARE,2024-03-01 21:33:05,False,87650.9
TXN_00005212,CUST_0112,777.65,USD,PURCHASE,GROCERY,2024-03-02 03:07:09,False,75202.66
TXN_00009388,CUST_0139,40.46,USD,PURCHASE,HEALTHCARE,2024-03-02 04:02:35,False,94360.58
TXN_00007694,CUST_0144,104.11,EUR,WITHDRAWAL,ELECTRONICS,2024-03-02 05:12:39,False,14578.33
TXN_00004264,CUST_0031,2451.55,EUR,PURCHASE,DINING,2024-03-02 05:18:23,False,30778.75
TXN_00001082,CUST_0008,48.74,USD,WITHDRAWAL,ELECTRONICS,2024-03-02 07:10:57,False,48383.9
TXN_00006800,CUST_0082,193.94,EUR,PURCHASE,HEALTHCARE,2024-03-02 08:21:33,False,91700.39
TXN_00005005,CUST_0189,166.28,USD,PURCHASE,HEALTHCARE,2024-03-02 09:08:14,False,22639.29
TXN_00000769,CUST_0063,253.71,USD,TRANSFER,TRAVEL,2024-03-02 09:48:30,False,69536.63
TXN_00007701,CUST_0017,668.92,EUR,PURCHASE,UTILITIES,2024-03-02 11:29:39,False,92822.1
TXN_00008707,CUST_0165,2088.85,EUR,WITHDRAWAL,UTILITIES,2024-03-02 11:33:45,False,11023.72
TXN_00007476,CUST_0192,14.96,GBP,PURCHASE,GROCERY,2024-03-02 11:39:15,False,65158.62
TXN_00002744,CUST_0157,2655.7,EUR,PURCHASE,HEALTHCARE,2024-03-02 11:52:44,False,67043.64
TXN_00003965,CUST_0077,200.13,GBP,PURCHASE,GROCERY,2024-03-02 12:14:25,False,38329.89
TXN_00009674,CUST_0196,435.45,EUR,TRANSFER,UTILITIES,2024-03-02 12:15:04,False,18183.86
TXN_00007158,CUST_0087,25.48,EUR,PURCHASE,ELECTRONICS,2024-03-02 12:15:35,False,15012.85
TXN_00000025,CUST_0141,169.47,EUR,PURCHASE,HEALTHCARE,2024-03-02 12:23:36,False,5375.91
TXN_00000563,CUST_0078,604.84,USD,PURCHASE,UTILITIES,2024-03-02 12:26:20,False,95768.36
TXN_00002349,CUST_0095,551.97,EUR,PURCHASE,GROCERY,2024-03-02 12:49:42,False,86320.65
TXN_00001894,CUST_0073,172.48,EUR,TRANSFER,UTILITIES,2024-03-02 13:13:24,False,81476.98
TXN_00008234,CUST_0172,187.31,GBP,PURCHASE,TRAVEL,2024-03-02 13:19:12,False,92653.12
TXN_00006820,CUST_0038,676.56,EUR,TRANSFER,DINING,2024-03-02 13:44:56,False,38035.23
TXN_00000725,CUST_0176,542.85,USD,PURCHASE,GROCERY,2024-03-02 13:48:47,False,89287.57
TXN_00008136,CUST_0083,1196.26,EUR,PURCHASE,GROCERY,2024-03-02 14:36:53,False,32240.91
TXN_00005532,CUST_0194,1193.85,EUR,PURCHASE,TRAVEL,2024-03-02 14:40:08,False,99792.95
TXN_00004830,CUST_0025,13.72,USD,PURCHASE,ELECTRONICS,2024-03-02 15:46:04,False,41423.02
TXN_00001905,CUST_0153,4.91,EUR,TRANSFER,DINING,2024-03-02 17:02:45,False,27938.56
TXN_00004836,CUST_0080,359.49,EUR,PURCHASE,TRAVEL,2024-03-02 17:07:28,False,41755.2
TXN_00005169,CUST_0089,271.91,EUR,PURCHASE,HEALTHCARE,2024-03-02 17:13:09,False,14509.14
TXN_00009939,CUST_0157,802.54,EUR,WITHDRAWAL,ELECTRONICS,2024-03-02 17:58:45,False,72943.3
TXN_00008667,CUST_0128,-84.77,EUR,REFUND,UTILITIES,2024-03-03 07:08:57,False,60773.47
TXN_00008063,CUST_0172,10.12,EUR,WITHDRAWAL,GROCERY,2024-03-03 08:09:13,False,29148.48
TXN_00001257,CUST_0089,10.31,EUR,WITHDRAWAL,UTILITIES,2024-03-03 09:42:46,False,76199.68
TXN_00009545,CUST_0142,2.05,USD,PURCHASE,HEALTHCARE,2024-03-03 09:55:09,False,63053.65
TXN_00005518,CUST_0173,2199.97,GBP,PURCHASE,ELECTRONICS,2024-03-03 10:23:09,False,47756.81
TXN_00008378,CUST_0099,-23.37,EUR,REFUND,HEALTHCARE,2024-03-03 10:40:47,False,84916.12
TXN_00004783,CUST_0080,649.38,EUR,TRANSFER,ELECTRONICS,2024-03-03 11:11:09,False,23051.28
TXN_00000092,CUST_0157,62.0,EUR,PURCHASE,DINING,2024-03-03 11:41:05,False,78191.16
TXN_00002831,CUST_0071,498.02,USD,TRANSFER,TRAVEL,2024-03-03 11:54:22,False,8830.01
TXN_00001032,CUST_0079,117.97,EUR,PURCHASE,DINING,2024-03-03 11:56:12,False,84015.46
TXN_00007250,CUST_0011,595.5,EUR,PURCHASE,ELECTRONICS,2024-03-03 11:56:29,False,64049.83
TXN_00003645,CUST_0183,694.83,EUR,PURCHASE,UTILITIES,2024-03-03 12:00:38,True,36626.77
TXN_00009346,CUST_0125,75.62,EUR,TRANSFER,GROCERY,2024-03-03 12:06:51,False,60662.06
TXN_00006024,CUST_0140,43.55,EUR,WITHDRAWAL,HEALTHCARE,2024-03-03 12:28:44,False,57105.56
TXN_00003668,CUST_0117,310.91,EUR,WITHDRAWAL,TRAVEL,2024-03-03 12:30:05,False,92438.49
TXN_00005010,CUST_0183,496.38,EUR,PURCHASE,GROCERY,2024-03-03 12:51:15,False,69525.5
TXN_00009818,CUST_0163,183.39,EUR,PURCHASE,DINING,2024-03-03 12:53:16,False,17823.72
TXN_00006506,CUST_0039,2320.05,EUR,PURCHASE,HEALTHCARE,2024-03-03 12:55:36,False,99838.18
TXN_00009649,CUST_0104,3812.77,EUR,WITHDRAWAL,ELECTRONICS,2024-03-03 13:38:52,False,11304.25
TXN_00001208,CUST_0189,4649.16,EUR,PURCHASE,GROCERY,2024-03-03 13:58:16,False,93282.75
TXN_00005628,CUST_0083,168.75,EUR,PURCHASE,DINING,2024-03-03 14:28:05,False,24943.64
TXN_00007751,CUST_0017,256.25,EUR,PURCHASE,TRAVEL,2024-03-03 14:31:22,False,65463.49
TXN_00004661,CUST_0073,-777.46,EUR,REFUND,ELECTRONICS,2024-03-03 14:51:55,False,77673.25
TXN_00001742,CUST_0170,62.61,EUR,PURCHASE,HEALTHCARE,2024-03-03 15:12:13,False,24421.93
TXN_00009862,CUST_0171,518.82,EUR,TRANSFER,DINING,2024-03-03 15:46:08,False,60971.0
TXN_00000815,CUST_0031,118.29,EUR,PURCHASE,GROCERY,2024-03-03 16:37:02,False,41710.57
TXN_00003259,CUST_0043,374.0,EUR,WITHDRAWAL,ELECTRONICS,2024-03-03 18:11:59,False,35232.97
TXN_00000687,CUST_0009,111.03,EUR,TRANSFER,,2024-03-03 18:44:54,False,30593.25
TXN_00000559,CUST_0067,64.43,EUR,PURCHASE,ELECTRONICS,2024-03-03 22:36:51,False,86854.54
TXN_00003564,CUST_0141,140.71,EUR,WITHDRAWAL,TRAVEL,2024-03-04 05:10:24,False,87342.74
TXN_00003363,CUST_0024,457.63,USD,PURCHASE,TRAVEL,2024-03-04 08:07:21,False,30860.22
TXN_00009159,CUST_0095,262.8,EUR,PURCHASE,DINING,2024-03-04 09:25:26,False,88220.68
TXN_00009515,CUST_0140,174.13,USD,PURCHASE,TRAVEL,2024-03-04 09:27:08,False,47330.12
TXN_00005318,CUST_0010,77.11,GBP,PURCHASE,HEALTHCARE,2024-03-04 11:13:36,False,76312.28
TXN_00004410,CUST_0060,-193.96,EUR,REFUND,TRAVEL,2024-03-04 11:43:16,False,89257.34
TXN_00001148,CUST_0102,114.91,USD,PURCHASE,UTILITIES,2024-03-04 11:45:10,False,50645.7
TXN_00005988,CUST_0182,656.21,USD,PURCHASE,DINING,2024-03-04 12:03:00,False,56693.26
TXN_00008947,CUST_0166,146.92,EUR,PURCHASE,ELECTRONICS,2024-03-04 12:43:47,False,16463.67
TXN_00008561,CUST_0007,149.09,USD,PURCHASE,DINING,2024-03-04 13:07:02,False,54129.53
TXN_00002594,CUST_0054,-915.85,GBP,REFUND,DINING,2024-03-04 13:45:28,False,25223.25
TXN_00008306,CUST_0061,436.92,EUR,PURCHASE,DINING,2024-03-04 14:43:11,False,54403.62
TXN_00005304,CUST_0133,4513.24,GBP,TRANSFER,GROCERY,2024-03-04 15:17:18,False,50529.58
TXN_00001953,CUST_0142,67.46,EUR,WITHDRAWAL,GROCERY,2024-03-04 15:50:01,False,95760.65
TXN_00007436,CUST_0125,594.01,EUR,PURCHASE,HEALTHCARE,2024-03-04 15:55:37,False,46543.98
TXN_00008959,CUST_0106,1090.09,EUR,PURCHASE,HEALTHCARE,2024-03-04 16:03:28,False,55783.88
TXN_00000311,CUST_0145,1267.72,EUR,PURCHASE,GROCERY,2024-03-04 17:01:59,False,11082.37
TXN_00007879,CUST_0166,339.85,EUR,PURCHASE,HEALTHCARE,2024-03-04 18:59:51,False,91316.67
TXN_00005873,CUST_0039,1594.22,USD,PURCHASE,TRAVEL,2024-03-04 22:55:45,False,33203.71
TXN_00003516,CUST_0116,1348.22,USD,PURCHASE,UTILITIES,2024-03-04 23:46:14,False,96923.24
TXN_00009706,CUST_0110,70.23,EUR,WITHDRAWAL,TRAVEL,2024-03-05 00:53:28,False,66849.71
TXN_00001462,CUST_0122,1679.59,USD,PURCHASE,DINING,2024-03-05 07:22:42,False,83693.28
TXN_00009222,CUST_0176,184.6,EUR,PURCHASE,ELECTRONICS,2024-03-05 09:04:29,False,95834.76
TXN_00009832,CUST_0057,95.81,USD,WITHDRAWAL,ELECTRONICS,2024-03-05 09:32:56,False,62858.33
TXN_00003678,CUST_0050,672.39,EUR,PURCHASE,DINING,2024-03-05 10:02:41,False,32077.87
TXN_00001695,CUST_0115,139.4,EUR,PURCHASE,ELECTRONICS,2024-03-05 10:03:10,False,86987.1
TXN_00006790,CUST_0012,177.7,EUR,PURCHASE,UTILITIES,2024-03-05 10:24:27,False,69568.81
TXN_00009500,CUST_0114,81.26,EUR,TRANSFER,TRAVEL,2024-03-05 10:49:57,False,17194.02
TXN_00004636,CUST_0195,-87.44,EUR,REFUND,DINING,2024-03-05 10:59:37,False,41555.35
TXN_00004045,CUST_0142,4414.28,EUR,WITHDRAWAL,ELECTRONICS,2024-03-05 11:00:09,False,57182.02
TXN_00002231,CUST_0081,2613.73,USD,PURCHASE,,2024-03-05 11:14:03,False,54294.49
TXN_00003371,CUST_0101,106.1,EUR,WITHDRAWAL,DINING,2024-03-05 11:35:49,False,16709.96
TXN_00002338,CUST_0060,53.19,EUR,PURCHASE,DINING,2024-03-05 11:36:28,False,87148.09
TXN_00005369,CUST_0022,225.15,EUR,PURCHASE,HEALTHCARE,2024-03-05 12:01:48,False,78219.02
TXN_00003168,CUST_0059,35.6,EUR,PURCHASE,HEALTHCARE,2024-03-05 12:21:41,False,80684.57
TXN_00004347,CUST_0025,58.15,EUR,PURCHASE,HEALTHCARE,2024-03-05 12:24:15,False,34733.94
TXN_00009153,CUST_0095,150.28,EUR,PURCHASE,ELECTRONICS,2024-03-05 12:37:21,False,3204.3
TXN_00008267,CUST_0019,110.28,USD,PURCHASE,GROCERY,2024-03-05 12:39:04,False,43702.86
TXN_00005232,CUST_0015,76.21,USD,PURCHASE,HEALTHCARE,2024-03-05 12:56:40,False,91151.58
TXN_00000165,CUST_0011,240.45,EUR,TRANSFER,HEALTHCARE,2024-03-05 13:17:31,False,87334.37
TXN_00006595,CUST_0185,277.88,USD,PURCHASE,HEALTHCARE,2024-03-05 13:18:56,False,7799.47
TXN_00009704,CUST_0062,-4.04,EUR,REFUND,ELECTRONICS,2024-03-05 13:34:46,False,82624.29
TXN_00003388,CUST_0008,1545.27,GBP,WITHDRAWAL,UTILITIES,2024-03-05 13:42:35,False,49514.77
TXN_00006809,CUST_0193,43.13,EUR,TRANSFER,TRAVEL,2024-03-05 14:00:36,False,48121.49
TXN_00002403,CUST_0055,98.37,EUR,PURCHASE,GROCERY,2024-03-05 14:11:04,False,79722.81
TXN_00000120,CUST_0014,47.87,EUR,PURCHASE,HEALTHCARE,2024-03-05 14:16:25,False,76014.16
TXN_00004320,CUST_0185,58.55,USD,PURCHASE,GROCERY,2024-03-05 15:08:13,False,63974.9
TXN_00004385,CUST_0039,19.38,EUR,PURCHASE,TRAVEL,2024-03-05 16:25:55,False,20308.91
TXN_00000823,CUST_0046,8.98,USD,WITHDRAWAL,TRAVEL,2024-03-05 16:35:24,False,33106.05
TXN_00009320,CUST_0083,560.57,EUR,PURCHASE,ELECTRONICS,2024-03-05 17:17:40,False,65264.19
TXN_00000565,CUST_0162,637.24,EUR,PURCHASE,DINING,2024-03-05 18:12:20,False,36992.11
TXN_00004834,CUST_0012,286.77,EUR,PURCHASE,DINING,2024-03-05 23:48:10,False,98479.72
TXN_00008834,CUST_0120,1040.64,USD,PURCHASE,ELECTRONICS,2024-03-06 08:51:05,False,14311.45
TXN_00003189,CUST_0022,1935.01,EUR,PURCHASE,DINING,2024-03-06 11:10:44,False,73047.01
TXN_00008415,CUST_0014,59.63,EUR,PURCHASE,HEALTHCARE,2024-03-06 11:21:05,False,53562.72
TXN_00002285,CUST_0148,81.96,USD,TRANSFER,HEALTHCARE,2024-03-06 12:09:21,False,58896.36
TXN_00001634,CUST_0125,273.45,USD,TRANSFER,DINING,2024-03-06 12:12:22,False,53024.48
TXN_00002212,CUST_0092,62.37,EUR,PURCHASE,TRAVEL,2024-03-06 12:17:42,False,32746.28
TXN_00005256,CUST_0179,82.53,EUR,PURCHASE,UTILITIES,2024-03-06 12:46:42,False,937.14
TXN_00007220,CUST_0087,-1450.29,EUR,REFUND,GROCERY,2024-03-06 12:50:35,False,37472.11
TXN_00000435,CUST_0110,25.19,EUR,PURCHASE,UTILITIES,2024-03-06 13:14:33,False,47869.65
TXN_00000703,CUST_0011,24.24,EUR,TRANSFER,DINING,2024-03-06 13:34:39,False,1443.84
TXN_00001998,CUST_0179,3085.36,USD,PURCHASE,HEALTHCARE,2024-03-06 13:37:02,False,24630.22
TXN_00001407,CUST_0127,77.19,EUR,PURCHASE,DINING,2024-03-06 13:43:11,False,31178.43
TXN_00000178,CUST_0026,256.35,EUR,TRANSFER,TRAVEL,2024-03-06 13:49:33,False,17469.9
TXN_00007262,CUST_0146,1647.83,EUR,WITHDRAWAL,GROCERY,2024-03-06 14:31:46,False,25681.53
TXN_00008285,CUST_0194,195.74,EUR,TRANSFER,HEALTHCARE,2024-03-06 15:12:37,False,50709.92
TXN_00006546,CUST_0153,213.12,EUR,WITHDRAWAL,DINING,2024-03-06 15:32:08,False,50560.45
TXN_00004004,CUST_0125,1138.31,EUR,PURCHASE,HEALTHCARE,2024-03-06 17:09:44,False,90690.0
TXN_00003768,CUST_0033,-820.12,USD,REFUND,UTILITIES,2024-03-06 17:21:22,False,55026.14
TXN_00007311,CUST_0185,11.64,GBP,PURCHASE,UTILITIES,2024-03-06 17:43:25,False,77335.56
TXN_00000614,CUST_0178,396.63,USD,WITHDRAWAL,UTILITIES,2024-03-06 17:51:35,False,65812.31
TXN_00009896,CUST_0175,54.55,EUR,TRANSFER,HEALTHCARE,2024-03-06 18:41:25,False,91920.26
TXN_00004452,CUST_0179,216.74,EUR,PURCHASE,GROCERY,2024-03-06 18:53:38,False,83819.76
TXN_00007513,CUST_0100,779.36,USD,PURCHASE,HEALTHCARE,2024-03-06 18:54:52,False,39303.25
TXN_00004993,CUST_0046,7090.53,USD,PURCHASE,UTILITIES,2024-03-06 19:15:38,False,25300.76
TXN_00000444,CUST_0082,159.87,EUR,TRANSFER,GROCERY,2024-03-06 19:35:44,False,56776.65
TXN_00001589,CUST_0090,46.6,EUR,TRANSFER,HEALTHCARE,2024-03-07 03:22:28,False,41562.94
TXN_00007941,CUST_0058,64.9,EUR,PURCHASE,UTILITIES,2024-03-07 03:24:54,False,55038.97
TXN_00008817,CUST_0061,233.05,USD,TRANSFER,DINING,2024-03-07 05:04:53,False,13033.75
TXN_00001806,CUST_0000,-528.0,EUR,REFUND,HEALTHCARE,2024-03-07 05:40:31,False,93111.15
TXN_00002446,CUST_0121,212.94,USD,WITHDRAWAL,ELECTRONICS,2024-03-07 09:04:03,False,93795.63
TXN_00008898,CUST_0113,18.89,EUR,PURCHASE,ELECTRONICS,2024-03-07 09:29:45,False,59264.0
TXN_00002612,CUST_0001,74.4,EUR,PURCHASE,GROCERY,2024-03-07 10:13:35,False,24390.76
TXN_00005173,CUST_0062,69.74,USD,PURCHASE,TRAVEL,2024-03-07 10:18:45,False,6743.85
TXN_00008043,CUST_0190,167.13,EUR,PURCHASE,TRAVEL,2024-03-07 10:24:38,False,84047.74
TXN_00004782,CUST_0086,421.68,EUR,WITHDRAWAL,DINING,2024-03-07 10:44:08,False,87249.31
TXN_00003346,CUST_0159,208.37,EUR,PURCHASE,ELECTRONICS,2024-03-07 10:44:18,False,6199.99
TXN_00004034,CUST_0080,284.4,EUR,TRANSFER,HEALTHCARE,2024-03-07 10:59:48,False,94521.76
TXN_00002096,CUST_0020,158.03,USD,PURCHASE,HEALTHCARE,2024-03-07 11:07:16,False,90247.94
TXN_00006794,CUST_0078,37.08,EUR,PURCHASE,GROCERY,2024-03-07 11:10:01,False,97598.75
TXN_00004951,CUST_0102,4071.03,GBP,PURCHASE,DINING,2024-03-07 12:06:01,False,24292.76
TXN_00008453,CUST_0185,366.36,EUR,TRANSFER,UTILITIES,2024-03-07 12:38:53,False,56324.9
TXN_00008241,CUST_0067,33.53,EUR,TRANSFER,HEALTHCARE,2024-03-07 13:19:45,False,61667.34
TXN_00003043,CUST_0107,-327.84,EUR,REFUND,TRAVEL,2024-03-07 14:21:18,False,80271.35
TXN_00002470,CUST_0007,260.77,EUR,TRANSFER,ELECTRONICS,2024-03-07 14:22:29,False,43728.85
TXN_00004390,CUST_0039,71.32,USD,PURCHASE,ELECTRONICS,2024-03-07 15:39:21,False,97865.46
TXN_00007768,CUST_0139,270.49,EUR,PURCHASE,GROCERY,2024-03-07 18:20:24,False,50717.97
TXN_00007458,CUST_0123,520.24,EUR,PURCHASE,UTILITIES,2024-03-07 20:21:22,False,7037.45
TXN_00004702,CUST_0078,153.31,USD,PURCHASE,ELECTRONICS,2024-03-07 20:26:50,False,38588.61
TXN_00003716,CUST_0134,178.6,USD,PURCHASE,DINING,2024-03-07 23:18:27,False,19239.64
TXN_00009572,CUST_0079,683.38,EUR,WITHDRAWAL,DINING,2024-03-08 05:30:16,False,12794.49
TXN_00005365,CUST_0020,269.38,USD,TRANSFER,GROCERY,2024-03-08 05:47:01,False,34768.05
TXN_00000912,CUST_0048,1020.1,EUR,PURCHASE,UTILITIES,2024-03-08 06:24:17,False,92764.4
TXN_00000791,CUST_0179,1290.89,EUR,PURCHASE,DINING,2024-03-08 07:04:36,True,9913.37
TXN_00003788,CUST_0110,-483.89,EUR,REFUND,TRAVEL,2024-03-08 07:43:33,False,20788.53
TXN_00005413,CUST_0000,-169.5,USD,REFUND,DINING,2024-03-08 07:54:02,False,14707.66
TXN_00002802,CUST_0040,2509.96,EUR,TRANSFER,HEALTHCARE,2024-03-08 08:00:40,False,70834.65
TXN_00001906,CUST_0059,34.44,USD,PURCHASE,ELECTRONICS,2024-03-08 08:43:34,False,92855.28
TXN_00009267,CUST_0047,28.97,GBP,PURCHASE,DINING,2024-03-08 09:36:17,False,85369.89
TXN_00006185,CUST_0180,514.26,USD,TRANSFER,HEALTHCARE,2024-03-08 09:59:45,True,39457.86
TXN_00006579,CUST_0038,84.41,USD,PURCHASE,DINING,2024-03-08 10:06:20,False,93044.25
TXN_00004676,CUST_0134,130.33,EUR,TRANSFER,TRAVEL,2024-03-08 10:12:56,False,85845.45
TXN_00005784,CUST_0178,84.12,EUR,PURCHASE,GROCERY,2024-03-08 10:24:07,False,55324.5
TXN_00005240,CUST_0158,46.48,EUR,PURCHASE,UTILITIES,2024-03-08 10:25:44,False,30979.35
TXN_00007003,CUST_0047,5870.5,EUR,WITHDRAWAL,GROCERY,2024-03-08 10:29:59,False,32465.7
TXN_00001629,CUST_0116,456.44,EUR,WITHDRAWAL,GROCERY,2024-03-08 11:25:10,False,27967.84
TXN_00001871,CUST_0044,254.43,USD,WITHDRAWAL,DINING,2024-03-08 11:42:04,False,99404.61
TXN_00006829,CUST_0112,541.61,EUR,PURCHASE,DINING,2024-03-08 12:13:29,False,4224.01
TXN_00006180,CUST_0144,657.19,USD,PURCHASE,HEALTHCARE,2024-03-08 12:35:58,False,5725.54
TXN_00001419,CUST_0018,32.76,EUR,TRANSFER,HEALTHCARE,2024-03-08 12:58:17,False,40459.25
TXN_00009332,CUST_0184,104.12,GBP,PURCHASE,DINING,2024-03-08 13:05:17,False,59473.4
TXN_00003950,CUST_0013,125.74,EUR,WITHDRAWAL,DINING,2024-03-08 13:43:30,False,56619.28
TXN_00004180,CUST_0188,322.6,EUR,TRANSFER,GROCERY,2024-03-08 14:26:45,False,89996.19
TXN_00004404,CUST_0074,689.95,EUR,PURCHASE,ELECTRONICS,2024-03-08 14:47:37,False,80143.15
TXN_00007827,CUST_0130,55.81,EUR,WITHDRAWAL,ELECTRONICS,2024-03-08 15:02:44,False,81238.35
TXN_00000512,CUST_0087,846.84,GBP,WITHDRAWAL,TRAVEL,2024-03-08 15:38:44,False,38190.72
TXN_00007949,CUST_0063,177.21,EUR,WITHDRAWAL,ELECTRONICS,2024-03-08 16:42:41,False,71821.76
TXN_00007818,CUST_0044,66.57,USD,PURCHASE,ELECTRONICS,2024-03-08 17:40:20,False,25525.33
TXN_00008731,CUST_0052,301.04,USD,TRANSFER,TRAVEL,2024-03-08 18:13:29,False,60143.37
TXN_00009718,CUST_0114,244.49,USD,TRANSFER,GROCERY,2024-03-08 18:20:33,True,11145.37
TXN_00005675,CUST_0095,17.7,EUR,PURCHASE,TRAVEL,2024-03-08 19:27:09,False,65932.43
TXN_00009206,CUST_0193,243.69,EUR,TRANSFER,ELECTRONICS,2024-03-08 19:36:25,False,92331.63
TXN_00005368,CUST_0063,24.31,EUR,PURCHASE,UTILITIES,2024-03-08 19:51:09,False,14115.08
TXN_00004003,CUST_0134,3542.81,USD,PURCHASE,GROCERY,2024-03-08 21:56:09,False,79521.22
TXN_00004866,CUST_0150,24.97,EUR,PURCHASE,ELECTRONICS,2024-03-09 05:36:31,False,37865.68
TXN_00002976,CUST_0080,19.75,GBP,PURCHASE,HEALTHCARE,2024-03-09 06:13:16,False,71020.15
TXN_00009464,CUST_0049,221.74,EUR,PURCHASE,GROCERY,2024-03-09 07:20:41,False,51201.74
TXN_00005604,CUST_0004,58.69,EUR,PURCHASE,ELECTRONICS,2024-03-09 07:52:53,False,23810.94
TXN_00006781,CUST_0072,626.8,GBP,WITHDRAWAL,UTILITIES,2024-03-09 08:06:22,False,36580.87
TXN_00009829,CUST_0191,44.24,EUR,PURCHASE,TRAVEL,2024-03-09 08:08:23,False,55182.39
TXN_00005964,CUST_0152,117.56,USD,PURCHASE,ELECTRONICS,2024-03-09 08:30:52,False,33473.24
TXN_00003067,CUST_0190,219.33,USD,WITHDRAWAL,GROCERY,2024-03-09 09:06:15,False,37596.93
TXN_00008534,CUST_0001,1152.05,USD,PURCHASE,UTILITIES,2024-03-09 10:18:29,False,76063.93
TXN_00006305,CUST_0116,234.32,EUR,PURCHASE,TRAVEL,2024-03-09 10:43:38,False,85963.27
TXN_00006077,CUST_0147,139.5,EUR,PURCHASE,HEALTHCARE,2024-03-09 10:49:39,False,98801.66
TXN_00000317,CUST_0188,680.73,EUR,PURCHASE,HEALTHCARE,2024-03-09 11:55:32,False,89134.6
TXN_00001834,CUST_0020,261.78,EUR,PURCHASE,TRAVEL,2024-03-09 12:37:30,False,34557.83
TXN_00005536,CUST_0132,56.02,GBP,PURCHASE,ELECTRONICS,2024-03-09 12:45:22,False,53045.11
TXN_00005349,CUST_0066,259.6,USD,PURCHASE,UTILITIES,2024-03-09 13:37:01,False,26508.32
TXN_00003076,CUST_0083,129.45,GBP,PURCHASE,DINING,2024-03-09 13:47:11,False,95307.14
TXN_00004192,CUST_0006,-1913.02,EUR,REFUND,HEALTHCARE,2024-03-09 14:02:25,False,32934.68
TXN_00001644,CUST_0188,57.45,EUR,PURCHASE,DINING,2024-03-09 14:14:02,False,33123.61
TXN_00001017,CUST_0141,101.89,EUR,PURCHASE,ELECTRONICS,2024-03-09 15:42:47,False,50964.01
TXN_00007096,CUST_0159,17.32,EUR,WITHDRAWAL,TRAVEL,2024-03-09 17:23:34,False,93111.05
TXN_00007469,CUST_0027,62.9,USD,TRANSFER,HEALTHCARE,2024-03-09 17:42:21,False,20535.49
TXN_00001040,CUST_0043,3101.73,GBP,WITHDRAWAL,ELECTRONICS,2024-03-09 20:24:20,False,27669.51
TXN_00007635,CUST_0112,418.23,EUR,TRANSFER,TRAVEL,2024-03-09 22:10:28,False,10234.19
TXN_00004781,CUST_0004,95.29,EUR,TRANSFER,DINING,2024-03-10 04:07:23,False,95924.07
TXN_00008993,CUST_0080,328.71,EUR,PURCHASE,DINING,2024-03-10 04:45:56,False,47455.24
TXN_00001485,CUST_0028,249.72,EUR,TRANSFER,DINING,2024-03-10 07:31:40,False,16407.51
TXN_00005458,CUST_0037,-407.64,EUR,REFUND,TRAVEL,2024-03-10 08:27:40,False,42419.82
TXN_00000617,CUST_0124,88.35,USD,PURCHASE,UTILITIES,2024-03-10 08:55:18,False,77289.54
TXN_00001313,CUST_0117,675.65,EUR,TRANSFER,UTILITIES,2024-03-10 09:51:46,False,9952.5
TXN_00006001,CUST_0020,1304.85,GBP,PURCHASE,HEALTHCARE,2024-03-10 10:04:53,False,81984.41
TXN_00001231,CUST_0186,42.99,EUR,WITHDRAWAL,ELECTRONICS,2024-03-10 10:48:42,False,55302.76
TXN_00005598,CUST_0180,471.19,EUR,PURCHASE,UTILITIES,2024-03-10 10:52:35,False,51189.66
TXN_00008960,CUST_0180,126.19,EUR,PURCHASE,GROCERY,2024-03-10 11:29:21,False,87116.57
TXN_00001558,CUST_0102,254.98,EUR,PURCHASE,ELECTRONICS,2024-03-10 13:45:48,False,92986.71
TXN_00005102,CUST_0133,391.31,EUR,WITHDRAWAL,HEALTHCARE,2024-03-10 14:08:19,False,33914.39
TXN_00001551,CUST_0050,1285.61,GBP,PURCHASE,UTILITIES,2024-03-10 14:15:33,False,92323.04
TXN_00007784,CUST_0050,178.15,EUR,PURCHASE,UTILITIES,2024-03-10 14:36:48,False,29985.61
TXN_00000911,CUST_0089,570.08,GBP,PURCHASE,GROCERY,2024-03-10 14:40:15,False,7273.65
TXN_00003570,CUST_0019,760.59,EUR,WITHDRAWAL,ELECTRONICS,2024-03-10 15:46:38,False,40081.19
TXN_00006095,CUST_0006,186.32,EUR,PURCHASE,GROCERY,2024-03-10 16:21:07,False,86221.14
TXN_00008871,CUST_0138,387.67,EUR,TRANSFER,ELECTRONICS,2024-03-10 16:47:03,False,94549.86
TXN_00007229,CUST_0012,1161.24,USD,PURCHASE,GROCERY,2024-03-10 16:57:14,False,93388.3
TXN_00006197,CUST_0022,100.02,EUR,TRANSFER,GROCERY,2024-03-10 17:59:50,False,64059.56
TXN_00002112,CUST_0125,51.71,EUR,PURCHASE,TRAVEL,2024-03-10 19:08:57,False,90576.86
TXN_00000515,CUST_0103,23.63,EUR,PURCHASE,GROCERY,2024-03-10 19:40:38,False,39479.01
TXN_00003899,CUST_0062,448.16,EUR,TRANSFER,UTILITIES,2024-03-10 23:58:22,False,1545.22
TXN_00003107,CUST_0070,17752.49,EUR,WITHDRAWAL,TRAVEL,2024-03-11 06:51:06,False,3656.05
TXN_00002221,CUST_0079,1674.2,EUR,PURCHASE,UTILITIES,2024-03-11 06:55:22,False,19401.22
TXN_00000623,CUST_0051,1072.73,EUR,TRANSFER,HEALTHCARE,2024-03-11 08:03:28,False,73555.87
TXN_00009605,CUST_0101,971.44,EUR,TRANSFER,UTILITIES,2024-03-11 08:38:12,False,29834.55
TXN_00001267,CUST_0065,41.96,EUR,PURCHASE,GROCERY,2024-03-11 08:55:43,False,67732.32
TXN_00000994,CUST_0185,52.78,USD,PURCHASE,DINING,2024-03-11 09:24:34,False,45506.85
TXN_00006325,CUST_0031,117.73,EUR,TRANSFER,GROCERY,2024-03-11 09:35:24,False,62261.42
TXN_00006868,CUST_0146,-676.76,GBP,REFUND,ELECTRONICS,2024-03-11 11:31:21,False,48122.74
TXN_00001745,CUST_0006,191.47,GBP,PURCHASE,GROCERY,2024-03-11 11:57:26,False,58200.92
TXN_00009507,CUST_0056,52.98,EUR,WITHDRAWAL,HEALTHCARE,2024-03-11 11:58:58,False,26863.93
TXN_00006998,CUST_0094,52.59,EUR,TRANSFER,TRAVEL,2024-03-11 12:11:35,False,15418.27
TXN_00008587,CUST_0015,150.13,EUR,PURCHASE,GROCERY,2024-03-11 12:21:19,False,53693.83
TXN_00004616,CUST_0122,320.79,USD,WITHDRAWAL,UTILITIES,2024-03-11 12:33:45,False,3512.2
TXN_00001912,CUST_0125,4053.01,EUR,PURCHASE,TRAVEL,2024-03-11 13:02:12,False,66266.43
TXN_00006079,CUST_0134,1742.02,EUR,WITHDRAWAL,UTILITIES,2024-03-11 13:02:28,False,25000.93
TXN_00004901,CUST_0183,434.84,USD,TRANSFER,HEALTHCARE,2024-03-11 13:06:49,False,77818.01
TXN_00002492,CUST_0036,252.89,USD,TRANSFER,GROCERY,2024-03-11 13:11:10,False,11326.51
TXN_00008935,CUST_0030,1146.62,GBP,PURCHASE,UTILITIES,2024-03-11 13:12:13,False,50616.52
TXN_00007546,CUST_0060,92.6,EUR,PURCHASE,UTILITIES,2024-03-11 13:13:34,False,5197.21
TXN_00007529,CUST_0077,64.26,USD,PURCHASE,DINING,2024-03-11 13:17:26,False,12104.31
TXN_00009892,CUST_0060,823.18,EUR,TRANSFER,DINING,2024-03-11 13:31:05,False,89604.04
TXN_00003602,CUST_0025,41.85,EUR,PURCHASE,ELECTRONICS,2024-03-11 13:40:41,False,76105.6
TXN_00005759,CUST_0111,169.39,EUR,PURCHASE,ELECTRONICS,2024-03-11 13:46:59,False,86619.15
TXN_00008237,CUST_0028,210.69,EUR,PURCHASE,UTILITIES,2024-03-11 13:51:36,False,71421.01
TXN_00005770,CUST_0070,224.68,EUR,TRANSFER,TRAVEL,2024-03-11 14:01:12,False,41292.95
TXN_00004832,CUST_0055,161.57,USD,TRANSFER,HEALTHCARE,2024-03-11 14:13:08,False,54307.19
TXN_00004209,CUST_0176,3812.53,EUR,PURCHASE,UTILITIES,2024-03-11 14:16:58,False,42012.64
TXN_00002712,CUST_0117,27.33,EUR,PURCHASE,ELECTRONICS,2024-03-11 14:31:31,False,37218.54
TXN_00003810,CUST_0194,1694.19,EUR,WITHDRAWAL,GROCERY,2024-03-11 14:48:57,False,17206.61
TXN_00003795,CUST_0143,426.47,EUR,TRANSFER,TRAVEL,2024-03-11 15:27:37,False,73540.27
TXN_00006060,CUST_0128,43.93,USD,WITHDRAWAL,HEALTHCARE,2024-03-11 15:47:40,False,32726.27
TXN_00006552,CUST_0012,122.64,USD,WITHDRAWAL,ELECTRONICS,2024-03-11 16:35:50,False,86814.25
TXN_00003548,CUST_0035,127.17,EUR,PURCHASE,GROCERY,2024-03-11 16:59:22,True,57874.63
TXN_00001706,CUST_0004,24844.02,EUR,WITHDRAWAL,TRAVEL,2024-03-11 17:50:09,False,13491.53
TXN_00009224,CUST_0151,115.01,GBP,PURCHASE,UTILITIES,2024-03-11 19:30:40,False,84071.0
TXN_00004446,CUST_0138,46.06,EUR,TRANSFER,,2024-03-11 20:40:52,False,83870.49
TXN_00007023,CUST_0083,2157.26,EUR,PURCHASE,DINING,2024-03-12 05:09:32,False,20068.42
TXN_00009739,CUST_0090,580.13,EUR,PURCHASE,UTILITIES,2024-03-12 06:52:07,False,94844.34
TXN_00009858,CUST_0082,523.87,EUR,PURCHASE,TRAVEL,2024-03-12 07:04:36,False,55428.75
TXN_00003824,CUST_0048,12.81,USD,PURCHASE,UTILITIES,2024-03-12 08:40:18,False,95227.78
TXN_00007514,CUST_0077,72.52,EUR,WITHDRAWAL,TRAVEL,2024-03-12 09:07:06,False,76172.69
TXN_00009352,CUST_0129,1036.73,EUR,WITHDRAWAL,ELECTRONICS,2024-03-12 09:12:59,False,39483.15
TXN_00006483,CUST_0120,12.75,EUR,PURCHASE,HEALTHCARE,2024-03-12 09:59:33,False,32006.91
TXN_00007477,CUST_0034,113.73,EUR,WITHDRAWAL,DINING,2024-03-12 10:27:15,False,95052.42
TXN_00002431,CUST_0192,160.98,USD,PURCHASE,GROCERY,2024-03-12 10:42:41,False,97781.45
TXN_00002761,CUST_0003,146.22,EUR,PURCHASE,DINING,2024-03-12 10:50:17,False,84005.94
TXN_00006819,CUST_0026,-2164.13,GBP,REFUND,UTILITIES,2024-03-12 11:09:14,False,22651.28
TXN_00002746,CUST_0004,14874.14,GBP,PURCHASE,HEALTHCARE,2024-03-12 11:20:56,False,21067.5
TXN_00006945,CUST_0033,57.39,EUR,WITHDRAWAL,TRAVEL,2024-03-12 11:33:33,False,37317.83
TXN_00000678,CUST_0035,-93.41,EUR,REFUND,GROCERY,2024-03-12 11:47:45,False,88456.71
TXN_00009312,CUST_0173,2228.02,EUR,PURCHASE,DINING,2024-03-12 11:57:12,False,18274.17
TXN_00009270,CUST_0158,1098.35,EUR,PURCHASE,HEALTHCARE,2024-03-12 12:14:02,False,42947.58
TXN_00008272,CUST_0111,-12.87,EUR,REFUND,TRAVEL,2024-03-12 12:41:03,False,11336.55
TXN_00007931,CUST_0120,-261.93,EUR,REFUND,UTILITIES,2024-03-12 12:54:11,False,12382.27
TXN_00002552,CUST_0104,-38.42,USD,REFUND,TRAVEL,2024-03-12 13:36:55,False,47896.81
TXN_00001200,CUST_0013,2352.73,EUR,PURCHASE,ELECTRONICS,2024-03-12 13:42:39,False,50711.22
TXN_00006817,CUST_0068,42.07,GBP,TRANSFER,HEALTHCARE,2024-03-12 14:48:48,False,17235.17
TXN_00006257,CUST_0064,53.48,EUR,PURCHASE,ELECTRONICS,2024-03-12 15:05:27,False,65030.32
TXN_00005735,CUST_0187,2379.98,EUR,PURCHASE,,2024-03-12 16:09:00,False,44236.65
TXN_00000405,CUST_0162,943.13,EUR,PURCHASE,GROCERY,2024-03-12 17:10:12,False,15792.52
TXN_00004831,CUST_0171,474.23,EUR,WITHDRAWAL,GROCERY,2024-03-12 17:13:35,False,67287.84
TXN_00007170,CUST_0058,156.61,USD,TRANSFER,GROCERY,2024-03-12 17:45:43,False,10757.16
TXN_00001933,CUST_0020,707.85,GBP,TRANSFER,DINING,2024-03-12 18:27:09,False,18006.47
TXN_00009065,CUST_0010,84.25,USD,PURCHASE,HEALTHCARE,2024-03-12 20:20:59,False,48556.49
TXN_00001812,CUST_0029,610.02,GBP,TRANSFER,UTILITIES,2024-03-12 20:21:49,False,62489.36
TXN_00009293,CUST_0040,878.38,EUR,TRANSFER,TRAVEL,2024-03-12 21:57:04,False,8824.58
TXN_00006605,CUST_0195,2396.34,EUR,WITHDRAWAL,GROCERY,2024-03-12 23:59:56,True,32496.13
TXN_00004625,CUST_0040,-648.07,EUR,REFUND,DINING,2024-03-13 04:02:14,False,877.68
TXN_00002205,CUST_0160,1353.22,EUR,PURCHASE,GROCERY,2024-03-13 05:19:52,False,48311.52
TXN_00007368,CUST_0019,24.87,EUR,PURCHASE,DINING,2024-03-13 08:22:14,False,49508.57
TXN_00001495,CUST_0046,381.7,EUR,PURCHASE,GROCERY,2024-03-13 08:51:06,False,69527.16
TXN_00001857,CUST_0048,588.84,EUR,PURCHASE,HEALTHCARE,2024-03-13 08:52:26,False,79178.27
TXN_00004515,CUST_0069,-91.88,GBP,REFUND,ELECTRONICS,2024-03-13 09:46:39,False,1615.55
TXN_00008008,CUST_0097,144.34,EUR,PURCHASE,TRAVEL,2024-03-13 09:53:52,False,63985.58
TXN_00003982,CUST_0102,1264.53,EUR,WITHDRAWAL,HEALTHCARE,2024-03-13 09:55:37,False,31177.7
TXN_00003478,CUST_0019,47.13,EUR,PURCHASE,GROCERY,2024-03-13 10:04:55,False,18747.31
TXN_00008159,CUST_0043,7487.22,EUR,PURCHASE,HEALTHCARE,2024-03-13 11:13:55,False,10480.09
TXN_00008318,CUST_0075,100.76,USD,PURCHASE,UTILITIES,2024-03-13 11:43:54,False,7566.09
TXN_00000771,CUST_0035,802.89,USD,PURCHASE,ELECTRONICS,2024-03-13 11:52:37,False,15610.38
TXN_00000346,CUST_0076,586.63,EUR,TRANSFER,ELECTRONICS,2024-03-13 12:03:11,False,60250.32
TXN_00001025,CUST_0028,67.41,EUR,PURCHASE,TRAVEL,2024-03-13 13:05:42,False,21964.78
TXN_00007355,CUST_0011,-3538.6,EUR,REFUND,UTILITIES,2024-03-13 13:07:20,False,85175.14
TXN_00000320,CUST_0040,217.54,EUR,TRANSFER,GROCERY,2024-03-13 13:24:42,False,77951.22
TXN_00007731,CUST_0130,450.58,EUR,PURCHASE,ELECTRONICS,2024-03-13 13:29:54,False,2596.99
TXN_00001238,CUST_0120,3971.42,USD,PURCHASE,ELECTRONICS,2024-03-13 13:39:59,False,31200.48
TXN_00009186,CUST_0035,450.98,GBP,PURCHASE,DINING,2024-03-13 15:13:26,False,92539.35
TXN_00006994,CUST_0096,287.67,EUR,WITHDRAWAL,HEALTHCARE,2024-03-13 15:34:13,False,4907.1
TXN_00006681,CUST_0163,104.79,EUR,TRANSFER,GROCERY,2024-03-13 15:36:54,False,32218.55
TXN_00004707,CUST_0174,849.39,EUR,PURCHASE,TRAVEL,2024-03-13 15:47:17,False,70826.82
TXN_00002337,CUST_0034,55.21,EUR,TRANSFER,UTILITIES,2024-03-13 16:51:27,False,78742.78
TXN_00003566,CUST_0169,14.28,EUR,PURCHASE,GROCERY,2024-03-13 17:04:39,False,60286.52
TXN_00001070,CUST_0040,1875.26,USD,WITHDRAWAL,DINING,2024-03-13 17:56:21,False,52376.43
TXN_00006070,CUST_0148,61.55,USD,PURCHASE,GROCERY,2024-03-13 19:03:33,False,20840.51
TXN_00002362,CUST_0107,8496.36,EUR,WITHDRAWAL,HEALTHCARE,2024-03-13 19:58:05,False,33429.4
TXN_00005700,CUST_0168,37.63,EUR,TRANSFER,TRAVEL,2024-03-13 20:00:53,False,33217.11
TXN_00005315,CUST_0192,71.63,USD,TRANSFER,TRAVEL,2024-03-13 21:11:21,False,88945.43
TXN_00002392,CUST_0139,35.27,EUR,PURCHASE,UTILITIES,2024-03-14 07:55:46,False,50770.08
TXN_00005726,CUST_0016,83.08,EUR,PURCHASE,HEALTHCARE,2024-03-14 09:37:13,False,92789.62
TXN_00006745,CUST_0137,1435.89,EUR,TRANSFER,HEALTHCARE,2024-03-14 09:40:22,False,26781.22
TXN_00007501,CUST_0124,320.17,EUR,WITHDRAWAL,UTILITIES,2024-03-14 10:20:12,False,70982.27
TXN_00000922,CUST_0151,160.85,EUR,PURCHASE,GROCERY,2024-03-14 10:27:41,False,26345.1
TXN_00003459,CUST_0059,790.39,EUR,PURCHASE,HEALTHCARE,2024-03-14 11:33:45,False,61294.57
TXN_00000295,CUST_0100,5.93,EUR,WITHDRAWAL,HEALTHCARE,2024-03-14 11:38:45,False,44580.49
TXN_00007107,CUST_0104,28.64,EUR,WITHDRAWAL,ELECTRONICS,2024-03-14 11:49:32,False,1171.87
TXN_00006125,CUST_0145,49.46,EUR,TRANSFER,,2024-03-14 11:54:58,False,99174.9
TXN_00004294,CUST_0148,447.62,EUR,PURCHASE,DINING,2024-03-14 12:38:48,False,69312.83
TXN_00008858,CUST_0037,1019.53,EUR,TRANSFER,GROCERY,2024-03-14 12:47:03,False,41141.21
TXN_00001785,CUST_0154,37.01,EUR,PURCHASE,HEALTHCARE,2024-03-14 12:50:02,False,75323.09
TXN_00002466,CUST_0006,569.04,EUR,WITHDRAWAL,ELECTRONICS,2024-03-14 12:58:49,False,12687.27
TXN_00004709,CUST_0106,548.47,EUR,PURCHASE,ELECTRONICS,2024-03-14 13:23:12,False,97148.43
TXN_00006201,CUST_0125,74.41,EUR,PURCHASE,HEALTHCARE,2024-03-14 13:25:14,False,9109.71
TXN_00005552,CUST_0029,67.88,EUR,TRANSFER,HEALTHCARE,2024-03-14 14:41:30,False,15586.7
TXN_00005578,CUST_0026,111.24,EUR,PURCHASE,ELECTRONICS,2024-03-14 15:23:27,False,13982.56
TXN_00004186,CUST_0167,494.3,EUR,PURCHASE,UTILITIES,2024-03-14 15:42:49,False,7085.65
TXN_00003910,CUST_0068,566.76,EUR,TRANSFER,ELECTRONICS,2024-03-14 16:14:56,False,63772.57
TXN_00007474,CUST_0135,182.7,GBP,PURCHASE,DINING,2024-03-14 16:20:57,False,86774.12
TXN_00005335,CUST_0052,311.85,USD,PURCHASE,HEALTHCARE,2024-03-14 18:17:14,False,61790.82
TXN_00004044,CUST_0038,520.31,EUR,PURCHASE,ELECTRONICS,2024-03-14 19:28:11,False,26874.82
TXN_00002449,CUST_0088,1456.74,USD,PURCHASE,DINING,2024-03-14 23:46:41,False,45320.05
TXN_00000784,CUST_0144,73.62,GBP,PURCHASE,ELECTRONICS,2024-03-15 05:05:58,False,20205.71
TXN_00009721,CUST_0129,74.68,EUR,PURCHASE,HEALTHCARE,2024-03-15 05:06:17,False,38443.72
TXN_00004875,CUST_0095,278.69,EUR,TRANSFER,GROCERY,2024-03-15 06:30:57,False,80168.93
TXN_00006061,CUST_0057,579.19,EUR,PURCHASE,TRAVEL,2024-03-15 08:14:34,False,84337.46
TXN_00009910,CUST_0141,294.64,EUR,PURCHASE,UTILITIES,2024-03-15 08:16:10,False,66704.81
TXN_00008746,CUST_0153,205.99,EUR,PURCHASE,HEALTHCARE,2024-03-15 08:37:42,False,56829.42
TXN_00001898,CUST_0174,987.8,EUR,PURCHASE,GROCERY,2024-03-15 08:41:37,False,77148.58
TXN_00001872,CUST_0129,5.27,EUR,PURCHASE,GROCERY,2024-03-15 08:41:49,False,25943.27
TXN_00005495,CUST_0102,379.12,EUR,TRANSFER,TRAVEL,2024-03-15 09:21:35,False,58616.56
TXN_00009962,CUST_0170,56.07,EUR,TRANSFER,UTILITIES,2024-03-15 09:31:30,False,2223.14
TXN_00003999,CUST_0065,327.82,EUR,PURCHASE,DINING,2024-03-15 11:05:20,False,50173.12
TXN_00001475,CUST_0033,124.86,EUR,PURCHASE,DINING,2024-03-15 12:13:01,False,85890.06
TXN_00004907,CUST_0166,114.51,EUR,PURCHASE,ELECTRONICS,2024-03-15 12:21:28,False,34883.22
TXN_00004050,CUST_0103,62.21,EUR,WITHDRAWAL,DINING,2024-03-15 13:01:14,False,20251.39
TXN_00008350,CUST_0119,-28.16,USD,REFUND,DINING,2024-03-15 13:32:16,False,29627.97
TXN_00005522,CUST_0029,125.77,EUR,PURCHASE,TRAVEL,2024-03-15 13:45:59,False,38452.86
TXN_00000124,CUST_0032,519.21,USD,TRANSFER,ELECTRONICS,2024-03-15 14:20:56,False,60626.08
TXN_00008758,CUST_0073,167.82,EUR,WITHDRAWAL,TRAVEL,2024-03-15 14:56:02,False,11509.48
TXN_00009417,CUST_0042,-196.02,USD,REFUND,HEALTHCARE,2024-03-15 14:57:51,False,18100.18
TXN_00002140,CUST_0038,605.98,EUR,PURCHASE,DINING,2024-03-15 15:28:01,False,85455.65
TXN_00004938,CUST_0077,275.83,EUR,PURCHASE,ELECTRONICS,2024-03-15 16:45:46,False,713.16
TXN_00009970,CUST_0090,1155.36,USD,PURCHASE,GROCERY,2024-03-15 16:47:47,False,46384.05
TXN_00001127,CUST_0155,-293.05,EUR,REFUND,TRAVEL,2024-03-15 17:20:43,False,13962.89
TXN_00001385,CUST_0031,49.51,EUR,PURCHASE,TRAVEL,2024-03-15 17:31:48,False,18676.29
TXN_00009851,CUST_0012,2510.32,EUR,PURCHASE,GROCERY,2024-03-15 17:39:05,False,45818.83
TXN_00004656,CUST_0026,1012.16,EUR,WITHDRAWAL,HEALTHCARE,2024-03-15 23:42:52,False,20025.86
TXN_00001244,CUST_0182,1248.15,USD,PURCHASE,GROCERY,2024-03-16 06:36:46,False,93533.01
TXN_00007542,CUST_0148,228.1,USD,PURCHASE,DINING,2024-03-16 06:59:05,False,23071.16
TXN_00005154,CUST_0127,102.2,EUR,WITHDRAWAL,GROCERY,2024-03-16 07:47:26,False,83707.0
TXN_00006723,CUST_0107,-105.78,EUR,REFUND,ELECTRONICS,2024-03-16 07:59:20,False,6885.71
TXN_00001716,CUST_0115,361.19,EUR,WITHDRAWAL,DINING,2024-03-16 09:00:38,False,73777.87
TXN_00005982,CUST_0039,361.27,EUR,WITHDRAWAL,ELECTRONICS,2024-03-16 09:09:17,False,58758.04
TXN_00007486,CUST_0170,331.35,GBP,WITHDRAWAL,DINING,2024-03-16 09:26:38,False,92630.36
TXN_00007046,CUST_0007,2340.05,USD,PURCHASE,DINING,2024-03-16 09:27:08,False,34064.05
TXN_00006884,CUST_0123,153.81,EUR,PURCHASE,HEALTHCARE,2024-03-16 09:27:39,False,78561.59
TXN_00002799,CUST_0142,2578.08,EUR,PURCHASE,GROCERY,2024-03-16 09:35:51,False,72872.89
TXN_00003196,CUST_0038,40.38,EUR,PURCHASE,HEALTHCARE,2024-03-16 09:52:23,False,21241.23
TXN_00004413,CUST_0075,172.83,GBP,PURCHASE,HEALTHCARE,2024-03-16 10:18:08,False,36394.06
TXN_00002651,CUST_0080,271.53,EUR,PURCHASE,UTILITIES,2024-03-16 10:58:53,False,34277.41
TXN_00008976,CUST_0133,129.25,EUR,PURCHASE,ELECTRONICS,2024-03-16 11:15:13,False,43633.24
TXN_00001619,CUST_0033,378.23,GBP,PURCHASE,DINING,2024-03-16 11:48:55,False,52317.52
TXN_00006472,CUST_0015,281.82,EUR,WITHDRAWAL,TRAVEL,2024-03-16 12:19:59,False,67053.61
TXN_00001335,CUST_0035,551.31,USD,WITHDRAWAL,ELECTRONICS,2024-03-16 12:25:08,False,57591.74
TXN_00000438,CUST_0144,-4766.87,USD,REFUND,GROCERY,2024-03-16 13:03:32,False,54846.93
TXN_00009283,CUST_0174,33.77,EUR,PURCHASE,UTILITIES,2024-03-16 13:24:33,False,86995.82
TXN_00006556,CUST_0125,1196.91,EUR,PURCHASE,DINING,2024-03-16 13:25:30,False,95949.51
TXN_00008047,CUST_0101,3024.6,EUR,WITHDRAWAL,ELECTRONICS,2024-03-16 14:21:59,False,21454.03
TXN_00003677,CUST_0138,5744.86,USD,PURCHASE,DINING,2024-03-16 16:57:13,True,76508.58
TXN_00006457,CUST_0100,1152.24,EUR,PURCHASE,GROCERY,2024-03-16 18:21:13,False,92318.56
TXN_00007552,CUST_0189,2471.81,EUR,TRANSFER,ELECTRONICS,2024-03-16 19:47:27,False,2871.79
TXN_00008790,CUST_0029,34.72,EUR,PURCHASE,UTILITIES,2024-03-16 19:48:09,False,29754.43
TXN_00007910,CUST_0057,2695.37,USD,TRANSFER,TRAVEL,2024-03-17 03:06:53,False,41281.79
TXN_00000413,CUST_0044,78.27,EUR,TRANSFER,TRAVEL,2024-03-17 04:51:25,False,76178.15
TXN_00004018,CUST_0102,1132.99,USD,PURCHASE,DINING,2024-03-17 05:54:54,True,67559.12
TXN_00005618,CUST_0014,235.95,EUR,PURCHASE,HEALTHCARE,2024-03-17 06:17:17,False,26213.14
TXN_00004168,CUST_0082,628.46,EUR,TRANSFER,UTILITIES,2024-03-17 08:17:44,False,51391.7
TXN_00000490,CUST_0078,-399.54,USD,REFUND,ELECTRONICS,2024-03-17 09:10:06,False,32702.78
TXN_00009563,CUST_0022,52.6,EUR,PURCHASE,GROCERY,2024-03-17 09:22:30,False,61928.82
TXN_00005556,CUST_0037,17.85,GBP,PURCHASE,UTILITIES,2024-03-17 09:46:44,False,99391.23
TXN_00004637,CUST_0005,112.24,EUR,PURCHASE,DINING,2024-03-17 10:03:44,False,69519.38
TXN_00007022,CUST_0040,24.48,EUR,PURCHASE,ELECTRONICS,2024-03-17 10:06:29,False,34419.72
TXN_00003789,CUST_0163,117.96,GBP,PURCHASE,UTILITIES,2024-03-17 10:30:32,False,89789.44
TXN_00004592,CUST_0175,219.53,EUR,PURCHASE,ELECTRONICS,2024-03-17 11:10:00,False,48077.04
TXN_00003379,CUST_0100,456.47,EUR,PURCHASE,HEALTHCARE,2024-03-17 11:22:28,True,16920.01
TXN_00000469,CUST_0199,188.55,EUR,PURCHASE,DINING,2024-03-17 11:30:40,False,27194.92
TXN_00005471,CUST_0087,118.03,EUR,TRANSFER,HEALTHCARE,2024-03-17 11:39:26,False,46805.91
TXN_00003403,CUST_0056,96.89,EUR,PURCHASE,GROCERY,2024-03-17 12:32:24,False,73487.0
TXN_00009291,CUST_0142,379.55,EUR,PURCHASE,UTILITIES,2024-03-17 12:37:11,False,81510.74
TXN_00005390,CUST_0174,465.22,EUR,WITHDRAWAL,HEALTHCARE,2024-03-17 12:37:24,False,96715.53
TXN_00009686,CUST_0089,60.21,EUR,TRANSFER,TRAVEL,2024-03-17 13:44:00,False,44735.63
TXN_00004606,CUST_0014,136.78,EUR,PURCHASE,HEALTHCARE,2024-03-17 13:50:14,False,75642.51
TXN_00005984,CUST_0040,78.75,USD,TRANSFER,UTILITIES,2024-03-17 13:56:43,False,55574.3
TXN_00004272,CUST_0119,324.33,USD,PURCHASE,HEALTHCARE,2024-03-17 14:05:37,False,64252.44
TXN_00002762,CUST_0068,160.92,USD,TRANSFER,TRAVEL,2024-03-17 14:11:48,False,19855.28
TXN_00006006,CUST_0179,35.29,USD,PURCHASE,GROCERY,2024-03-17 14:42:03,False,58295.02
TXN_00009190,CUST_0095,2207.28,EUR,PURCHASE,TRAVEL,2024-03-17 15:08:26,False,97673.75
TXN_00005601,CUST_0018,99.72,USD,PURCHASE,DINING,2024-03-17 16:46:48,False,60686.66
TXN_00001471,CUST_0197,87.66,USD,PURCHASE,DINING,2024-03-17 16:48:22,False,59643.17
TXN_00005510,CUST_0162,187.08,EUR,WITHDRAWAL,GROCERY,2024-03-17 16:49:18,False,57569.17
TXN_00003275,CUST_0070,51.07,USD,PURCHASE,ELECTRONICS,2024-03-17 16:57:28,False,33807.08
TXN_00008096,CUST_0194,1832.0,EUR,PURCHASE,GROCERY,2024-03-17 17:25:53,False,54198.75
TXN_00005969,CUST_0041,660.55,EUR,PURCHASE,TRAVEL,2024-03-17 18:35:44,False,30253.18
TXN_00006198,CUST_0184,587.26,EUR,WITHDRAWAL,UTILITIES,2024-03-17 20:17:06,False,8608.51
TXN_00000236,CUST_0044,214.31,EUR,TRANSFER,HEALTHCARE,2024-03-18 04:44:41,False,58058.89
TXN_00006452,CUST_0017,234.78,EUR,TRANSFER,UTILITIES,2024-03-18 05:57:06,False,9189.36
TXN_00002911,CUST_0041,196.2,EUR,PURCHASE,HEALTHCARE,2024-03-18 07:43:32,False,21172.35
TXN_00008255,CUST_0067,181.91,USD,PURCHASE,GROCERY,2024-03-18 08:27:13,False,62604.04
TXN_00008823,CUST_0116,79.14,EUR,TRANSFER,UTILITIES,2024-03-18 08:43:30,False,80964.8
TXN_00006363,CUST_0079,3655.45,EUR,PURCHASE,UTILITIES,2024-03-18 09:14:54,False,48350.57
TXN_00000507,CUST_0090,19.71,EUR,TRANSFER,ELECTRONICS,2024-03-18 10:12:56,False,78370.03
TXN_00006762,CUST_0068,187.24,EUR,PURCHASE,UTILITIES,2024-03-18 10:21:17,False,60606.7
TXN_00000907,CUST_0053,43.35,EUR,PURCHASE,TRAVEL,2024-03-18 11:09:45,False,76013.76
TXN_00001632,CUST_0021,131.88,EUR,PURCHASE,DINING,2024-03-18 11:25:20,False,7896.63
TXN_00002049,CUST_0041,1371.03,EUR,PURCHASE,UTILITIES,2024-03-18 11:43:24,False,15260.94
TXN_00004917,CUST_0174,45.19,EUR,PURCHASE,,2024-03-18 11:49:59,False,81193.57
TXN_00002856,CUST_0077,213.33,EUR,WITHDRAWAL,ELECTRONICS,2024-03-18 12:03:51,False,19617.04
TXN_00003592,CUST_0123,-3485.59,EUR,REFUND,TRAVEL,2024-03-18 12:17:15,False,29308.83
TXN_00003803,CUST_0188,1629.34,EUR,PURCHASE,GROCERY,2024-03-18 12:21:20,False,55159.18
TXN_00005653,CUST_0056,257.45,EUR,TRANSFER,TRAVEL,2024-03-18 12:57:51,False,758.1
TXN_00001249,CUST_0001,99.17,USD,WITHDRAWAL,ELECTRONICS,2024-03-18 13:44:05,False,78577.0
TXN_00003149,CUST_0122,909.85,EUR,PURCHASE,HEALTHCARE,2024-03-18 13:49:00,False,78896.12
TXN_00000278,CUST_0028,75.0,USD,PURCHASE,TRAVEL,2024-03-18 13:53:27,False,9153.08
TXN_00009554,CUST_0067,2556.02,EUR,PURCHASE,HEALTHCARE,2024-03-18 14:17:28,False,32279.16
TXN_00009251,CUST_0143,7654.33,EUR,PURCHASE,HEALTHCARE,2024-03-18 14:35:09,False,39009.0
TXN_00009666,CUST_0014,32.22,EUR,TRANSFER,TRAVEL,2024-03-18 14:36:32,False,71890.52
TXN_00001783,CUST_0052,3760.79,USD,WITHDRAWAL,DINING,2024-03-18 15:05:49,False,24717.38
TXN_00009787,CUST_0197,477.61,EUR,PURCHASE,ELECTRONICS,2024-03-18 15:30:05,False,99999.21
TXN_00008042,CUST_0109,873.34,EUR,PURCHASE,ELECTRONICS,2024-03-18 15:48:08,False,60434.0
TXN_00007241,CUST_0075,1125.69,EUR,TRANSFER,DINING,2024-03-18 16:14:50,False,36892.84
TXN_00002363,CUST_0139,2135.31,USD,TRANSFER,GROCERY,2024-03-18 18:27:57,False,74814.78
TXN_00000973,CUST_0067,-111.61,EUR,REFUND,DINING,2024-03-18 18:57:32,False,44899.98
TXN_00003281,CUST_0172,395.16,EUR,PURCHASE,HEALTHCARE,2024-03-18 19:21:43,False,30011.14
TXN_00002969,CUST_0085,76.9,EUR,WITHDRAWAL,TRAVEL,2024-03-18 19:50:43,False,98917.79
TXN_00009130,CUST_0024,620.1,EUR,PURCHASE,DINING,2024-03-19 05:12:05,False,71030.93
TXN_00009199,CUST_0013,1467.04,EUR,TRANSFER,TRAVEL,2024-03-19 07:28:27,False,88465.84
TXN_00006206,CUST_0170,39.42,GBP,PURCHASE,GROCERY,2024-03-19 08:25:34,True,93998.67
TXN_00007237,CUST_0142,340.03,EUR,PURCHASE,ELECTRONICS,2024-03-19 08:38:39,False,55646.45
TXN_00004391,CUST_0148,262.51,EUR,PURCHASE,ELECTRONICS,2024-03-19 08:44:06,False,9930.77
TXN_00006557,CUST_0034,28.73,EUR,PURCHASE,DINING,2024-03-19 08:51:33,False,81230.75
TXN_00008348,CUST_0177,81.44,EUR,PURCHASE,UTILITIES,2024-03-19 09:33:31,False,78731.9
TXN_00002614,CUST_0164,323.74,EUR,PURCHASE,DINING,2024-03-19 10:12:28,False,96471.33
TXN_00001555,CUST_0173,-167.27,USD,REFUND,GROCERY,2024-03-19 10:17:22,False,36273.94
TXN_00007031,CUST_0146,167.59,EUR,TRANSFER,HEALTHCARE,2024-03-19 10:45:30,False,38155.96
TXN_00008040,CUST_0065,4561.53,EUR,TRANSFER,UTILITIES,2024-03-19 11:11:21,False,39054.77
TXN_00002104,CUST_0146,733.76,EUR,WITHDRAWAL,TRAVEL,2024-03-19 11:11:31,False,30740.1
TXN_00005506,CUST_0141,2163.94,GBP,PURCHASE,ELECTRONICS,2024-03-19 11:33:15,False,51616.44
TXN_00005957,CUST_0015,-1340.39,EUR,REFUND,DINING,2024-03-19 11:34:46,False,15295.55
TXN_00004329,CUST_0169,520.78,EUR,PURCHASE,UTILITIES,2024-03-19 11:51:33,False,33065.0
TXN_00008208,CUST_0142,272.11,EUR,TRANSFER,UTILITIES,2024-03-19 11:55:55,False,2291.76
TXN_00004062,CUST_0042,-3378.2,GBP,REFUND,DINING,2024-03-19 12:09:04,False,59917.41
TXN_00007497,CUST_0137,664.33,EUR,PURCHASE,DINING,2024-03-19 12:14:10,False,97231.56
TXN_00000399,CUST_0188,19.84,EUR,PURCHASE,GROCERY,2024-03-19 12:26:45,False,19804.05
TXN_00005664,CUST_0148,12.99,EUR,TRANSFER,HEALTHCARE,2024-03-19 12:39:12,False,75824.32
TXN_00000892,CUST_0031,1186.77,USD,PURCHASE,UTILITIES,2024-03-19 13:03:25,False,1973.61
TXN_00002160,CUST_0026,1250.07,EUR,PURCHASE,DINING,2024-03-19 13:21:45,False,22559.09
TXN_00003381,CUST_0096,210.11,EUR,PURCHASE,ELECTRONICS,2024-03-19 13:22:41,False,10181.73
TXN_00003261,CUST_0024,1442.26,GBP,WITHDRAWAL,ELECTRONICS,2024-03-19 13:37:20,False,97444.89
TXN_00008157,CUST_0059,177.67,USD,WITHDRAWAL,DINING,2024-03-19 13:57:09,False,57386.93
TXN_00000577,CUST_0004,239.4,EUR,WITHDRAWAL,ELECTRONICS,2024-03-19 14:16:59,False,46104.28
TXN_00004466,CUST_0029,201.72,EUR,PURCHASE,DINING,2024-03-19 14:18:27,False,22276.67
TXN_00005167,CUST_0026,1223.44,GBP,PURCHASE,DINING,2024-03-19 15:36:21,False,35633.38
TXN_00009218,CUST_0130,273.66,EUR,PURCHASE,GROCERY,2024-03-19 16:29:43,False,65475.78
TXN_00002973,CUST_0184,2063.05,GBP,WITHDRAWAL,ELECTRONICS,2024-03-19 17:11:48,False,20647.32
TXN_00001940,CUST_0108,189.79,EUR,WITHDRAWAL,TRAVEL,2024-03-19 17:33:50,False,17503.19
TXN_00003644,CUST_0120,385.41,GBP,PURCHASE,TRAVEL,2024-03-19 18:18:43,False,69973.15
TXN_00009097,CUST_0071,1906.95,EUR,PURCHASE,UTILITIES,2024-03-19 18:20:20,False,11229.2
TXN_00009365,CUST_0090,1.7,EUR,PURCHASE,UTILITIES,2024-03-20 05:01:07,True,65944.69
TXN_00006260,CUST_0068,2063.83,EUR,PURCHASE,TRAVEL,2024-03-20 05:26:15,False,92389.12
TXN_00008639,CUST_0049,224.41,USD,PURCHASE,HEALTHCARE,2024-03-20 07:00:08,False,28733.44
TXN_00006872,CUST_0079,337.97,GBP,PURCHASE,UTILITIES,2024-03-20 08:22:54,False,69285.68
TXN_00002236,CUST_0147,137.07,EUR,PURCHASE,TRAVEL,2024-03-20 09:22:47,False,92721.35
TXN_00001993,CUST_0073,162.97,EUR,PURCHASE,DINING,2024-03-20 10:06:15,False,34006.35
TXN_00000555,CUST_0058,13.62,EUR,PURCHASE,GROCERY,2024-03-20 10:15:59,False,60033.9
TXN_00005376,CUST_0038,94.64,USD,PURCHASE,GROCERY,2024-03-20 10:20:19,False,48206.44
TXN_00003289,CUST_0117,1640.58,EUR,PURCHASE,HEALTHCARE,2024-03-20 10:38:47,False,42780.14
TXN_00006461,CUST_0092,777.35,EUR,WITHDRAWAL,ELECTRONICS,2024-03-20 10:51:00,False,45606.77
TXN_00005584,CUST_0077,185.74,EUR,TRANSFER,ELECTRONICS,2024-03-20 10:57:33,False,34502.26
TXN_00005145,CUST_0034,-746.21,EUR,REFUND,ELECTRONICS,2024-03-20 12:01:16,False,27460.41
TXN_00002436,CUST_0095,45.19,EUR,PURCHASE,GROCERY,2024-03-20 12:06:30,False,93304.52
TXN_00002113,CUST_0050,50.49,EUR,TRANSFER,UTILITIES,2024-03-20 12:39:18,False,76988.6
TXN_00002995,CUST_0081,46.77,EUR,PURCHASE,GROCERY,2024-03-20 13:15:39,False,23202.83
TXN_00003578,CUST_0058,163.18,EUR,PURCHASE,DINING,2024-03-20 13:40:58,False,95722.11
TXN_00006724,CUST_0163,175.06,EUR,WITHDRAWAL,HEALTHCARE,2024-03-20 13:55:28,False,66171.84
TXN_00001725,CUST_0150,42.68,EUR,TRANSFER,UTILITIES,2024-03-20 13:56:46,False,2615.76
TXN_00003887,CUST_0050,2448.09,GBP,TRANSFER,DINING,2024-03-20 14:34:16,False,89633.07
TXN_00008236,CUST_0088,1882.27,EUR,PURCHASE,TRAVEL,2024-03-20 14:49:53,False,53154.08
TXN_00004380,CUST_0074,935.11,GBP,PURCHASE,ELECTRONICS,2024-03-20 15:24:55,False,64623.75
TXN_00003584,CUST_0110,3333.0,EUR,WITHDRAWAL,ELECTRONICS,2024-03-20 16:01:46,False,63778.83
TXN_00006317,CUST_0038,129.16,EUR,PURCHASE,TRAVEL,2024-03-20 16:42:43,False,93573.29
TXN_00006854,CUST_0071,95.08,EUR,PURCHASE,HEALTHCARE,2024-03-20 17:00:51,False,1816.92
TXN_00007776,CUST_0059,219.18,GBP,PURCHASE,TRAVEL,2024-03-20 17:54:45,False,8301.54
TXN_00005753,CUST_0194,56.32,EUR,PURCHASE,TRAVEL,2024-03-20 23:40:33,False,66369.22
TXN_00004028,CUST_0040,190.26,USD,TRANSFER,ELECTRONICS,2024-03-21 05:51:48,False,44038.5
TXN_00002239,CUST_0155,204.98,EUR,PURCHASE,,2024-03-21 07:46:08,False,97233.26
TXN_00002690,CUST_0011,603.84,EUR,PURCHASE,DINING,2024-03-21 07:54:30,False,7466.16
TXN_00005185,CUST_0158,33.01,EUR,PURCHASE,GROCERY,2024-03-21 10:22:07,False,36571.5
TXN_00007156,CUST_0169,634.76,GBP,PURCHASE,HEALTHCARE,2024-03-21 10:36:19,False,31399.98
TXN_00009284,CUST_0005,461.6,EUR,TRANSFER,DINING,2024-03-21 11:14:16,False,94334.29
TXN_00003531,CUST_0145,51.43,USD,PURCHASE,GROCERY,2024-03-21 11:19:06,False,42288.2
TXN_00006159,CUST_0061,14.09,EUR,TRANSFER,HEALTHCARE,2024-03-21 12:19:27,False,64355.66
TXN_00006124,CUST_0029,696.25,EUR,PURCHASE,ELECTRONICS,2024-03-21 12:37:29,False,17008.25
TXN_00000298,CUST_0180,95.87,EUR,TRANSFER,ELECTRONICS,2024-03-21 12:45:22,False,40951.91
TXN_00000920,CUST_0164,97.38,EUR,PURCHASE,TRAVEL,2024-03-21 13:21:28,False,50702.9
TXN_00006138,CUST_0043,1002.59,EUR,PURCHASE,HEALTHCARE,2024-03-21 14:45:52,False,18011.92
TXN_00005517,CUST_0025,4095.91,GBP,PURCHASE,GROCERY,2024-03-21 14:59:11,False,69554.56
TXN_00000021,CUST_0052,470.07,EUR,PURCHASE,TRAVEL,2024-03-21 15:07:34,False,36082.26
TXN_00005478,CUST_0021,84.51,EUR,PURCHASE,DINING,2024-03-21 15:31:22,False,76853.82
TXN_00001543,CUST_0134,1006.82,EUR,PURCHASE,TRAVEL,2024-03-21 15:38:24,False,94969.85
TXN_00003559,CUST_0088,941.87,USD,PURCHASE,UTILITIES,2024-03-21 16:00:36,False,31420.03
TXN_00005895,CUST_0139,93.55,EUR,PURCHASE,ELECTRONICS,2024-03-21 16:54:49,False,67140.15
TXN_00006496,CUST_0155,410.57,EUR,TRANSFER,DINING,2024-03-21 16:58:38,False,47600.27
TXN_00005785,CUST_0104,477.73,EUR,WITHDRAWAL,ELECTRONICS,2024-03-21 17:17:49,False,14491.12
TXN_00002526,CUST_0004,122.85,EUR,WITHDRAWAL,TRAVEL,2024-03-21 17:18:15,False,35853.14
TXN_00004460,CUST_0071,1888.29,EUR,WITHDRAWAL,DINING,2024-03-21 17:21:38,False,75465.51
TXN_00005703,CUST_0179,140.3,EUR,PURCHASE,DINING,2024-03-21 18:12:05,False,67582.68
TXN_00004365,CUST_0053,-1553.27,EUR,REFUND,TRAVEL,2024-03-21 18:53:26,False,93995.59
TXN_00007614,CUST_0017,-79.2,EUR,REFUND,TRAVEL,2024-03-21 19:38:42,False,34226.11
TXN_00006895,CUST_0114,849.09,EUR,WITHDRAWAL,TRAVEL,2024-03-22 06:23:40,False,61616.05
TXN_00002263,CUST_0026,32.99,EUR,PURCHASE,UTILITIES,2024-03-22 07:10:53,False,32842.61
TXN_00005306,CUST_0114,160.97,EUR,TRANSFER,ELECTRONICS,2024-03-22 09:26:50,False,62739.5
TXN_00001889,CUST_0119,477.4,EUR,PURCHASE,GROCERY,2024-03-22 10:15:03,False,81136.84
TXN_00001861,CUST_0079,204.47,EUR,PURCHASE,UTILITIES,2024-03-22 10:22:01,False,87061.65
TXN_00003764,CUST_0105,136.72,USD,PURCHASE,TRAVEL,2024-03-22 11:16:09,False,75933.86
TXN_00004753,CUST_0145,61.12,EUR,TRANSFER,DINING,2024-03-22 11:21:07,False,75729.81
TXN_00002647,CUST_0064,77.85,EUR,PURCHASE,HEALTHCARE,2024-03-22 11:23:46,False,10608.84
TXN_00003715,CUST_0175,77.39,USD,PURCHASE,DINING,2024-03-22 11:34:05,False,84061.71
TXN_00000472,CUST_0035,61.56,EUR,PURCHASE,ELECTRONICS,2024-03-22 11:44:10,False,98217.15
TXN_00006255,CUST_0038,62.12,EUR,TRANSFER,DINING,2024-03-22 11:45:49,False,57787.42
TXN_00004065,CUST_0118,519.68,EUR,PURCHASE,DINING,2024-03-22 11:52:28,False,81323.14
TXN_00008752,CUST_0141,46.7,USD,PURCHASE,ELECTRONICS,2024-03-22 12:09:43,False,77055.07
TXN_00004063,CUST_0188,264.18,USD,PURCHASE,HEALTHCARE,2024-03-22 12:24:07,False,46174.38
TXN_00008837,CUST_0080,274.63,EUR,TRANSFER,GROCERY,2024-03-22 12:29:58,False,2502.84
TXN_00000331,CUST_0163,256.14,EUR,WITHDRAWAL,UTILITIES,2024-03-22 12:30:29,False,25304.69
TXN_00007806,CUST_0001,-93.72,USD,REFUND,TRAVEL,2024-03-22 12:50:58,False,5395.59
TXN_00004443,CUST_0148,420.51,EUR,TRANSFER,ELECTRONICS,2024-03-22 13:05:01,False,67590.84
TXN_00009928,CUST_0033,448.79,USD,TRANSFER,GROCERY,2024-03-22 13:05:25,False,2824.02
TXN_00006463,CUST_0174,196.15,EUR,PURCHASE,TRAVEL,2024-03-22 13:21:21,False,27927.34
TXN_00001770,CUST_0161,6887.39,USD,PURCHASE,UTILITIES,2024-03-22 13:33:06,False,92656.17
TXN_00002127,CUST_0045,468.07,EUR,PURCHASE,TRAVEL,2024-03-22 13:52:50,False,33357.88
TXN_00006611,CUST_0190,54.56,USD,PURCHASE,DINING,2024-03-22 14:09:54,False,85954.62
TXN_00007333,CUST_0158,271.1,EUR,PURCHASE,UTILITIES,2024-03-22 14:20:50,False,96727.17
TXN_00006132,CUST_0105,37.94,EUR,PURCHASE,UTILITIES,2024-03-22 14:53:12,False,4087.98
TXN_00008835,CUST_0139,12.24,EUR,PURCHASE,HEALTHCARE,2024-03-22 15:19:58,False,70027.48
TXN_00002737,CUST_0081,-494.06,EUR,REFUND,HEALTHCARE,2024-03-22 15:25:12,False,91459.6
TXN_00002185,CUST_0132,12198.11,EUR,PURCHASE,ELECTRONICS,2024-03-22 16:51:40,False,65518.26
TXN_00002191,CUST_0011,551.7,GBP,WITHDRAWAL,HEALTHCARE,2024-03-22 17:00:29,False,49258.98
TXN_00006467,CUST_0116,56.19,GBP,PURCHASE,GROCERY,2024-03-22 17:13:55,False,17902.98
TXN_00006704,CUST_0046,1808.19,EUR,PURCHASE,UTILITIES,2024-03-22 17:39:26,False,99847.21
TXN_00003757,CUST_0150,13.72,EUR,WITHDRAWAL,HEALTHCARE,2024-03-22 18:03:46,False,2202.76
TXN_00006828,CUST_0118,316.71,USD,PURCHASE,HEALTHCARE,2024-03-22 18:05:16,False,70847.09
TXN_00007392,CUST_0087,812.32,GBP,TRANSFER,DINING,2024-03-22 18:23:03,False,58817.96
TXN_00004151,CUST_0001,461.85,USD,TRANSFER,GROCERY,2024-03-22 19:56:06,False,72951.28
TXN_00007012,CUST_0148,-4988.85,USD,REFUND,TRAVEL,2024-03-22 19:56:41,False,98471.98
TXN_00001592,CUST_0028,508.1,GBP,TRANSFER,TRAVEL,2024-03-22 20:05:38,False,78450.97
TXN_00008120,CUST_0113,369.92,EUR,WITHDRAWAL,HEALTHCARE,2024-03-22 23:04:03,False,93950.02
TXN_00009288,CUST_0013,204.43,USD,TRANSFER,UTILITIES,2024-03-23 06:41:56,False,21289.96
TXN_00002357,CUST_0093,337.59,USD,PURCHASE,TRAVEL,2024-03-23 07:32:27,False,66830.4
TXN_00005150,CUST_0054,143.16,EUR,TRANSFER,UTILITIES,2024-03-23 08:05:31,False,30178.41
TXN_00003202,CUST_0160,405.49,USD,PURCHASE,ELECTRONICS,2024-03-23 08:20:35,False,17745.83
TXN_00005850,CUST_0047,317.43,USD,PURCHASE,UTILITIES,2024-03-23 09:39:39,False,16566.07
TXN_00002830,CUST_0072,252.59,USD,WITHDRAWAL,ELECTRONICS,2024-03-23 10:30:48,False,71413.22
TXN_00005207,CUST_0149,111.6,EUR,PURCHASE,UTILITIES,2024-03-23 10:40:09,False,14717.96
TXN_00004854,CUST_0097,249.65,GBP,TRANSFER,TRAVEL,2024-03-23 10:47:30,False,91340.41
TXN_00008669,CUST_0019,65.95,USD,WITHDRAWAL,GROCERY,2024-03-23 10:48:59,False,52921.63
TXN_00007686,CUST_0051,193.13,USD,PURCHASE,TRAVEL,2024-03-23 10:58:49,False,74328.95
TXN_00001880,CUST_0072,340.39,GBP,WITHDRAWAL,DINING,2024-03-23 11:21:23,False,68776.91
TXN_00004002,CUST_0065,209.53,USD,PURCHASE,HEALTHCARE,2024-03-23 11:33:21,False,84871.81
TXN_00004756,CUST_0014,629.03,EUR,PURCHASE,HEALTHCARE,2024-03-23 11:33:44,False,30510.79
TXN_00004682,CUST_0146,223.97,EUR,PURCHASE,HEALTHCARE,2024-03-23 11:40:21,False,7419.01
TXN_00009722,CUST_0193,-228.01,EUR,REFUND,DINING,2024-03-23 11:53:59,False,62779.65
TXN_00005718,CUST_0150,70.19,EUR,PURCHASE,UTILITIES,2024-03-23 12:11:24,False,27128.61
TXN_00006757,CUST_0135,1759.86,EUR,TRANSFER,TRAVEL,2024-03-23 12:19:49,False,74518.18
TXN_00008270,CUST_0057,162.78,EUR,PURCHASE,DINING,2024-03-23 12:25:13,False,90241.89
TXN_00001284,CUST_0000,326.87,USD,TRANSFER,UTILITIES,2024-03-23 12:51:22,False,48269.3
TXN_00007974,CUST_0197,936.92,EUR,PURCHASE,UTILITIES,2024-03-23 13:27:39,False,27549.24
TXN_00004481,CUST_0092,2060.86,GBP,PURCHASE,ELECTRONICS,2024-03-23 13:32:14,False,5734.89
TXN_00008724,CUST_0183,105.5,EUR,WITHDRAWAL,HEALTHCARE,2024-03-23 13:44:04,True,91809.57
TXN_00004216,CUST_0101,81.33,USD,PURCHASE,ELECTRONICS,2024-03-23 13:44:48,False,47445.9
TXN_00006551,CUST_0049,144.0,EUR,PURCHASE,TRAVEL,2024-03-23 14:34:25,False,80445.8
TXN_00009053,CUST_0129,204.1,EUR,PURCHASE,HEALTHCARE,2024-03-23 14:53:28,False,51314.04
TXN_00004550,CUST_0116,2231.41,EUR,PURCHASE,HEALTHCARE,2024-03-23 14:53:57,False,85623.74
TXN_00003314,CUST_0031,1291.4,EUR,WITHDRAWAL,HEALTHCARE,2024-03-23 16:10:21,False,83693.58
TXN_00000716,CUST_0052,729.72,USD,PURCHASE,DINING,2024-03-23 16:44:06,False,76504.27
TXN_00009478,CUST_0027,116.22,EUR,TRANSFER,GROCERY,2024-03-23 18:00:24,False,18403.43
TXN_00000553,CUST_0000,21332.12,USD,WITHDRAWAL,TRAVEL,2024-03-23 18:08:34,False,5662.89
TXN_00006029,CUST_0186,1570.77,EUR,WITHDRAWAL,ELECTRONICS,2024-03-23 20:44:38,False,33263.67
TXN_00003387,CUST_0187,1439.73,EUR,WITHDRAWAL,HEALTHCARE,2024-03-23 21:17:55,False,57769.32
TXN_00005981,CUST_0164,394.52,EUR,TRANSFER,GROCERY,2024-03-24 05:16:52,False,1980.85
TXN_00001799,CUST_0182,309.54,EUR,TRANSFER,UTILITIES,2024-03-24 05:38:38,False,76320.98
TXN_00002291,CUST_0153,572.31,EUR,PURCHASE,UTILITIES,2024-03-24 07:15:13,False,20854.62
TXN_00008903,CUST_0152,405.33,EUR,TRANSFER,UTILITIES,2024-03-24 07:50:41,False,90589.11
TXN_00009697,CUST_0177,222.08,EUR,TRANSFER,ELECTRONICS,2024-03-24 09:38:21,False,79846.45
TXN_00009620,CUST_0089,-470.93,EUR,REFUND,GROCERY,2024-03-24 10:09:20,False,2801.64
TXN_00008336,CUST_0013,222.45,USD,PURCHASE,DINING,2024-03-24 10:17:56,False,94406.75
TXN_00009903,CUST_0104,200.48,EUR,PURCHASE,GROCERY,2024-03-24 10:24:08,False,15540.19
TXN_00000999,CUST_0006,442.23,EUR,PURCHASE,TRAVEL,2024-03-24 10:34:46,False,60056.08
TXN_00005164,CUST_0000,149.34,EUR,PURCHASE,TRAVEL,2024-03-24 10:39:35,False,94935.54
TXN_00003500,CUST_0023,283.99,GBP,WITHDRAWAL,ELECTRONICS,2024-03-24 11:07:08,False,37760.63
TXN_00002981,CUST_0012,406.24,USD,PURCHASE,GROCERY,2024-03-24 11:18:41,False,73516.05
TXN_00002939,CUST_0054,-229.17,USD,REFUND,UTILITIES,2024-03-24 11:49:50,False,59990.91
TXN_00005795,CUST_0159,978.4,USD,PURCHASE,GROCERY,2024-03-24 11:57:36,False,61429.31
TXN_00000714,CUST_0027,329.95,EUR,PURCHASE,DINING,2024-03-24 12:13:25,False,82645.75
TXN_00007777,CUST_0040,470.14,USD,TRANSFER,TRAVEL,2024-03-24 12:25:31,False,74902.39
TXN_00003052,CUST_0123,179.45,EUR,PURCHASE,TRAVEL,2024-03-24 12:41:23,False,51490.52
TXN_00000760,CUST_0171,170.87,GBP,TRANSFER,UTILITIES,2024-03-24 12:50:14,False,6105.03
TXN_00006230,CUST_0091,133.18,EUR,TRANSFER,HEALTHCARE,2024-03-24 13:34:24,False,70186.46
TXN_00005071,CUST_0113,24.54,GBP,TRANSFER,HEALTHCARE,2024-03-24 13:44:47,False,73515.56
TXN_00001039,CUST_0005,-328.33,GBP,REFUND,TRAVEL,2024-03-24 14:18:34,False,73025.55
TXN_00006021,CUST_0001,184.95,USD,PURCHASE,GROCERY,2024-03-24 14:56:56,False,77752.76
TXN_00001642,CUST_0080,3287.99,EUR,PURCHASE,GROCERY,2024-03-24 15:10:14,False,45815.89
TXN_00008756,CUST_0062,969.01,USD,PURCHASE,,2024-03-24 15:28:16,False,52420.53
TXN_00003912,CUST_0045,39.41,EUR,PURCHASE,TRAVEL,2024-03-24 15:44:57,False,33056.26
TXN_00000765,CUST_0073,132.41,USD,WITHDRAWAL,HEALTHCARE,2024-03-24 16:05:26,False,44648.33
TXN_00009591,CUST_0063,351.48,EUR,PURCHASE,DINING,2024-03-24 16:10:29,False,77863.93
TXN_00000228,CUST_0135,205.29,GBP,PURCHASE,UTILITIES,2024-03-24 16:16:08,False,14508.11
TXN_00003862,CUST_0067,225.46,USD,PURCHASE,TRAVEL,2024-03-24 16:37:57,False,864.9
TXN_00006297,CUST_0192,416.15,GBP,WITHDRAWAL,HEALTHCARE,2024-03-24 16:52:07,False,18532.92
TXN_00000650,CUST_0021,74.97,EUR,TRANSFER,DINING,2024-03-24 17:20:03,False,63911.19
TXN_00000494,CUST_0084,146.79,GBP,PURCHASE,TRAVEL,2024-03-24 18:00:43,False,38733.93
TXN_00008744,CUST_0172,440.11,GBP,PURCHASE,TRAVEL,2024-03-24 18:14:37,False,64253.77
TXN_00006581,CUST_0148,58.79,EUR,PURCHASE,HEALTHCARE,2024-03-24 18:30:25,False,95390.98
TXN_00009801,CUST_0162,61.85,GBP,PURCHASE,HEALTHCARE,2024-03-24 18:41:48,False,61865.02
TXN_00005401,CUST_0067,33.19,EUR,TRANSFER,GROCERY,2024-03-24 19:09:09,False,85064.66
TXN_00004163,CUST_0181,86.92,EUR,PURCHASE,UTILITIES,2024-03-24 19:35:42,False,17380.4
TXN_00000420,CUST_0178,236.14,EUR,PURCHASE,HEALTHCARE,2024-03-24 21:21:25,True,90129.06
TXN_00005945,CUST_0040,126.19,GBP,PURCHASE,HEALTHCARE,2024-03-25 07:55:47,False,12066.19
TXN_00006487,CUST_0194,470.81,EUR,PURCHASE,ELECTRONICS,2024-03-25 07:57:01,False,35684.04
TXN_00005716,CUST_0147,424.93,EUR,TRANSFER,HEALTHCARE,2024-03-25 08:47:21,False,43257.54
TXN_00003373,CUST_0148,512.65,EUR,PURCHASE,GROCERY,2024-03-25 09:26:18,False,37299.87
TXN_00003956,CUST_0123,484.79,EUR,PURCHASE,DINING,2024-03-25 10:07:30,False,76693.2
TXN_00009299,CUST_0086,459.43,GBP,PURCHASE,DINING,2024-03-25 10:08:28,False,42849.02
TXN_00007895,CUST_0035,17.62,GBP,TRANSFER,TRAVEL,2024-03-25 10:21:02,False,79904.18
TXN_00002429,CUST_0086,3160.06,USD,TRANSFER,GROCERY,2024-03-25 11:08:12,False,58499.92
TXN_00004713,CUST_0128,155.71,USD,PURCHASE,DINING,2024-03-25 11:43:54,False,57909.68
TXN_00008140,CUST_0156,50.04,EUR,PURCHASE,ELECTRONICS,2024-03-25 12:04:09,False,60514.3
TXN_00003945,CUST_0198,743.39,USD,TRANSFER,TRAVEL,2024-03-25 13:10:04,False,58285.4
TXN_00005574,CUST_0172,204.67,USD,PURCHASE,ELECTRONICS,2024-03-25 13:14:16,False,2110.23
TXN_00001432,CUST_0194,526.88,EUR,TRANSFER,TRAVEL,2024-03-25 13:15:12,False,44567.66
TXN_00005161,CUST_0079,2612.38,USD,PURCHASE,TRAVEL,2024-03-25 13:27:45,False,11214.27
TXN_00004020,CUST_0182,249.06,GBP,PURCHASE,DINING,2024-03-25 13:57:36,False,44099.6
TXN_00005452,CUST_0094,47.9,USD,PURCHASE,ELECTRONICS,2024-03-25 14:34:35,False,72331.26
TXN_00006912,CUST_0124,-257.04,USD,REFUND,GROCERY,2024-03-25 14:37:57,False,1974.05
TXN_00003392,CUST_0179,96.02,USD,PURCHASE,TRAVEL,2024-03-25 15:01:54,False,89206.42
TXN_00009104,CUST_0028,953.35,EUR,TRANSFER,DINING,2024-03-25 15:03:48,False,66430.12
TXN_00002927,CUST_0053,751.95,USD,PURCHASE,GROCERY,2024-03-25 15:07:02,False,4809.7
TXN_00006160,CUST_0104,1824.35,EUR,PURCHASE,UTILITIES,2024-03-25 16:29:04,False,22372.94
TXN_00006190,CUST_0069,2044.72,USD,PURCHASE,UTILITIES,2024-03-25 16:41:14,False,84860.42
TXN_00009021,CUST_0157,1219.83,EUR,PURCHASE,TRAVEL,2024-03-25 16:55:13,False,65719.49
TXN_00003482,CUST_0124,232.69,EUR,PURCHASE,DINING,2024-03-25 18:02:11,False,79559.48
TXN_00001461,CUST_0070,389.6,EUR,PURCHASE,HEALTHCARE,2024-03-25 19:24:40,False,41401.45
TXN_00008943,CUST_0159,524.71,EUR,PURCHASE,GROCERY,2024-03-25 20:59:20,False,21432.2
TXN_00007718,CUST_0143,107.71,GBP,PURCHASE,GROCERY,2024-03-26 04:10:01,False,60969.21
TXN_00007749,CUST_0157,4794.08,EUR,PURCHASE,ELECTRONICS,2024-03-26 04:51:32,False,31712.18
TXN_00009519,CUST_0145,3846.95,GBP,PURCHASE,HEALTHCARE,2024-03-26 08:17:48,False,9747.57
TXN_00000921,CUST_0123,368.8,USD,PURCHASE,HEALTHCARE,2024-03-26 08:43:08,False,92661.43
TXN_00008982,CUST_0022,685.44,EUR,PURCHASE,UTILITIES,2024-03-26 08:59:52,False,26091.8
TXN_00006141,CUST_0139,253.25,EUR,PURCHASE,HEALTHCARE,2024-03-26 09:10:06,False,99364.68
TXN_00006534,CUST_0012,63.61,USD,WITHDRAWAL,UTILITIES,2024-03-26 09:18:08,False,38390.08
TXN_00004925,CUST_0158,42.14,EUR,PURCHASE,UTILITIES,2024-03-26 09:20:53,False,32609.94
TXN_00000615,CUST_0027,1476.41,USD,PURCHASE,GROCERY,2024-03-26 10:41:25,False,97194.06
TXN_00004157,CUST_0015,197.36,EUR,PURCHASE,HEALTHCARE,2024-03-26 11:24:59,False,27608.81
TXN_00003161,CUST_0089,23.29,EUR,PURCHASE,GROCERY,2024-03-26 11:25:41,False,80479.62
TXN_00005655,CUST_0066,750.0,GBP,WITHDRAWAL,GROCERY,2024-03-26 11:38:00,False,48629.77
TXN_00007849,CUST_0154,14.72,GBP,WITHDRAWAL,ELECTRONICS,2024-03-26 11:46:12,False,3062.3
TXN_00000107,CUST_0079,101.02,USD,PURCHASE,UTILITIES,2024-03-26 11:56:28,False,37218.73
TXN_00008361,CUST_0062,238.3,EUR,WITHDRAWAL,TRAVEL,2024-03-26 11:58:08,False,94782.74
TXN_00004970,CUST_0161,129.31,EUR,PURCHASE,ELECTRONICS,2024-03-26 12:04:09,False,36091.28
TXN_00007869,CUST_0145,221.83,EUR,PURCHASE,UTILITIES,2024-03-26 13:00:24,False,72209.7
TXN_00005712,CUST_0130,158.23,EUR,PURCHASE,ELECTRONICS,2024-03-26 13:01:06,False,19667.33
TXN_00005250,CUST_0029,803.46,EUR,PURCHASE,UTILITIES,2024-03-26 13:02:08,False,22605.59
TXN_00009827,CUST_0165,601.49,EUR,TRANSFER,ELECTRONICS,2024-03-26 13:16:59,False,95823.98
TXN_00001158,CUST_0157,115.72,GBP,WITHDRAWAL,HEALTHCARE,2024-03-26 13:37:23,False,20208.53
TXN_00009192,CUST_0015,120.54,EUR,WITHDRAWAL,DINING,2024-03-26 14:12:00,False,2191.42
TXN_00004867,CUST_0169,-1021.81,EUR,REFUND,GROCERY,2024-03-26 14:15:23,False,38219.63
TXN_00007249,CUST_0055,91.2,USD,TRANSFER,HEALTHCARE,2024-03-26 14:28:15,False,33543.3
TXN_00000461,CUST_0041,157.54,GBP,TRANSFER,DINING,2024-03-26 14:46:33,False,31433.53
TXN_00002714,CUST_0036,215.32,EUR,PURCHASE,HEALTHCARE,2024-03-26 14:49:55,False,57763.3
TXN_00002021,CUST_0175,374.41,EUR,PURCHASE,HEALTHCARE,2024-03-26 16:20:59,False,27499.71
TXN_00008382,CUST_0014,320.37,EUR,PURCHASE,DINING,2024-03-26 18:27:20,False,88299.0
TXN_00001116,CUST_0013,-206.17,EUR,REFUND,,2024-03-26 18:31:54,False,68081.36
TXN_00000662,CUST_0183,30.31,EUR,PURCHASE,ELECTRONICS,2024-03-26 21:45:05,False,23054.81
TXN_00009213,CUST_0167,399.78,EUR,PURCHASE,HEALTHCARE,2024-03-27 02:37:25,False,59193.36
TXN_00005437,CUST_0192,76.2,USD,TRANSFER,TRAVEL,2024-03-27 04:04:49,False,37771.03
TXN_00005951,CUST_0192,808.71,EUR,WITHDRAWAL,HEALTHCARE,2024-03-27 04:25:48,False,48486.27
TXN_00008424,CUST_0107,105.66,EUR,PURCHASE,ELECTRONICS,2024-03-27 05:11:49,False,42582.52
TXN_00009181,CUST_0157,135.78,USD,TRANSFER,UTILITIES,2024-03-27 05:17:51,False,69030.29
TXN_00003843,CUST_0051,98.32,EUR,PURCHASE,UTILITIES,2024-03-27 06:39:32,False,86472.35
TXN_00003637,CUST_0148,1011.93,USD,PURCHASE,TRAVEL,2024-03-27 07:02:02,False,1185.56
TXN_00006484,CUST_0068,74.48,EUR,PURCHASE,GROCERY,2024-03-27 07:45:31,False,34575.16
TXN_00006235,CUST_0121,244.51,EUR,WITHDRAWAL,TRAVEL,2024-03-27 09:12:06,False,86161.98
TXN_00002468,CUST_0135,3177.51,EUR,PURCHASE,DINING,2024-03-27 09:33:32,True,57617.28
TXN_00001552,CUST_0084,2944.55,EUR,WITHDRAWAL,DINING,2024-03-27 09:48:12,False,29886.74
TXN_00004865,CUST_0191,1008.43,USD,PURCHASE,DINING,2024-03-27 10:30:56,False,59453.53
TXN_00005619,CUST_0002,105.89,EUR,WITHDRAWAL,ELECTRONICS,2024-03-27 10:39:49,False,57857.92
TXN_00000439,CUST_0023,326.05,USD,PURCHASE,GROCERY,2024-03-27 10:41:43,False,13030.68
TXN_00000283,CUST_0073,15.6,USD,PURCHASE,HEALTHCARE,2024-03-27 11:54:27,False,66473.9
TXN_00008800,CUST_0144,1305.64,EUR,TRANSFER,GROCERY,2024-03-27 12:02:20,False,28411.12
TXN_00005907,CUST_0157,-643.59,EUR,REFUND,ELECTRONICS,2024-03-27 12:25:46,False,42674.22
TXN_00003617,CUST_0042,181.64,EUR,PURCHASE,UTILITIES,2024-03-27 12:49:10,False,17141.85
TXN_00002841,CUST_0161,212.47,EUR,PURCHASE,DINING,2024-03-27 12:52:52,False,22740.6
TXN_00005896,CUST_0048,176.08,EUR,PURCHASE,UTILITIES,2024-03-27 12:57:09,False,68011.92
TXN_00000788,CUST_0121,1212.35,EUR,PURCHASE,DINING,2024-03-27 13:08:48,False,87684.98
TXN_00003740,CUST_0033,198.13,EUR,TRANSFER,ELECTRONICS,2024-03-27 13:15:39,False,95138.1
TXN_00004612,CUST_0031,-679.34,EUR,REFUND,ELECTRONICS,2024-03-27 13:34:17,False,2851.87
TXN_00000579,CUST_0030,58.1,EUR,PURCHASE,UTILITIES,2024-03-27 13:36:07,False,92899.92
TXN_00008905,CUST_0029,137.02,EUR,PURCHASE,TRAVEL,2024-03-27 13:51:04,False,87505.83
TXN_00005294,CUST_0018,257.26,USD,PURCHASE,UTILITIES,2024-03-27 13:56:48,False,11363.55
TXN_00005308,CUST_0186,95.33,USD,PURCHASE,UTILITIES,2024-03-27 14:03:51,False,3949.31
TXN_00007425,CUST_0128,1336.3,EUR,PURCHASE,UTILITIES,2024-03-27 14:19:31,False,24673.47
TXN_00008802,CUST_0154,252.81,EUR,PURCHASE,,2024-03-27 15:01:02,False,14839.87
TXN_00002994,CUST_0092,205.27,USD,WITHDRAWAL,TRAVEL,2024-03-27 15:23:27,False,16410.65
TXN_00003682,CUST_0176,53.24,EUR,PURCHASE,TRAVEL,2024-03-27 15:36:54,False,4300.77
TXN_00000307,CUST_0018,255.54,EUR,PURCHASE,UTILITIES,2024-03-27 15:52:41,False,98289.25
TXN_00003190,CUST_0075,2424.79,USD,PURCHASE,GROCERY,2024-03-27 16:37:12,False,12888.73
TXN_00002487,CUST_0028,6408.48,EUR,WITHDRAWAL,GROCERY,2024-03-27 16:50:17,False,6752.86
TXN_00006387,CUST_0106,307.35,EUR,PURCHASE,ELECTRONICS,2024-03-27 17:32:08,False,47582.22
TXN_00004297,CUST_0129,435.97,EUR,PURCHASE,TRAVEL,2024-03-27 19:10:51,False,16338.6
TXN_00009041,CUST_0043,58.72,USD,PURCHASE,ELECTRONICS,2024-03-27 20:21:03,False,58807.42
TXN_00004998,CUST_0064,398.96,EUR,PURCHASE,DINING,2024-03-27 21:03:49,False,53449.95
TXN_00008675,CUST_0008,35.89,EUR,TRANSFER,DINING,2024-03-27 21:55:04,False,64166.56
TXN_00008182,CUST_0077,-108.02,EUR,REFUND,HEALTHCARE,2024-03-27 22:23:05,False,87004.51
TXN_00004631,CUST_0186,605.6,EUR,PURCHASE,TRAVEL,2024-03-28 05:10:40,False,39994.98
TXN_00004991,CUST_0173,255.81,EUR,PURCHASE,UTILITIES,2024-03-28 05:24:44,False,33674.71
TXN_00002731,CUST_0146,47.59,EUR,PURCHASE,GROCERY,2024-03-28 06:04:36,False,41612.7
TXN_00005871,CUST_0157,1964.24,GBP,PURCHASE,HEALTHCARE,2024-03-28 06:48:55,False,9754.95
TXN_00002818,CUST_0101,125.55,GBP,TRANSFER,HEALTHCARE,2024-03-28 08:37:15,False,33052.11
TXN_00004371,CUST_0082,372.48,EUR,PURCHASE,ELECTRONICS,2024-03-28 09:25:02,False,85648.71
TXN_00000606,CUST_0038,491.12,EUR,TRANSFER,ELECTRONICS,2024-03-28 09:36:32,False,94699.68
TXN_00007404,CUST_0050,78.17,EUR,TRANSFER,GROCERY,2024-03-28 09:36:36,False,88653.08
TXN_00002458,CUST_0077,-277.88,EUR,REFUND,GROCERY,2024-03-28 09:54:59,False,51775.76
TXN_00002637,CUST_0110,59.44,GBP,WITHDRAWAL,UTILITIES,2024-03-28 10:30:26,False,22425.11
TXN_00007050,CUST_0145,69.48,EUR,TRANSFER,UTILITIES,2024-03-28 11:00:59,False,74353.17
TXN_00007505,CUST_0078,248.43,EUR,PURCHASE,ELECTRONICS,2024-03-28 11:13:53,False,95906.87
TXN_00004251,CUST_0176,126.05,EUR,PURCHASE,GROCERY,2024-03-28 11:18:16,False,78989.82
TXN_00002788,CUST_0066,-230.5,EUR,REFUND,UTILITIES,2024-03-28 12:22:44,False,44391.6
TXN_00005581,CUST_0135,457.85,GBP,TRANSFER,TRAVEL,2024-03-28 12:44:58,False,39788.38
TXN_00008918,CUST_0172,667.29,USD,PURCHASE,DINING,2024-03-28 14:13:16,False,9786.26
TXN_00005095,CUST_0124,386.08,USD,PURCHASE,TRAVEL,2024-03-28 14:24:54,False,71808.48
TXN_00004507,CUST_0190,81.46,EUR,PURCHASE,TRAVEL,2024-03-28 14:28:47,False,34130.11
TXN_00001776,CUST_0007,48.15,EUR,PURCHASE,HEALTHCARE,2024-03-28 14:30:11,False,40827.79
TXN_00009038,CUST_0006,44.62,EUR,TRANSFER,GROCERY,2024-03-28 14:36:21,False,51744.12
TXN_00009983,CUST_0029,441.19,GBP,PURCHASE,TRAVEL,2024-03-28 14:53:08,False,13264.14
TXN_00000965,CUST_0147,1260.54,EUR,PURCHASE,GROCERY,2024-03-28 15:01:39,False,31815.36
TXN_00006195,CUST_0041,3027.3,EUR,PURCHASE,TRAVEL,2024-03-28 15:42:16,False,93932.98
TXN_00001488,CUST_0119,102.73,GBP,PURCHASE,UTILITIES,2024-03-28 17:14:03,False,82841.55
TXN_00008289,CUST_0072,513.74,USD,PURCHASE,GROCERY,2024-03-28 17:28:04,False,92983.55
TXN_00009794,CUST_0114,37.08,EUR,TRANSFER,DINING,2024-03-28 18:17:55,False,67640.32
TXN_00002186,CUST_0060,-8.4,EUR,REFUND,HEALTHCARE,2024-03-28 20:42:25,False,68763.07
TXN_00005697,CUST_0072,271.86,USD,PURCHASE,UTILITIES,2024-03-28 21:09:43,False,3380.48
TXN_00002923,CUST_0071,759.88,EUR,TRANSFER,UTILITIES,2024-03-28 23:43:13,False,91031.76
TXN_00003092,CUST_0101,1317.19,USD,PURCHASE,ELECTRONICS,2024-03-29 03:47:42,False,77048.1
TXN_00000104,CUST_0133,94.72,EUR,PURCHASE,UTILITIES,2024-03-29 07:15:38,False,62709.9
TXN_00002414,CUST_0015,91.5,EUR,PURCHASE,UTILITIES,2024-03-29 07:50:26,False,5671.44
TXN_00004789,CUST_0115,1232.92,EUR,TRANSFER,GROCERY,2024-03-29 08:05:00,False,57957.87
TXN_00007225,CUST_0196,1343.29,USD,PURCHASE,TRAVEL,2024-03-29 08:06:56,False,50160.03
TXN_00008213,CUST_0130,22.13,EUR,TRANSFER,HEALTHCARE,2024-03-29 08:09:54,False,96757.14
TXN_00009243,CUST_0175,40.51,EUR,PURCHASE,TRAVEL,2024-03-29 08:30:38,False,72518.14
TXN_00004541,CUST_0099,371.46,EUR,PURCHASE,TRAVEL,2024-03-29 09:36:26,False,61942.37
TXN_00008409,CUST_0066,5.19,EUR,TRANSFER,HEALTHCARE,2024-03-29 09:47:14,False,20244.06
TXN_00007727,CUST_0154,112.08,USD,PURCHASE,HEALTHCARE,2024-03-29 09:53:49,False,3426.56
TXN_00009810,CUST_0119,52.58,EUR,PURCHASE,HEALTHCARE,2024-03-29 10:00:14,False,65609.46
TXN_00009935,CUST_0041,545.86,EUR,TRANSFER,UTILITIES,2024-03-29 10:14:06,False,71576.04
TXN_00005609,CUST_0016,68.68,USD,PURCHASE,UTILITIES,2024-03-29 10:41:39,False,48619.58
TXN_00002846,CUST_0093,1804.67,USD,WITHDRAWAL,,2024-03-29 11:18:53,False,43369.68
TXN_00004426,CUST_0058,967.35,EUR,WITHDRAWAL,UTILITIES,2024-03-29 11:20:21,False,2362.54
TXN_00001360,CUST_0151,892.69,USD,TRANSFER,TRAVEL,2024-03-29 11:43:22,False,49785.27
TXN_00008232,CUST_0029,103.37,USD,PURCHASE,UTILITIES,2024-03-29 12:13:44,False,7717.82
TXN_00005998,CUST_0015,3420.38,EUR,PURCHASE,GROCERY,2024-03-29 12:44:10,False,6609.05
TXN_00002946,CUST_0138,231.43,EUR,PURCHASE,HEALTHCARE,2024-03-29 13:15:56,False,35477.01
TXN_00002371,CUST_0126,1357.79,EUR,PURCHASE,HEALTHCARE,2024-03-29 13:17:53,False,60297.18
TXN_00008370,CUST_0085,1265.08,EUR,TRANSFER,DINING,2024-03-29 13:19:00,False,40084.68
TXN_00000237,CUST_0124,279.39,EUR,WITHDRAWAL,DINING,2024-03-29 14:17:39,False,94704.65
TXN_00008179,CUST_0198,674.18,USD,TRANSFER,GROCERY,2024-03-29 14:23:05,False,51440.71
TXN_00005721,CUST_0158,554.82,USD,PURCHASE,ELECTRONICS,2024-03-29 15:27:11,False,27704.5
TXN_00008514,CUST_0085,-2352.85,EUR,REFUND,TRAVEL,2024-03-29 16:02:23,False,87392.74
TXN_00000359,CUST_0122,2447.65,EUR,TRANSFER,DINING,2024-03-29 16:08:03,False,4957.14
TXN_00009059,CUST_0092,229.54,EUR,PURCHASE,TRAVEL,2024-03-29 16:13:39,False,37539.31
TXN_00005032,CUST_0086,685.8,EUR,TRANSFER,HEALTHCARE,2024-03-29 16:24:27,False,84578.77
TXN_00002962,CUST_0010,-884.4,EUR,REFUND,GROCERY,2024-03-29 16:54:47,False,13625.07
TXN_00005002,CUST_0057,431.44,EUR,TRANSFER,GROCERY,2024-03-29 17:25:52,False,40877.53
TXN_00005804,CUST_0154,36.2,EUR,PURCHASE,TRAVEL,2024-03-29 17:32:31,False,83835.33
TXN_00009161,CUST_0196,87.31,EUR,PURCHASE,TRAVEL,2024-03-29 17:36:40,False,78543.48
TXN_00000474,CUST_0128,90.23,EUR,PURCHASE,UTILITIES,2024-03-29 17:57:06,False,78809.56
TXN_00004448,CUST_0179,1961.03,EUR,WITHDRAWAL,DINING,2024-03-29 18:39:20,False,8249.01
TXN_00000326,CUST_0075,46.07,USD,PURCHASE,TRAVEL,2024-03-29 18:40:44,False,1401.15
TXN_00008833,CUST_0074,912.74,EUR,PURCHASE,,2024-03-29 18:44:03,False,20721.84
TXN_00007236,CUST_0142,160.5,EUR,WITHDRAWAL,DINING,2024-03-29 21:04:44,False,95451.33
TXN_00002370,CUST_0123,135.03,EUR,PURCHASE,UTILITIES,2024-03-29 22:34:26,False,59701.04
TXN_00007384,CUST_0157,548.13,USD,PURCHASE,DINING,2024-03-30 04:16:50,False,87675.59
TXN_00007874,CUST_0115,44.19,EUR,PURCHASE,ELECTRONICS,2024-03-30 05:09:12,False,54456.36
TXN_00005324,CUST_0061,4968.12,EUR,PURCHASE,UTILITIES,2024-03-30 07:34:51,False,58140.09
TXN_00000122,CUST_0025,32.89,USD,PURCHASE,TRAVEL,2024-03-30 08:06:03,False,37021.25
TXN_00003207,CUST_0157,28.37,EUR,PURCHASE,ELECTRONICS,2024-03-30 08:23:48,False,40230.54
TXN_00008092,CUST_0061,383.62,EUR,TRANSFER,ELECTRONICS,2024-03-30 09:10:06,False,37240.78
TXN_00008307,CUST_0012,949.09,EUR,PURCHASE,GROCERY,2024-03-30 10:03:18,False,25318.0
TXN_00005402,CUST_0154,417.22,GBP,TRANSFER,UTILITIES,2024-03-30 10:12:14,False,83544.68
TXN_00001719,CUST_0135,483.54,USD,PURCHASE,HEALTHCARE,2024-03-30 10:48:37,False,59267.01
TXN_00002538,CUST_0131,136.74,EUR,WITHDRAWAL,GROCERY,2024-03-30 11:12:32,False,76952.46
TXN_00002443,CUST_0174,195.97,EUR,PURCHASE,ELECTRONICS,2024-03-30 12:03:54,False,7877.24
TXN_00000266,CUST_0119,190.82,EUR,PURCHASE,TRAVEL,2024-03-30 12:17:26,False,22807.97
TXN_00009383,CUST_0122,84.53,GBP,PURCHASE,UTILITIES,2024-03-30 12:47:32,False,38715.25
TXN_00001843,CUST_0041,230.13,EUR,PURCHASE,HEALTHCARE,2024-03-30 12:57:58,False,65373.26
TXN_00009593,CUST_0194,66.67,EUR,PURCHASE,ELECTRONICS,2024-03-30 13:13:24,False,42076.85
TXN_00000223,CUST_0169,21.1,EUR,PURCHASE,ELECTRONICS,2024-03-30 13:13:37,False,61430.76
TXN_00002870,CUST_0142,188.75,EUR,PURCHASE,DINING,2024-03-30 13:19:11,False,35097.36
TXN_00008080,CUST_0045,296.32,EUR,PURCHASE,ELECTRONICS,2024-03-30 13:44:58,False,21736.38
TXN_00009752,CUST_0032,303.02,GBP,TRANSFER,TRAVEL,2024-03-30 14:28:27,False,73831.25
TXN_00001853,CUST_0131,88.28,USD,WITHDRAWAL,HEALTHCARE,2024-03-30 14:28:50,False,95997.02
TXN_00009105,CUST_0076,318.05,EUR,TRANSFER,TRAVEL,2024-03-30 14:54:33,False,60565.37
TXN_00001701,CUST_0182,998.76,USD,PURCHASE,GROCERY,2024-03-30 16:36:47,False,91293.45
TXN_00007591,CUST_0106,95.72,EUR,PURCHASE,DINING,2024-03-30 16:49:52,False,52472.57
TXN_00006650,CUST_0197,321.97,EUR,TRANSFER,GROCERY,2024-03-30 16:54:45,False,92849.34
TXN_00006444,CUST_0195,241.12,EUR,PURCHASE,HEALTHCARE,2024-03-30 17:06:37,False,17122.72
TXN_00006226,CUST_0111,304.92,GBP,PURCHASE,DINING,2024-03-30 17:58:23,False,60913.3
TXN_00009700,CUST_0142,822.71,GBP,WITHDRAWAL,UTILITIES,2024-03-30 18:59:07,False,18512.52
TXN_00005298,CUST_0138,26.99,EUR,PURCHASE,HEALTHCARE,2024-03-30 19:50:48,False,45622.33
TXN_00009076,CUST_0133,114.94,EUR,PURCHASE,UTILITIES,2024-03-30 20:33:11,False,48332.42
TXN_00004428,CUST_0150,76.28,EUR,PURCHASE,ELECTRONICS,2024-03-31 05:08:44,False,19068.96
TXN_00001809,CUST_0071,99.93,EUR,TRANSFER,TRAVEL,2024-03-31 05:45:05,False,86213.38
TXN_00006682,CUST_0179,-2524.48,EUR,REFUND,GROCERY,2024-03-31 06:03:21,False,96051.13
TXN_00009265,CUST_0005,556.56,EUR,TRANSFER,ELECTRONICS,2024-03-31 08:46:09,False,22884.99
TXN_00000144,CUST_0097,393.5,EUR,TRANSFER,DINING,2024-03-31 09:02:44,False,54379.68
TXN_00002882,CUST_0168,486.04,USD,PURCHASE,TRAVEL,2024-03-31 09:19:07,False,29092.01
TXN_00007106,CUST_0181,1547.23,EUR,PURCHASE,ELECTRONICS,2024-03-31 09:21:42,False,41334.2
TXN_00001024,CUST_0139,3471.06,EUR,PURCHASE,ELECTRONICS,2024-03-31 09:41:16,False,20742.06
TXN_00004108,CUST_0189,289.98,USD,PURCHASE,UTILITIES,2024-03-31 10:05:25,False,91803.88
TXN_00006448,CUST_0185,223.59,EUR,PURCHASE,DINING,2024-03-31 10:12:23,False,5242.3
TXN_00006517,CUST_0058,94.34,EUR,PURCHASE,UTILITIES,2024-03-31 10:18:16,False,93556.54
TXN_00006102,CUST_0064,339.0,EUR,TRANSFER,DINING,2024-03-31 11:44:39,False,7118.83
TXN_00002204,CUST_0007,417.55,EUR,WITHDRAWAL,HEALTHCARE,2024-03-31 11:48:00,False,81136.12
TXN_00003483,CUST_0010,491.69,EUR,TRANSFER,ELECTRONICS,2024-03-31 11:52:29,False,68587.76
TXN_00003113,CUST_0086,645.76,GBP,PURCHASE,ELECTRONICS,2024-03-31 12:02:27,False,17266.09
TXN_00007924,CUST_0179,666.51,GBP,PURCHASE,DINING,2024-03-31 12:37:36,False,6052.12
TXN_00006859,CUST_0120,570.77,EUR,PURCHASE,TRAVEL,2024-03-31 12:44:15,False,1031.92
TXN_00007413,CUST_0170,51.27,EUR,PURCHASE,UTILITIES,2024-03-31 13:17:57,False,77921.01
TXN_00007573,CUST_0152,-73.96,USD,REFUND,HEALTHCARE,2024-03-31 13:18:09,False,45964.97
TXN_00000925,CUST_0154,58.04,USD,PURCHASE,ELECTRONICS,2024-03-31 14:21:36,False,58391.04
TXN_00000711,CUST_0164,210.63,EUR,PURCHASE,ELECTRONICS,2024-03-31 14:33:55,False,19040.36
TXN_00002874,CUST_0111,868.6,EUR,PURCHASE,ELECTRONICS,2024-03-31 14:42:39,False,32028.25
TXN_00007975,CUST_0183,1736.38,USD,WITHDRAWAL,UTILITIES,2024-03-31 17:13:41,False,74707.78
TXN_00009793,CUST_0180,188.74,EUR,PURCHASE,TRAVEL,2024-03-31 20:13:14,False,71238.73
TXN_00002540,CUST_0057,76.28,USD,PURCHASE,UTILITIES,2024-03-31 20:38:51,False,84036.73
TXN_00006553,CUST_0037,129.25,EUR,PURCHASE,UTILITIES,2024-04-01 07:49:02,False,17431.55
TXN_00007608,CUST_0155,306.85,EUR,WITHDRAWAL,DINING,2024-04-01 07:58:04,False,68247.23
TXN_00001089,CUST_0025,87.92,EUR,TRANSFER,GROCERY,2024-04-01 09:08:27,False,34773.39
TXN_00001031,CUST_0094,603.55,USD,TRANSFER,DINING,2024-04-01 09:17:33,False,41284.22
TXN_00000100,CUST_0134,155.27,EUR,TRANSFER,UTILITIES,2024-04-01 09:25:52,False,86379.11
TXN_00002653,CUST_0143,14.23,USD,TRANSFER,DINING,2024-04-01 10:00:50,False,70622.69
TXN_00008904,CUST_0019,117.92,USD,PURCHASE,ELECTRONICS,2024-04-01 10:28:52,False,8514.21
TXN_00002040,CUST_0067,567.22,EUR,PURCHASE,ELECTRONICS,2024-04-01 11:13:52,False,94273.43
TXN_00008219,CUST_0169,562.25,EUR,TRANSFER,UTILITIES,2024-04-01 11:35:20,False,91211.45
TXN_00005467,CUST_0174,282.1,EUR,TRANSFER,DINING,2024-04-01 11:52:21,False,40915.57
TXN_00000192,CUST_0097,646.74,GBP,PURCHASE,,2024-04-01 12:05:00,False,12706.71
TXN_00000561,CUST_0019,125.93,EUR,TRANSFER,UTILITIES,2024-04-01 12:21:13,False,42914.43
TXN_00005829,CUST_0142,89.33,USD,PURCHASE,TRAVEL,2024-04-01 12:37:55,False,54448.27
TXN_00004239,CUST_0188,199.29,EUR,WITHDRAWAL,UTILITIES,2024-04-01 13:48:02,False,962.89
TXN_00007997,CUST_0070,232.34,USD,TRANSFER,GROCERY,2024-04-01 14:04:47,False,76205.5
TXN_00002815,CUST_0120,-679.91,USD,REFUND,ELECTRONICS,2024-04-01 14:13:03,False,34449.97
TXN_00000797,CUST_0177,292.53,USD,PURCHASE,GROCERY,2024-04-01 14:23:34,False,85588.01
TXN_00006068,CUST_0170,50.99,GBP,WITHDRAWAL,GROCERY,2024-04-01 15:08:03,False,71589.29
TXN_00004465,CUST_0052,259.57,EUR,PURCHASE,GROCERY,2024-04-01 15:17:32,False,10508.95
TXN_00008915,CUST_0001,443.7,EUR,PURCHASE,UTILITIES,2024-04-01 15:27:15,False,18766.72
TXN_00003512,CUST_0165,817.84,EUR,PURCHASE,UTILITIES,2024-04-01 16:35:51,False,64969.67
TXN_00001819,CUST_0094,224.44,EUR,PURCHASE,TRAVEL,2024-04-01 16:52:38,False,71976.39
TXN_00003988,CUST_0020,68.82,EUR,PURCHASE,UTILITIES,2024-04-01 17:09:52,False,78147.45
TXN_00008522,CUST_0029,99.43,EUR,PURCHASE,,2024-04-01 17:18:47,False,57049.3
TXN_00004338,CUST_0036,401.48,EUR,WITHDRAWAL,UTILITIES,2024-04-01 18:54:10,False,17279.41
TXN_00003853,CUST_0139,1491.41,EUR,TRANSFER,TRAVEL,2024-04-02 05:03:52,False,63988.61
TXN_00005497,CUST_0015,81.08,EUR,PURCHASE,UTILITIES,2024-04-02 07:04:53,False,75936.23
TXN_00001062,CUST_0094,875.7,GBP,PURCHASE,HEALTHCARE,2024-04-02 08:48:52,False,14487.58
TXN_00007119,CUST_0067,235.73,EUR,PURCHASE,ELECTRONICS,2024-04-02 09:03:24,False,55219.4
TXN_00001492,CUST_0190,1042.59,GBP,PURCHASE,TRAVEL,2024-04-02 09:07:02,False,89877.77
TXN_00003201,CUST_0015,146.73,EUR,PURCHASE,UTILITIES,2024-04-02 10:18:18,False,41572.81
TXN_00001539,CUST_0084,162.77,USD,PURCHASE,HEALTHCARE,2024-04-02 10:19:20,False,93020.5
TXN_00001155,CUST_0009,22.18,GBP,PURCHASE,GROCERY,2024-04-02 10:29:55,False,4989.41
TXN_00005093,CUST_0138,358.47,USD,PURCHASE,TRAVEL,2024-04-02 10:39:17,False,77838.68
TXN_00007182,CUST_0197,474.46,EUR,TRANSFER,ELECTRONICS,2024-04-02 12:28:20,False,65883.2
TXN_00002133,CUST_0124,404.99,EUR,TRANSFER,ELECTRONICS,2024-04-02 12:29:06,False,10776.54
TXN_00001391,CUST_0152,-882.88,EUR,REFUND,TRAVEL,2024-04-02 12:44:14,False,22907.05
TXN_00008284,CUST_0179,262.71,EUR,TRANSFER,TRAVEL,2024-04-02 12:49:09,False,2624.15
TXN_00000190,CUST_0097,598.58,USD,PURCHASE,DINING,2024-04-02 13:50:18,False,78535.82
TXN_00002794,CUST_0176,178.81,USD,PURCHASE,UTILITIES,2024-04-02 14:57:52,False,60712.72
TXN_00008588,CUST_0022,52.15,EUR,PURCHASE,,2024-04-02 15:26:10,False,2463.22
TXN_00002695,CUST_0117,96.47,GBP,PURCHASE,TRAVEL,2024-04-02 15:52:09,False,76697.66
TXN_00007166,CUST_0199,718.87,EUR,PURCHASE,DINING,2024-04-02 15:58:23,False,16723.53
TXN_00009003,CUST_0164,429.65,EUR,WITHDRAWAL,UTILITIES,2024-04-02 16:20:38,False,53116.19
TXN_00005852,CUST_0049,14.63,EUR,PURCHASE,GROCERY,2024-04-02 17:05:20,False,95364.41
TXN_00009436,CUST_0002,3.86,USD,PURCHASE,TRAVEL,2024-04-02 17:29:23,False,68866.15
TXN_00000733,CUST_0189,665.34,EUR,WITHDRAWAL,TRAVEL,2024-04-02 18:21:39,False,2852.15
TXN_00008391,CUST_0110,400.76,EUR,PURCHASE,HEALTHCARE,2024-04-02 18:30:57,False,64143.89
TXN_00001645,CUST_0121,-177.23,EUR,REFUND,,2024-04-02 20:05:16,False,96583.57
TXN_00007000,CUST_0118,29.34,EUR,PURCHASE,HEALTHCARE,2024-04-02 21:45:40,False,96798.91
TXN_00008351,CUST_0157,623.25,GBP,PURCHASE,UTILITIES,2024-04-03 07:17:31,False,19928.59
TXN_00008243,CUST_0084,227.71,EUR,PURCHASE,GROCERY,2024-04-03 07:24:15,True,61317.66
TXN_00006587,CUST_0090,3276.86,EUR,PURCHASE,HEALTHCARE,2024-04-03 08:07:35,False,85248.66
TXN_00009990,CUST_0022,1039.64,EUR,PURCHASE,HEALTHCARE,2024-04-03 08:37:46,True,51376.68
TXN_00006742,CUST_0142,298.06,USD,PURCHASE,GROCERY,2024-04-03 09:17:11,False,70277.63
TXN_00009610,CUST_0025,106.24,EUR,PURCHASE,HEALTHCARE,2024-04-03 10:02:18,False,95777.19
TXN_00000230,CUST_0037,450.27,EUR,PURCHASE,DINING,2024-04-03 10:52:55,False,82478.42
TXN_00001193,CUST_0020,86.88,USD,PURCHASE,TRAVEL,2024-04-03 11:20:47,False,80855.3
TXN_00008066,CUST_0058,-233.48,EUR,REFUND,HEALTHCARE,2024-04-03 11:57:12,False,71916.89
TXN_00008117,CUST_0061,318.7,EUR,TRANSFER,DINING,2024-04-03 12:03:42,False,17300.75
TXN_00007016,CUST_0118,226.51,EUR,PURCHASE,UTILITIES,2024-04-03 13:51:21,False,30774.46
TXN_00004653,CUST_0059,2184.02,EUR,WITHDRAWAL,TRAVEL,2024-04-03 14:15:37,False,86927.37
TXN_00006286,CUST_0132,1083.83,EUR,PURCHASE,UTILITIES,2024-04-03 14:22:42,False,28822.77
TXN_00001946,CUST_0195,-42.58,EUR,REFUND,TRAVEL,2024-04-03 14:27:28,False,23813.69
TXN_00001445,CUST_0174,2333.0,EUR,WITHDRAWAL,DINING,2024-04-03 14:44:12,False,73965.95
TXN_00001241,CUST_0096,175.31,EUR,PURCHASE,ELECTRONICS,2024-04-03 15:08:38,False,94940.97
TXN_00002742,CUST_0010,372.32,USD,TRANSFER,GROCERY,2024-04-03 15:23:43,False,4773.2
TXN_00005252,CUST_0116,106.81,EUR,PURCHASE,UTILITIES,2024-04-03 15:31:22,False,42232.38
TXN_00007919,CUST_0053,60.86,USD,PURCHASE,DINING,2024-04-03 15:51:50,False,69561.94
TXN_00000218,CUST_0092,113.91,GBP,PURCHASE,,2024-04-03 15:56:01,False,29363.99
TXN_00009789,CUST_0124,294.94,GBP,PURCHASE,GROCERY,2024-04-03 16:03:38,False,30871.25
TXN_00008077,CUST_0107,205.18,EUR,PURCHASE,GROCERY,2024-04-03 16:30:21,False,28521.16
TXN_00006960,CUST_0133,77.72,EUR,WITHDRAWAL,TRAVEL,2024-04-03 17:09:55,False,48506.48
TXN_00001965,CUST_0039,6.85,GBP,TRANSFER,UTILITIES,2024-04-03 17:45:36,False,96396.12
TXN_00003163,CUST_0186,29.7,USD,PURCHASE,TRAVEL,2024-04-03 18:41:04,False,40783.23
TXN_00003424,CUST_0143,167.6,EUR,TRANSFER,TRAVEL,2024-04-03 18:48:33,False,4416.71
TXN_00009378,CUST_0106,-1521.29,USD,REFUND,HEALTHCARE,2024-04-03 21:02:25,False,14252.31
TXN_00006371,CUST_0078,202.59,EUR,PURCHASE,UTILITIES,2024-04-04 06:16:07,False,28626.08
TXN_00008191,CUST_0187,-139.43,EUR,REFUND,GROCERY,2024-04-04 08:09:50,False,22863.81
TXN_00008663,CUST_0199,1601.76,USD,WITHDRAWAL,HEALTHCARE,2024-04-04 08:31:14,False,58534.81
TXN_00004048,CUST_0107,30.18,EUR,TRANSFER,HEALTHCARE,2024-04-04 08:55:13,False,18953.45
TXN_00006690,CUST_0116,3652.8,EUR,PURCHASE,ELECTRONICS,2024-04-04 09:41:24,True,16312.66
TXN_00003024,CUST_0102,45.66,USD,PURCHASE,ELECTRONICS,2024-04-04 10:01:01,False,82614.5
TXN_00000605,CUST_0002,264.44,EUR,PURCHASE,HEALTHCARE,2024-04-04 10:14:50,False,29965.32
TXN_00009462,CUST_0175,526.67,EUR,TRANSFER,TRAVEL,2024-04-04 10:40:20,False,71384.51
TXN_00008073,CUST_0123,217.74,EUR,WITHDRAWAL,TRAVEL,2024-04-04 10:40:47,False,38847.91
TXN_00000979,CUST_0037,74.11,USD,PURCHASE,ELECTRONICS,2024-04-04 11:03:43,False,24392.44
TXN_00005487,CUST_0194,384.95,EUR,PURCHASE,UTILITIES,2024-04-04 11:21:00,False,21584.23
TXN_00007842,CUST_0045,16.46,EUR,TRANSFER,GROCERY,2024-04-04 11:22:41,False,65910.96
TXN_00003953,CUST_0082,76.57,EUR,PURCHASE,TRAVEL,2024-04-04 11:24:03,False,92244.11
TXN_00002935,CUST_0066,373.36,EUR,PURCHASE,DINING,2024-04-04 11:55:31,False,68289.53
TXN_00002622,CUST_0119,511.95,GBP,PURCHASE,TRAVEL,2024-04-04 11:57:06,False,44561.27
TXN_00005126,CUST_0122,6803.05,EUR,PURCHASE,TRAVEL,2024-04-04 11:59:20,True,29466.73
TXN_00006774,CUST_0019,337.02,EUR,PURCHASE,GROCERY,2024-04-04 12:53:31,False,94132.47
TXN_00000216,CUST_0047,531.17,EUR,PURCHASE,DINING,2024-04-04 13:10:03,False,49051.1
TXN_00006662,CUST_0009,235.59,EUR,PURCHASE,ELECTRONICS,2024-04-04 13:29:40,False,5608.49
TXN_00008787,CUST_0186,60.82,EUR,PURCHASE,ELECTRONICS,2024-04-04 13:44:19,False,52925.84
TXN_00008408,CUST_0124,424.66,USD,PURCHASE,ELECTRONICS,2024-04-04 14:26:14,True,30920.58
TXN_00009646,CUST_0074,62.6,EUR,PURCHASE,UTILITIES,2024-04-04 14:50:55,False,15959.67
TXN_00001412,CUST_0076,453.98,USD,PURCHASE,ELECTRONICS,2024-04-04 15:38:08,False,60047.58
TXN_00005942,CUST_0126,100.95,EUR,PURCHASE,DINING,2024-04-04 15:51:30,True,34215.42
TXN_00004603,CUST_0111,29.76,EUR,PURCHASE,TRAVEL,2024-04-04 16:09:50,False,19100.32
TXN_00004111,CUST_0149,15.34,EUR,WITHDRAWAL,UTILITIES,2024-04-04 16:17:40,False,80081.18
TXN_00008487,CUST_0011,1568.96,EUR,PURCHASE,HEALTHCARE,2024-04-04 17:06:43,False,72133.25
TXN_00008137,CUST_0097,261.03,USD,PURCHASE,DINING,2024-04-04 20:13:00,False,39210.09
TXN_00002689,CUST_0079,13.5,EUR,PURCHASE,TRAVEL,2024-04-04 20:48:40,False,40186.68
TXN_00002524,CUST_0079,23.62,EUR,TRANSFER,TRAVEL,2024-04-04 21:06:22,False,72144.68
TXN_00002026,CUST_0023,391.05,USD,PURCHASE,DINING,2024-04-04 23:02:11,False,11378.36
TXN_00001361,CUST_0020,463.88,EUR,WITHDRAWAL,TRAVEL,2024-04-05 03:10:38,False,85223.55
TXN_00009680,CUST_0091,894.84,EUR,PURCHASE,TRAVEL,2024-04-05 07:07:31,False,42887.08
TXN_00003081,CUST_0001,990.39,EUR,WITHDRAWAL,,2024-04-05 08:10:00,False,4364.02
TXN_00005730,CUST_0094,-41.11,USD,REFUND,ELECTRONICS,2024-04-05 08:23:23,False,80338.08
TXN_00000032,CUST_0087,1046.69,EUR,TRANSFER,DINING,2024-04-05 09:38:44,False,55808.27
TXN_00006231,CUST_0025,88.95,EUR,PURCHASE,ELECTRONICS,2024-04-05 10:21:07,False,54218.54
TXN_00009377,CUST_0139,17.79,EUR,PURCHASE,ELECTRONICS,2024-04-05 10:53:51,False,2162.24
TXN_00001275,CUST_0020,160.98,GBP,TRANSFER,DINING,2024-04-05 11:08:36,False,92190.12
TXN_00003626,CUST_0111,388.27,GBP,TRANSFER,UTILITIES,2024-04-05 11:13:57,False,53016.01
TXN_00002356,CUST_0080,3196.28,EUR,TRANSFER,GROCERY,2024-04-05 11:32:31,False,80105.42
TXN_00000434,CUST_0010,475.85,EUR,PURCHASE,HEALTHCARE,2024-04-05 11:33:35,False,1447.86
TXN_00005187,CUST_0041,344.84,EUR,PURCHASE,TRAVEL,2024-04-05 12:28:02,False,9419.32
TXN_00001278,CUST_0149,251.16,EUR,WITHDRAWAL,HEALTHCARE,2024-04-05 12:40:18,False,88283.31
TXN_00004402,CUST_0183,534.55,EUR,TRANSFER,GROCERY,2024-04-05 12:44:27,False,42402.09
TXN_00007937,CUST_0045,574.62,EUR,PURCHASE,ELECTRONICS,2024-04-05 12:58:43,False,83504.42
TXN_00004167,CUST_0010,831.75,EUR,PURCHASE,UTILITIES,2024-04-05 13:13:48,False,47376.46
TXN_00000288,CUST_0199,194.74,GBP,TRANSFER,ELECTRONICS,2024-04-05 13:45:42,False,59830.04
TXN_00002970,CUST_0012,7.62,EUR,PURCHASE,ELECTRONICS,2024-04-05 14:00:28,False,44429.58
TXN_00000114,CUST_0153,72.05,EUR,TRANSFER,DINING,2024-04-05 14:03:15,False,45296.59
TXN_00005055,CUST_0130,36.74,GBP,PURCHASE,ELECTRONICS,2024-04-05 14:40:44,False,2019.68
TXN_00005442,CUST_0021,328.06,EUR,PURCHASE,UTILITIES,2024-04-05 14:42:39,False,98230.96
TXN_00001106,CUST_0176,68.4,EUR,WITHDRAWAL,UTILITIES,2024-04-05 14:55:45,False,15098.72
TXN_00009683,CUST_0035,10.61,GBP,WITHDRAWAL,TRAVEL,2024-04-05 15:01:38,False,9073.5
TXN_00000127,CUST_0010,25.98,EUR,PURCHASE,UTILITIES,2024-04-05 15:23:22,False,33980.67
TXN_00009527,CUST_0106,4641.93,EUR,TRANSFER,GROCERY,2024-04-05 15:28:15,False,97329.3
TXN_00009200,CUST_0155,304.01,EUR,PURCHASE,UTILITIES,2024-04-05 15:37:59,False,16336.67
TXN_00000848,CUST_0158,83.78,USD,PURCHASE,ELECTRONICS,2024-04-05 16:23:49,False,72320.31
TXN_00002471,CUST_0117,462.71,EUR,PURCHASE,HEALTHCARE,2024-04-05 16:55:52,False,9308.58
TXN_00005893,CUST_0086,538.75,EUR,PURCHASE,TRAVEL,2024-04-05 20:10:23,False,846.19
TXN_00008610,CUST_0099,19.5,EUR,PURCHASE,TRAVEL,2024-04-05 21:17:34,False,20642.5
TXN_00007616,CUST_0048,1184.25,EUR,TRANSFER,UTILITIES,2024-04-06 04:35:01,False,76470.62
TXN_00001045,CUST_0092,501.43,EUR,PURCHASE,GROCERY,2024-04-06 04:48:20,False,99852.98
TXN_00008363,CUST_0198,676.91,EUR,PURCHASE,DINING,2024-04-06 05:51:09,False,30128.88
TXN_00001743,CUST_0052,577.12,EUR,PURCHASE,UTILITIES,2024-04-06 06:28:42,False,92057.59
TXN_00009308,CUST_0111,49.26,EUR,PURCHASE,UTILITIES,2024-04-06 06:43:51,False,17563.11
TXN_00006098,CUST_0131,12.22,EUR,PURCHASE,ELECTRONICS,2024-04-06 06:56:30,False,35072.74
TXN_00001548,CUST_0095,16.23,USD,PURCHASE,DINING,2024-04-06 08:17:26,False,79631.59
TXN_00009606,CUST_0154,-473.7,EUR,REFUND,TRAVEL,2024-04-06 08:22:44,False,2375.71
TXN_00005193,CUST_0120,3300.94,USD,PURCHASE,UTILITIES,2024-04-06 08:26:41,False,99962.51
TXN_00003872,CUST_0138,27.85,EUR,TRANSFER,DINING,2024-04-06 09:52:28,False,26932.08
TXN_00004420,CUST_0024,650.85,EUR,PURCHASE,UTILITIES,2024-04-06 09:58:04,False,52093.68
TXN_00004611,CUST_0158,1692.66,GBP,WITHDRAWAL,ELECTRONICS,2024-04-06 10:13:53,False,74372.21
TXN_00009830,CUST_0120,501.68,EUR,PURCHASE,ELECTRONICS,2024-04-06 10:51:54,False,31503.52
TXN_00002665,CUST_0128,129.24,EUR,WITHDRAWAL,HEALTHCARE,2024-04-06 10:54:30,False,42791.76
TXN_00000074,CUST_0188,54.78,EUR,WITHDRAWAL,HEALTHCARE,2024-04-06 11:04:59,False,74985.11
TXN_00003341,CUST_0139,1676.98,EUR,PURCHASE,DINING,2024-04-06 11:09:16,False,40690.42
TXN_00004156,CUST_0145,243.42,USD,TRANSFER,GROCERY,2024-04-06 11:29:07,False,96630.37
TXN_00003020,CUST_0135,172.38,EUR,PURCHASE,ELECTRONICS,2024-04-06 12:47:28,False,84733.75
TXN_00004891,CUST_0096,1285.64,EUR,TRANSFER,ELECTRONICS,2024-04-06 12:55:24,False,66424.14
TXN_00000556,CUST_0169,12.0,EUR,PURCHASE,UTILITIES,2024-04-06 13:16:36,False,13383.76
TXN_00003869,CUST_0171,33.11,EUR,PURCHASE,HEALTHCARE,2024-04-06 13:33:33,False,13710.96
TXN_00005119,CUST_0109,577.56,EUR,PURCHASE,DINING,2024-04-06 14:20:33,False,60332.08
TXN_00001547,CUST_0042,59.78,EUR,TRANSFER,GROCERY,2024-04-06 15:17:06,False,51329.47
TXN_00007518,CUST_0094,266.12,EUR,PURCHASE,DINING,2024-04-06 15:38:27,False,33348.42
TXN_00001216,CUST_0199,61.86,USD,PURCHASE,UTILITIES,2024-04-06 15:43:26,False,10604.33
TXN_00007680,CUST_0065,165.14,EUR,PURCHASE,UTILITIES,2024-04-06 15:59:39,False,38902.72
TXN_00000984,CUST_0042,601.12,EUR,PURCHASE,DINING,2024-04-06 17:04:53,False,596.75
TXN_00007055,CUST_0003,27.63,EUR,PURCHASE,GROCERY,2024-04-06 17:35:39,False,6338.95
TXN_00008229,CUST_0005,736.23,EUR,TRANSFER,GROCERY,2024-04-06 18:31:27,False,37812.3
TXN_00001595,CUST_0137,102.24,EUR,TRANSFER,GROCERY,2024-04-06 20:09:50,False,88018.41
TXN_00005568,CUST_0132,435.72,EUR,PURCHASE,GROCERY,2024-04-07 07:57:42,False,74068.81
TXN_00002518,CUST_0076,834.8,EUR,TRANSFER,,2024-04-07 08:21:16,False,80403.37
TXN_00006423,CUST_0035,31.23,EUR,TRANSFER,GROCERY,2024-04-07 08:26:54,False,88013.89
TXN_00006839,CUST_0133,153.84,EUR,PURCHASE,TRAVEL,2024-04-07 08:49:11,False,96497.06
TXN_00002760,CUST_0005,128.46,EUR,TRANSFER,DINING,2024-04-07 10:34:38,False,63974.96
TXN_00001456,CUST_0162,1180.58,EUR,PURCHASE,DINING,2024-04-07 10:37:12,False,35446.66
TXN_00005020,CUST_0099,44.69,EUR,PURCHASE,GROCERY,2024-04-07 11:27:49,False,40755.91
TXN_00004940,CUST_0048,172.45,EUR,TRANSFER,UTILITIES,2024-04-07 11:39:00,False,85168.3
TXN_00004802,CUST_0078,54.27,EUR,TRANSFER,ELECTRONICS,2024-04-07 11:51:44,False,23674.72
TXN_00001817,CUST_0087,-1755.78,EUR,REFUND,TRAVEL,2024-04-07 12:27:01,False,39546.43
TXN_00005886,CUST_0034,186.67,EUR,WITHDRAWAL,HEALTHCARE,2024-04-07 12:41:51,False,62392.29
TXN_00007988,CUST_0086,61.41,EUR,TRANSFER,TRAVEL,2024-04-07 12:51:04,False,97210.02
TXN_00009776,CUST_0100,94.46,EUR,TRANSFER,GROCERY,2024-04-07 13:23:27,False,55710.03
TXN_00000168,CUST_0157,183.02,EUR,PURCHASE,HEALTHCARE,2024-04-07 14:04:37,False,30543.06
TXN_00009922,CUST_0074,933.06,EUR,TRANSFER,HEALTHCARE,2024-04-07 14:11:05,False,17636.38
TXN_00009026,CUST_0024,5020.46,USD,PURCHASE,GROCERY,2024-04-07 14:14:00,False,16904.78
TXN_00005728,CUST_0171,688.32,EUR,PURCHASE,ELECTRONICS,2024-04-07 14:16:25,False,91976.57
TXN_00001005,CUST_0010,18.54,EUR,PURCHASE,ELECTRONICS,2024-04-07 14:29:24,False,966.52
TXN_00004754,CUST_0057,-2051.97,EUR,REFUND,DINING,2024-04-07 14:36:42,True,85770.51
TXN_00001149,CUST_0023,644.16,EUR,TRANSFER,ELECTRONICS,2024-04-07 15:49:06,True,69546.49
TXN_00008024,CUST_0084,30.96,EUR,PURCHASE,UTILITIES,2024-04-07 15:52:35,False,29784.11
TXN_00005220,CUST_0195,465.18,EUR,WITHDRAWAL,HEALTHCARE,2024-04-07 15:55:08,False,3257.63
TXN_00000663,CUST_0054,1346.54,EUR,WITHDRAWAL,GROCERY,2024-04-07 16:00:09,False,80891.85
TXN_00009009,CUST_0138,77.65,EUR,PURCHASE,ELECTRONICS,2024-04-07 16:05:53,True,29955.63
TXN_00004417,CUST_0044,51.76,EUR,WITHDRAWAL,UTILITIES,2024-04-07 16:46:16,False,57047.2
TXN_00009051,CUST_0175,344.12,USD,PURCHASE,UTILITIES,2024-04-07 17:40:29,False,92147.34
TXN_00009321,CUST_0176,45.92,EUR,PURCHASE,ELECTRONICS,2024-04-07 19:43:24,False,3942.38
TXN_00001363,CUST_0120,577.72,EUR,TRANSFER,DINING,2024-04-08 03:19:45,False,90018.63
TXN_00001964,CUST_0013,14.03,USD,TRANSFER,GROCERY,2024-04-08 05:30:32,False,40974.37
TXN_00000026,CUST_0030,285.23,EUR,PURCHASE,HEALTHCARE,2024-04-08 06:34:00,False,62605.89
TXN_00004700,CUST_0107,70.83,USD,PURCHASE,ELECTRONICS,2024-04-08 08:31:50,False,41577.22
TXN_00009929,CUST_0014,1020.62,EUR,WITHDRAWAL,UTILITIES,2024-04-08 08:40:42,False,7190.63
TXN_00001704,CUST_0061,294.41,EUR,PURCHASE,TRAVEL,2024-04-08 08:41:37,False,40325.11
TXN_00002759,CUST_0195,1964.04,EUR,TRANSFER,ELECTRONICS,2024-04-08 08:49:29,False,15271.85
TXN_00006933,CUST_0048,54.13,EUR,WITHDRAWAL,HEALTHCARE,2024-04-08 09:00:34,False,45650.29
TXN_00008937,CUST_0077,667.67,USD,PURCHASE,DINING,2024-04-08 09:08:05,False,42973.96
TXN_00001949,CUST_0149,561.82,EUR,TRANSFER,TRAVEL,2024-04-08 09:21:35,False,81048.75
TXN_00006048,CUST_0101,124.76,USD,PURCHASE,TRAVEL,2024-04-08 09:58:47,False,55395.86
TXN_00004370,CUST_0143,1783.29,USD,PURCHASE,GROCERY,2024-04-08 11:08:46,False,9726.29
TXN_00008476,CUST_0164,152.41,USD,TRANSFER,ELECTRONICS,2024-04-08 11:38:41,False,73287.3
TXN_00006464,CUST_0175,4736.99,EUR,PURCHASE,DINING,2024-04-08 11:54:03,False,30531.83
TXN_00004054,CUST_0036,231.32,EUR,WITHDRAWAL,GROCERY,2024-04-08 12:52:31,False,91842.86
TXN_00008261,CUST_0138,465.58,EUR,PURCHASE,UTILITIES,2024-04-08 13:46:23,False,6256.91
TXN_00001247,CUST_0152,45.31,EUR,PURCHASE,GROCERY,2024-04-08 14:44:15,False,54210.94
TXN_00005533,CUST_0172,82.16,EUR,WITHDRAWAL,HEALTHCARE,2024-04-08 14:54:27,False,99321.88
TXN_00005670,CUST_0076,-433.91,USD,REFUND,UTILITIES,2024-04-08 15:33:54,False,94908.54
TXN_00004322,CUST_0098,53.06,USD,PURCHASE,DINING,2024-04-08 15:46:16,False,55607.35
TXN_00009879,CUST_0100,82.65,EUR,TRANSFER,DINING,2024-04-08 15:47:15,False,76283.32
TXN_00007563,CUST_0120,276.41,EUR,TRANSFER,GROCERY,2024-04-08 15:53:40,False,85648.55
TXN_00008371,CUST_0151,3097.4,EUR,PURCHASE,GROCERY,2024-04-08 15:54:48,False,55803.01
TXN_00000356,CUST_0039,4229.67,EUR,TRANSFER,UTILITIES,2024-04-08 15:58:41,False,1061.53
TXN_00008852,CUST_0030,6.15,EUR,PURCHASE,TRAVEL,2024-04-08 15:59:00,False,9010.62
TXN_00000065,CUST_0058,4802.68,EUR,PURCHASE,TRAVEL,2024-04-08 16:24:28,False,91286.15
TXN_00003562,CUST_0136,148.34,USD,PURCHASE,ELECTRONICS,2024-04-08 17:12:43,False,72564.89
TXN_00007357,CUST_0172,63.87,EUR,TRANSFER,,2024-04-08 18:41:41,False,62417.24
TXN_00008426,CUST_0142,852.04,EUR,WITHDRAWAL,GROCERY,2024-04-08 23:03:30,False,79710.1
TXN_00006799,CUST_0045,995.52,USD,WITHDRAWAL,,2024-04-09 05:41:31,False,30012.06
TXN_00001638,CUST_0055,73.8,USD,PURCHASE,UTILITIES,2024-04-09 06:43:45,False,70410.53
TXN_00000851,CUST_0018,1105.11,USD,PURCHASE,ELECTRONICS,2024-04-09 08:17:14,False,33718.9
TXN_00009564,CUST_0178,258.28,EUR,WITHDRAWAL,ELECTRONICS,2024-04-09 08:41:22,True,51904.22
TXN_00000501,CUST_0161,389.08,EUR,PURCHASE,GROCERY,2024-04-09 08:59:38,True,91541.45
TXN_00005406,CUST_0191,60.4,EUR,PURCHASE,HEALTHCARE,2024-04-09 09:16:33,False,5292.24
TXN_00006036,CUST_0106,1871.96,EUR,TRANSFER,UTILITIES,2024-04-09 09:43:40,False,79775.08
TXN_00009092,CUST_0125,45.4,EUR,PURCHASE,ELECTRONICS,2024-04-09 09:53:46,False,93637.77
TXN_00003093,CUST_0190,530.67,EUR,PURCHASE,ELECTRONICS,2024-04-09 10:31:00,False,68064.31
TXN_00006504,CUST_0132,370.88,EUR,PURCHASE,TRAVEL,2024-04-09 10:36:57,False,92274.08
TXN_00004607,CUST_0171,154.73,EUR,TRANSFER,TRAVEL,2024-04-09 10:52:02,False,21364.14
TXN_00000864,CUST_0123,209.08,EUR,PURCHASE,HEALTHCARE,2024-04-09 11:08:37,False,62718.33
TXN_00001575,CUST_0051,159.61,USD,WITHDRAWAL,UTILITIES,2024-04-09 12:09:42,False,15396.03
TXN_00002920,CUST_0177,74.51,EUR,TRANSFER,ELECTRONICS,2024-04-09 13:17:56,False,82513.75
TXN_00002453,CUST_0152,79.84,EUR,PURCHASE,UTILITIES,2024-04-09 13:28:57,False,28443.89
TXN_00002514,CUST_0043,185.49,USD,TRANSFER,GROCERY,2024-04-09 13:45:02,False,19932.18
TXN_00009379,CUST_0194,8714.39,EUR,WITHDRAWAL,TRAVEL,2024-04-09 14:16:26,False,45574.65
TXN_00001893,CUST_0157,58.02,USD,PURCHASE,GROCERY,2024-04-09 15:17:08,False,24597.94
TXN_00006080,CUST_0059,4874.6,EUR,PURCHASE,GROCERY,2024-04-09 15:54:16,False,70935.29
TXN_00006833,CUST_0162,3924.88,USD,PURCHASE,ELECTRONICS,2024-04-09 16:00:21,False,81073.53
TXN_00000866,CUST_0053,528.03,EUR,PURCHASE,DINING,2024-04-09 16:33:08,False,89559.05
TXN_00009359,CUST_0128,602.54,EUR,PURCHASE,TRAVEL,2024-04-09 16:59:03,False,98573.48
TXN_00009873,CUST_0026,-723.2,EUR,REFUND,DINING,2024-04-09 17:36:44,False,97573.59
TXN_00002966,CUST_0090,11.97,EUR,TRANSFER,,2024-04-09 18:07:27,False,90786.05
TXN_00002027,CUST_0191,678.74,EUR,PURCHASE,HEALTHCARE,2024-04-09 18:11:44,False,14690.54
TXN_00007148,CUST_0113,4655.06,EUR,TRANSFER,DINING,2024-04-09 21:03:22,False,81396.04
TXN_00004321,CUST_0122,32.08,GBP,PURCHASE,ELECTRONICS,2024-04-09 23:09:39,False,18068.18
TXN_00001711,CUST_0180,771.2,USD,TRANSFER,UTILITIES,2024-04-10 06:02:08,False,82510.59
TXN_00002024,CUST_0125,425.34,GBP,PURCHASE,DINING,2024-04-10 07:07:50,False,98082.18
TXN_00003787,CUST_0101,14.76,EUR,PURCHASE,UTILITIES,2024-04-10 08:51:39,False,89666.65
TXN_00006915,CUST_0193,331.52,EUR,WITHDRAWAL,GROCERY,2024-04-10 10:38:42,False,63295.07
TXN_00001602,CUST_0023,441.09,USD,WITHDRAWAL,TRAVEL,2024-04-10 10:40:44,False,51410.84
TXN_00007213,CUST_0153,17.41,EUR,WITHDRAWAL,UTILITIES,2024-04-10 10:59:42,False,2838.92
TXN_00007102,CUST_0098,109.7,USD,PURCHASE,GROCERY,2024-04-10 11:01:19,False,41293.03
TXN_00000618,CUST_0086,198.37,EUR,TRANSFER,ELECTRONICS,2024-04-10 11:03:19,False,36778.94
TXN_00003517,CUST_0052,168.12,EUR,PURCHASE,ELECTRONICS,2024-04-10 11:15:04,False,95306.61
TXN_00006649,CUST_0033,216.73,EUR,PURCHASE,ELECTRONICS,2024-04-10 11:30:17,False,42286.7
TXN_00007753,CUST_0057,162.09,EUR,TRANSFER,GROCERY,2024-04-10 12:00:18,False,47264.8
TXN_00003511,CUST_0188,-1788.91,GBP,REFUND,ELECTRONICS,2024-04-10 13:36:42,False,22364.13
TXN_00006435,CUST_0047,10761.68,EUR,PURCHASE,TRAVEL,2024-04-10 13:50:20,False,86702.77
TXN_00004221,CUST_0078,70.87,EUR,PURCHASE,TRAVEL,2024-04-10 13:57:55,False,91203.47
TXN_00002229,CUST_0171,14.74,EUR,PURCHASE,UTILITIES,2024-04-10 14:28:17,False,33385.99
TXN_00005470,CUST_0071,1236.39,USD,PURCHASE,UTILITIES,2024-04-10 14:30:14,False,94858.25
TXN_00002012,CUST_0046,381.72,EUR,PURCHASE,DINING,2024-04-10 14:42:25,False,25067.89
TXN_00009741,CUST_0129,790.31,USD,TRANSFER,TRAVEL,2024-04-10 14:54:50,False,53577.22
TXN_00004655,CUST_0133,336.57,EUR,WITHDRAWAL,ELECTRONICS,2024-04-10 15:26:40,False,3328.74
TXN_00007221,CUST_0130,74.47,EUR,WITHDRAWAL,ELECTRONICS,2024-04-10 15:38:35,False,713.08
TXN_00006980,CUST_0084,1318.92,EUR,PURCHASE,GROCERY,2024-04-10 16:18:47,False,30738.97
TXN_00002875,CUST_0103,3873.6,GBP,PURCHASE,GROCERY,2024-04-10 16:33:43,False,32306.59
TXN_00002867,CUST_0123,177.92,EUR,TRANSFER,TRAVEL,2024-04-10 16:38:33,False,82697.73
TXN_00006604,CUST_0030,756.32,EUR,WITHDRAWAL,GROCERY,2024-04-10 17:48:54,False,80520.46
TXN_00000212,CUST_0033,41.51,EUR,PURCHASE,UTILITIES,2024-04-10 18:33:58,False,33225.28
TXN_00000094,CUST_0037,3479.0,EUR,TRANSFER,ELECTRONICS,2024-04-10 19:43:43,False,94851.73
TXN_00006599,CUST_0106,81.43,USD,TRANSFER,DINING,2024-04-10 21:07:10,False,33482.85
TXN_00000119,CUST_0059,1770.86,EUR,PURCHASE,HEALTHCARE,2024-04-10 21:11:02,False,69435.67
TXN_00004931,CUST_0008,1210.95,EUR,PURCHASE,UTILITIES,2024-04-11 07:34:09,False,98247.94
TXN_00005422,CUST_0001,203.91,EUR,TRANSFER,DINING,2024-04-11 07:44:03,False,91790.08
TXN_00008288,CUST_0185,327.63,USD,WITHDRAWAL,TRAVEL,2024-04-11 08:06:22,False,61718.65
TXN_00003711,CUST_0104,23.82,EUR,PURCHASE,UTILITIES,2024-04-11 08:28:22,False,53131.7
TXN_00004833,CUST_0182,-217.86,EUR,REFUND,UTILITIES,2024-04-11 08:29:04,False,50213.03
TXN_00009342,CUST_0182,288.5,GBP,PURCHASE,HEALTHCARE,2024-04-11 10:18:57,False,74672.36
TXN_00003690,CUST_0059,550.13,EUR,PURCHASE,DINING,2024-04-11 10:20:50,False,55435.24
TXN_00003150,CUST_0074,496.0,EUR,PURCHASE,UTILITIES,2024-04-11 10:42:12,False,86037.48
TXN_00009764,CUST_0174,233.47,EUR,TRANSFER,TRAVEL,2024-04-11 11:00:51,False,45662.81
TXN_00004276,CUST_0166,-45.46,USD,REFUND,ELECTRONICS,2024-04-11 11:02:45,False,29684.78
TXN_00000715,CUST_0036,17.58,USD,PURCHASE,UTILITIES,2024-04-11 11:22:21,False,56620.61
TXN_00008648,CUST_0045,237.1,EUR,WITHDRAWAL,HEALTHCARE,2024-04-11 11:40:09,False,62293.67
TXN_00004270,CUST_0168,245.3,EUR,WITHDRAWAL,DINING,2024-04-11 11:50:52,False,1512.5
TXN_00009356,CUST_0021,536.11,EUR,PURCHASE,HEALTHCARE,2024-04-11 12:01:12,False,44040.43
TXN_00006824,CUST_0176,3268.13,EUR,PURCHASE,UTILITIES,2024-04-11 12:55:30,False,77652.43
TXN_00008567,CUST_0189,115.11,USD,PURCHASE,DINING,2024-04-11 13:33:39,False,47546.16
TXN_00008113,CUST_0113,1463.04,USD,PURCHASE,HEALTHCARE,2024-04-11 14:07:00,False,29821.99
TXN_00004617,CUST_0105,42.84,USD,PURCHASE,UTILITIES,2024-04-11 15:04:04,False,92086.89
TXN_00009331,CUST_0013,194.99,EUR,TRANSFER,GROCERY,2024-04-11 15:11:28,False,15820.77
TXN_00001851,CUST_0030,73.75,EUR,PURCHASE,UTILITIES,2024-04-11 15:27:47,False,45653.6
TXN_00004716,CUST_0071,219.33,EUR,PURCHASE,ELECTRONICS,2024-04-11 16:47:19,False,99612.17
TXN_00002834,CUST_0070,1240.83,USD,TRANSFER,HEALTHCARE,2024-04-11 16:58:44,False,99571.79
TXN_00007523,CUST_0131,150.59,USD,PURCHASE,ELECTRONICS,2024-04-11 18:08:19,False,33106.33
TXN_00005479,CUST_0149,423.79,EUR,PURCHASE,DINING,2024-04-11 18:33:33,False,20693.82
TXN_00009988,CUST_0127,163.7,USD,PURCHASE,UTILITIES,2024-04-11 20:44:23,False,13812.78
TXN_00004328,CUST_0104,32.67,EUR,PURCHASE,TRAVEL,2024-04-12 04:47:26,False,13022.63
TXN_00005709,CUST_0044,478.31,GBP,TRANSFER,HEALTHCARE,2024-04-12 07:13:45,False,26292.04
TXN_00000952,CUST_0012,561.03,EUR,WITHDRAWAL,GROCERY,2024-04-12 08:02:50,False,21066.1
TXN_00005912,CUST_0123,336.0,EUR,PURCHASE,HEALTHCARE,2024-04-12 09:38:47,False,87058.33
TXN_00000000,CUST_0025,627.85,EUR,WITHDRAWAL,GROCERY,2024-04-12 10:07:20,False,15071.82
TXN_00006322,CUST_0098,131.68,USD,PURCHASE,UTILITIES,2024-04-12 10:14:08,False,45801.28
TXN_00001999,CUST_0047,3849.33,EUR,TRANSFER,TRAVEL,2024-04-12 10:32:54,False,70092.0
TXN_00005704,CUST_0190,1467.92,EUR,PURCHASE,TRAVEL,2024-04-12 11:06:35,False,51230.85
TXN_00004590,CUST_0097,453.05,USD,TRANSFER,TRAVEL,2024-04-12 11:24:35,True,87839.16
TXN_00005287,CUST_0020,156.17,EUR,PURCHASE,DINING,2024-04-12 11:43:28,False,58321.4
TXN_00001884,CUST_0112,324.62,USD,PURCHASE,HEALTHCARE,2024-04-12 11:59:30,False,30628.02
TXN_00006522,CUST_0096,172.34,USD,WITHDRAWAL,UTILITIES,2024-04-12 12:05:10,False,42036.18
TXN_00008344,CUST_0008,3065.39,EUR,TRANSFER,TRAVEL,2024-04-12 12:28:59,False,6704.48
TXN_00007246,CUST_0065,107.51,EUR,PURCHASE,GROCERY,2024-04-12 12:35:46,False,48190.62
TXN_00000332,CUST_0068,12.67,EUR,PURCHASE,HEALTHCARE,2024-04-12 13:34:43,False,50932.37
TXN_00009952,CUST_0112,-43.81,EUR,REFUND,ELECTRONICS,2024-04-12 13:37:19,False,1158.02
TXN_00000414,CUST_0118,94.1,EUR,PURCHASE,DINING,2024-04-12 13:45:57,False,54854.48
TXN_00009016,CUST_0030,393.54,USD,PURCHASE,UTILITIES,2024-04-12 14:17:16,False,61548.43
TXN_00001202,CUST_0186,236.2,USD,TRANSFER,ELECTRONICS,2024-04-12 14:31:57,False,88551.12
TXN_00009551,CUST_0100,1183.83,EUR,WITHDRAWAL,UTILITIES,2024-04-12 14:57:23,False,78919.82
TXN_00005677,CUST_0003,21.22,EUR,PURCHASE,DINING,2024-04-12 15:16:21,False,88596.57
TXN_00004727,CUST_0160,-572.44,EUR,REFUND,TRAVEL,2024-04-12 15:37:29,False,54710.43
TXN_00003756,CUST_0121,368.55,EUR,PURCHASE,DINING,2024-04-12 15:54:41,False,23983.64
TXN_00000001,CUST_0045,338.21,EUR,PURCHASE,DINING,2024-04-12 15:57:18,False,22992.63
TXN_00000755,CUST_0027,555.27,EUR,TRANSFER,DINING,2024-04-12 16:27:57,False,97006.85
TXN_00001831,CUST_0001,-110.39,EUR,REFUND,UTILITIES,2024-04-12 17:00:24,False,13831.84
TXN_00005844,CUST_0039,7.54,EUR,WITHDRAWAL,TRAVEL,2024-04-12 17:20:36,False,79019.83
TXN_00001268,CUST_0117,1229.11,EUR,TRANSFER,DINING,2024-04-12 18:34:29,False,3131.7
TXN_00008709,CUST_0194,310.63,EUR,PURCHASE,HEALTHCARE,2024-04-12 19:01:44,False,50763.82
TXN_00003864,CUST_0092,45.6,EUR,TRANSFER,GROCERY,2024-04-12 19:36:15,False,91357.19
TXN_00005218,CUST_0036,829.57,EUR,PURCHASE,HEALTHCARE,2024-04-12 21:46:36,False,78395.4
TXN_00007684,CUST_0177,483.28,EUR,TRANSFER,ELECTRONICS,2024-04-13 00:00:45,False,11964.98
TXN_00008955,CUST_0102,-50.66,EUR,REFUND,HEALTHCARE,2024-04-13 02:27:24,False,82899.04
TXN_00009759,CUST_0137,176.34,EUR,TRANSFER,TRAVEL,2024-04-13 04:42:58,False,76702.03
TXN_00003270,CUST_0112,54.54,EUR,PURCHASE,TRAVEL,2024-04-13 05:04:47,False,99899.33
TXN_00009001,CUST_0001,137.96,EUR,TRANSFER,DINING,2024-04-13 09:08:23,False,97283.21
TXN_00004224,CUST_0150,200.87,GBP,PURCHASE,DINING,2024-04-13 09:35:16,False,74987.64
TXN_00005960,CUST_0134,545.72,EUR,WITHDRAWAL,DINING,2024-04-13 09:36:20,False,91840.72
TXN_00003558,CUST_0091,397.65,EUR,PURCHASE,HEALTHCARE,2024-04-13 09:59:06,False,31949.36
TXN_00001349,CUST_0142,210.14,EUR,WITHDRAWAL,UTILITIES,2024-04-13 10:50:13,False,77815.38
TXN_00000893,CUST_0174,2053.65,USD,PURCHASE,DINING,2024-04-13 11:08:54,False,44484.37
TXN_00006227,CUST_0057,377.16,USD,PURCHASE,ELECTRONICS,2024-04-13 11:20:39,False,42327.85
TXN_00000321,CUST_0130,614.6,EUR,PURCHASE,TRAVEL,2024-04-13 11:41:24,False,50624.95
TXN_00008352,CUST_0025,28.52,EUR,PURCHASE,TRAVEL,2024-04-13 12:41:34,True,87074.53
TXN_00001938,CUST_0068,324.69,GBP,PURCHASE,UTILITIES,2024-04-13 13:40:09,False,88002.81
TXN_00007485,CUST_0187,2095.73,USD,TRANSFER,GROCERY,2024-04-13 14:02:15,False,34793.39
TXN_00009470,CUST_0030,277.8,EUR,PURCHASE,DINING,2024-04-13 14:10:20,False,46094.41
TXN_00001131,CUST_0113,182.89,EUR,PURCHASE,DINING,2024-04-13 15:11:21,False,90956.38
TXN_00000611,CUST_0023,192.96,EUR,TRANSFER,GROCERY,2024-04-13 16:34:31,False,39688.61
TXN_00003945,CUST_0138,323.19,USD,TRANSFER,UTILITIES,2024-04-13 16:52:21,False,80982.65
TXN_00002917,CUST_0137,24.32,GBP,PURCHASE,HEALTHCARE,2024-04-13 17:29:52,True,99864.68
TXN_00009036,CUST_0026,82.23,EUR,PURCHASE,ELECTRONICS,2024-04-13 17:53:04,False,81233.42
TXN_00000679,CUST_0104,437.63,USD,PURCHASE,TRAVEL,2024-04-13 18:17:41,False,8546.75
TXN_00002952,CUST_0089,-46.93,USD,REFUND,GROCERY,2024-04-13 18:35:59,False,77649.53
TXN_00008702,CUST_0101,1148.56,GBP,WITHDRAWAL,UTILITIES,2024-04-13 19:17:11,False,64142.75
TXN_00002271,CUST_0011,95.57,EUR,PURCHASE,HEALTHCARE,2024-04-13 19:41:57,False,74202.06
TXN_00001917,CUST_0077,3458.11,EUR,PURCHASE,GROCERY,2024-04-13 20:51:45,False,37694.98
TXN_00002657,CUST_0075,55.25,USD,TRANSFER,GROCERY,2024-04-14 07:01:58,False,80983.2
TXN_00003130,CUST_0141,307.26,EUR,PURCHASE,UTILITIES,2024-04-14 08:13:51,False,44406.39
TXN_00002840,CUST_0160,87.9,EUR,PURCHASE,TRAVEL,2024-04-14 08:40:46,False,46116.64
TXN_00004074,CUST_0138,1659.09,EUR,TRANSFER,UTILITIES,2024-04-14 09:08:07,False,16068.81
TXN_00002823,CUST_0137,168.42,EUR,TRANSFER,GROCERY,2024-04-14 09:52:51,False,47625.72
TXN_00008057,CUST_0179,206.88,EUR,PURCHASE,ELECTRONICS,2024-04-14 10:18:01,False,54291.47
TXN_00004017,CUST_0080,289.52,EUR,TRANSFER,GROCERY,2024-04-14 10:25:58,False,50441.46
TXN_00008684,CUST_0152,50.64,EUR,PURCHASE,UTILITIES,2024-04-14 11:13:00,False,10601.93
TXN_00007145,CUST_0014,125.57,EUR,TRANSFER,ELECTRONICS,2024-04-14 12:17:59,False,91469.13
TXN_00009976,CUST_0057,36.88,GBP,PURCHASE,TRAVEL,2024-04-14 12:34:32,False,15231.84
TXN_00001865,CUST_0038,252.14,USD,PURCHASE,DINING,2024-04-14 12:46:02,False,16315.24
TXN_00007095,CUST_0089,186.24,EUR,PURCHASE,DINING,2024-04-14 13:51:11,False,34742.41
TXN_00005174,CUST_0094,176.42,USD,PURCHASE,HEALTHCARE,2024-04-14 14:35:10,False,49937.0
TXN_00007126,CUST_0080,203.38,USD,PURCHASE,DINING,2024-04-14 15:40:59,False,34483.38
TXN_00006925,CUST_0102,488.51,USD,PURCHASE,DINING,2024-04-14 15:47:25,False,22556.96
TXN_00008506,CUST_0147,-114.36,USD,REFUND,HEALTHCARE,2024-04-14 16:12:51,False,39741.48
TXN_00007857,CUST_0003,171.9,EUR,PURCHASE,GROCERY,2024-04-14 16:39:30,False,8389.11
TXN_00009502,CUST_0174,1567.81,EUR,PURCHASE,UTILITIES,2024-04-14 18:28:23,False,12788.54
TXN_00008747,CUST_0055,6251.99,EUR,TRANSFER,UTILITIES,2024-04-14 19:36:41,False,36284.24
TXN_00002901,CUST_0020,-147.39,EUR,REFUND,DINING,2024-04-15 04:34:30,False,47772.24
TXN_00004185,CUST_0063,329.87,EUR,TRANSFER,GROCERY,2024-04-15 09:07:32,False,20005.96
TXN_00008557,CUST_0011,420.55,GBP,WITHDRAWAL,DINING,2024-04-15 09:09:04,False,34926.46
TXN_00003741,CUST_0022,79.36,EUR,TRANSFER,HEALTHCARE,2024-04-15 09:26:39,True,6146.22
TXN_00003568,CUST_0065,1042.31,EUR,PURCHASE,TRAVEL,2024-04-15 09:38:59,False,77060.53
TXN_00001777,CUST_0111,447.67,USD,PURCHASE,GROCERY,2024-04-15 10:04:43,False,30444.59
TXN_00000648,CUST_0081,517.31,USD,TRANSFER,UTILITIES,2024-04-15 11:08:44,False,4390.31
TXN_00007196,CUST_0031,-5.8,EUR,REFUND,DINING,2024-04-15 11:42:14,False,78960.97
TXN_00008162,CUST_0109,1942.07,EUR,PURCHASE,UTILITIES,2024-04-15 12:01:01,False,82937.33
TXN_00003895,CUST_0076,759.97,EUR,PURCHASE,ELECTRONICS,2024-04-15 12:01:25,False,84167.66
TXN_00001557,CUST_0165,3842.97,EUR,WITHDRAWAL,HEALTHCARE,2024-04-15 12:06:39,False,77019.38
TXN_00006773,CUST_0028,3309.55,EUR,PURCHASE,HEALTHCARE,2024-04-15 12:18:37,False,79685.2
TXN_00003545,CUST_0076,-1368.32,EUR,REFUND,UTILITIES,2024-04-15 12:19:09,False,71631.82
TXN_00008282,CUST_0064,304.0,EUR,WITHDRAWAL,DINING,2024-04-15 12:37:51,False,78216.96
TXN_00006089,CUST_0059,557.82,USD,PURCHASE,TRAVEL,2024-04-15 14:32:55,False,39916.57
TXN_00001166,CUST_0043,460.77,USD,PURCHASE,GROCERY,2024-04-15 14:38:12,False,85851.19
TXN_00003101,CUST_0071,207.68,GBP,PURCHASE,DINING,2024-04-15 15:31:27,False,14682.05
TXN_00005353,CUST_0082,91.2,EUR,PURCHASE,ELECTRONICS,2024-04-15 15:32:42,False,69836.02
TXN_00008427,CUST_0130,548.3,EUR,WITHDRAWAL,UTILITIES,2024-04-15 15:37:32,True,81180.86
TXN_00005663,CUST_0197,86.39,EUR,PURCHASE,HEALTHCARE,2024-04-15 15:38:10,False,36477.83
TXN_00005440,CUST_0024,256.1,USD,PURCHASE,TRAVEL,2024-04-15 15:59:21,False,47049.47
TXN_00001277,CUST_0078,117.2,USD,PURCHASE,UTILITIES,2024-04-15 16:10:42,False,5328.03
TXN_00007687,CUST_0010,8.92,USD,PURCHASE,HEALTHCARE,2024-04-15 17:04:32,False,88892.97
TXN_00002003,CUST_0176,-1391.25,USD,REFUND,ELECTRONICS,2024-04-15 17:31:16,False,1301.74
TXN_00002479,CUST_0085,-103.78,EUR,REFUND,HEALTHCARE,2024-04-15 17:50:15,False,97267.24
TXN_00008443,CUST_0162,198.22,GBP,TRANSFER,HEALTHCARE,2024-04-15 18:50:11,False,18314.13
TXN_00009315,CUST_0158,2667.61,EUR,WITHDRAWAL,TRAVEL,2024-04-15 19:22:35,False,18803.25
TXN_00006242,CUST_0000,157.94,EUR,WITHDRAWAL,,2024-04-15 19:44:06,False,34174.3
TXN_00007965,CUST_0025,401.61,EUR,TRANSFER,HEALTHCARE,2024-04-15 19:47:19,False,39167.1
TXN_00008054,CUST_0042,372.02,EUR,TRANSFER,ELECTRONICS,2024-04-15 20:02:47,False,43168.55
TXN_00008628,CUST_0124,958.26,EUR,TRANSFER,TRAVEL,2024-04-15 23:24:26,False,17620.41
TXN_00003177,CUST_0177,103.08,GBP,TRANSFER,TRAVEL,2024-04-16 03:12:11,False,75514.26
TXN_00005515,CUST_0089,288.08,USD,WITHDRAWAL,UTILITIES,2024-04-16 04:17:59,False,69972.95
TXN_00004252,CUST_0139,2544.98,EUR,PURCHASE,TRAVEL,2024-04-16 04:27:37,False,91944.61
TXN_00008662,CUST_0003,642.35,EUR,TRANSFER,UTILITIES,2024-04-16 06:31:37,False,5910.02
TXN_00002590,CUST_0069,544.32,USD,TRANSFER,UTILITIES,2024-04-16 06:41:55,False,33511.4
TXN_00001083,CUST_0188,130.37,GBP,PURCHASE,UTILITIES,2024-04-16 07:31:26,False,92863.49
TXN_00008372,CUST_0043,41.01,EUR,TRANSFER,GROCERY,2024-04-16 08:11:10,False,80068.36
TXN_00004240,CUST_0142,137.59,EUR,PURCHASE,TRAVEL,2024-04-16 08:14:06,False,26768.77
TXN_00005354,CUST_0021,257.05,EUR,PURCHASE,TRAVEL,2024-04-16 08:29:49,False,77651.23
TXN_00008502,CUST_0082,626.31,USD,PURCHASE,DINING,2024-04-16 08:35:57,False,90923.12
TXN_00004327,CUST_0173,957.37,EUR,PURCHASE,HEALTHCARE,2024-04-16 08:44:07,False,22868.33
TXN_00008386,CUST_0167,13.94,USD,TRANSFER,TRAVEL,2024-04-16 08:49:37,False,42815.49
TXN_00006478,CUST_0046,318.32,USD,WITHDRAWAL,TRAVEL,2024-04-16 09:08:21,False,5825.66
TXN_00005163,CUST_0089,25.01,EUR,TRANSFER,UTILITIES,2024-04-16 09:40:06,False,78960.56
TXN_00008670,CUST_0122,8.07,EUR,TRANSFER,HEALTHCARE,2024-04-16 10:17:58,False,12033.18
TXN_00008666,CUST_0013,150.91,EUR,PURCHASE,TRAVEL,2024-04-16 11:44:42,False,27069.59
TXN_00007722,CUST_0153,149.72,EUR,PURCHASE,HEALTHCARE,2024-04-16 12:03:50,False,78087.75
TXN_00006296,CUST_0165,17.17,EUR,PURCHASE,ELECTRONICS,2024-04-16 12:45:33,True,62424.04
TXN_00009459,CUST_0127,20.27,EUR,WITHDRAWAL,TRAVEL,2024-04-16 12:48:06,False,19221.13
TXN_00005451,CUST_0192,44.03,USD,PURCHASE,ELECTRONICS,2024-04-16 12:59:35,False,57470.48
TXN_00004811,CUST_0174,306.08,USD,PURCHASE,DINING,2024-04-16 13:27:13,False,99266.85
TXN_00006741,CUST_0153,194.87,USD,PURCHASE,DINING,2024-04-16 14:14:07,False,30640.89
TXN_00006099,CUST_0179,339.55,EUR,PURCHASE,UTILITIES,2024-04-16 14:23:11,False,61027.63
TXN_00009950,CUST_0070,1687.36,EUR,PURCHASE,,2024-04-16 14:39:22,False,73920.43
TXN_00001881,CUST_0071,412.85,EUR,PURCHASE,TRAVEL,2024-04-16 14:44:51,False,77719.52
TXN_00006328,CUST_0159,1185.19,EUR,PURCHASE,HEALTHCARE,2024-04-16 15:15:55,False,26591.04
TXN_00003967,CUST_0105,33.09,EUR,TRANSFER,DINING,2024-04-16 15:44:57,False,63961.66
TXN_00002440,CUST_0102,416.69,EUR,PURCHASE,ELECTRONICS,2024-04-16 15:53:04,False,99034.24
TXN_00002961,CUST_0018,353.92,EUR,PURCHASE,GROCERY,2024-04-16 15:57:52,False,71997.33
TXN_00005665,CUST_0077,342.73,USD,TRANSFER,GROCERY,2024-04-16 16:16:14,False,68496.66
TXN_00003053,CUST_0040,236.1,EUR,PURCHASE,UTILITIES,2024-04-16 16:39:05,False,38856.42
TXN_00001240,CUST_0047,9.06,EUR,PURCHASE,HEALTHCARE,2024-04-17 06:53:27,False,67843.02
TXN_00007833,CUST_0003,-50.7,USD,REFUND,DINING,2024-04-17 09:52:05,False,28977.47
TXN_00007217,CUST_0095,8.42,EUR,PURCHASE,UTILITIES,2024-04-17 09:57:53,False,2811.11
TXN_00007855,CUST_0133,829.99,USD,WITHDRAWAL,HEALTHCARE,2024-04-17 10:05:00,False,95706.19
TXN_00009438,CUST_0169,2867.05,EUR,TRANSFER,UTILITIES,2024-04-17 10:11:55,False,86902.73
TXN_00006028,CUST_0049,307.26,EUR,PURCHASE,ELECTRONICS,2024-04-17 10:39:25,False,25445.45
TXN_00005210,CUST_0193,305.41,EUR,WITHDRAWAL,HEALTHCARE,2024-04-17 11:13:05,False,12790.34
TXN_00001793,CUST_0072,17.84,USD,TRANSFER,DINING,2024-04-17 11:24:39,False,18147.01
TXN_00001696,CUST_0085,375.68,EUR,WITHDRAWAL,UTILITIES,2024-04-17 11:28:20,False,33570.92
TXN_00007628,CUST_0014,275.29,EUR,PURCHASE,DINING,2024-04-17 11:34:18,False,81429.68
TXN_00006267,CUST_0037,345.31,EUR,PURCHASE,GROCERY,2024-04-17 11:35:07,False,68684.31
TXN_00008125,CUST_0033,90.23,EUR,PURCHASE,UTILITIES,2024-04-17 11:38:05,False,83617.3
TXN_00000037,CUST_0144,63.77,USD,PURCHASE,GROCERY,2024-04-17 11:43:19,False,48769.96
TXN_00005758,CUST_0144,-1255.38,GBP,REFUND,UTILITIES,2024-04-17 12:19:33,False,47959.58
TXN_00001686,CUST_0134,3474.93,EUR,PURCHASE,ELECTRONICS,2024-04-17 12:21:11,False,51152.79
TXN_00004587,CUST_0106,63.72,USD,TRANSFER,UTILITIES,2024-04-17 12:27:30,False,65219.12
TXN_00004105,CUST_0006,5.57,EUR,PURCHASE,GROCERY,2024-04-17 12:49:31,False,73162.03
TXN_00006940,CUST_0154,185.4,EUR,TRANSFER,HEALTHCARE,2024-04-17 13:01:33,False,99009.79
TXN_00005693,CUST_0135,148.18,EUR,PURCHASE,HEALTHCARE,2024-04-17 13:06:50,False,96433.76
TXN_00000338,CUST_0007,20.61,EUR,WITHDRAWAL,DINING,2024-04-17 13:31:31,False,2327.43
TXN_00003951,CUST_0098,1977.5,EUR,TRANSFER,TRAVEL,2024-04-17 13:47:23,False,65133.81
TXN_00005607,CUST_0040,202.87,EUR,PURCHASE,HEALTHCARE,2024-04-17 13:49:40,False,27638.99
TXN_00001779,CUST_0054,431.51,EUR,TRANSFER,DINING,2024-04-17 13:57:16,False,97798.23
TXN_00009391,CUST_0105,1749.7,EUR,TRANSFER,ELECTRONICS,2024-04-17 14:11:58,True,51743.08
TXN_00006867,CUST_0137,56.71,EUR,PURCHASE,DINING,2024-04-17 14:28:03,False,44477.69
TXN_00003935,CUST_0013,1172.66,USD,TRANSFER,ELECTRONICS,2024-04-17 14:58:26,False,77692.91
TXN_00002933,CUST_0192,281.25,USD,TRANSFER,ELECTRONICS,2024-04-17 15:24:14,True,42134.91
TXN_00002722,CUST_0036,290.76,EUR,PURCHASE,HEALTHCARE,2024-04-17 16:11:19,False,33559.28
TXN_00001329,CUST_0083,1199.51,USD,PURCHASE,DINING,2024-04-17 16:18:25,False,74432.54
TXN_00003892,CUST_0120,1147.57,USD,WITHDRAWAL,GROCERY,2024-04-17 16:32:19,False,12468.72
TXN_00000808,CUST_0179,101.67,GBP,PURCHASE,TRAVEL,2024-04-17 17:54:57,False,6434.94
TXN_00009529,CUST_0138,147.0,EUR,TRANSFER,ELECTRONICS,2024-04-17 18:03:05,False,77325.79
TXN_00003415,CUST_0119,3007.13,EUR,PURCHASE,DINING,2024-04-17 20:52:32,False,46633.65
TXN_00007646,CUST_0171,376.67,EUR,PURCHASE,TRAVEL,2024-04-17 21:51:54,False,61448.8
TXN_00003816,CUST_0185,566.97,EUR,PURCHASE,UTILITIES,2024-04-17 23:23:54,False,68610.7
TXN_00005302,CUST_0003,601.27,EUR,WITHDRAWAL,HEALTHCARE,2024-04-18 05:02:57,False,77804.92
TXN_00003047,CUST_0104,198.11,GBP,PURCHASE,DINING,2024-04-18 05:43:41,False,16528.45
TXN_00000754,CUST_0020,1138.9,USD,PURCHASE,DINING,2024-04-18 06:44:25,False,42754.75
TXN_00003239,CUST_0047,144.62,EUR,PURCHASE,TRAVEL,2024-04-18 06:56:27,False,88787.1
TXN_00009499,CUST_0044,199.86,EUR,PURCHASE,HEALTHCARE,2024-04-18 07:07:15,False,46011.52
TXN_00009173,CUST_0134,310.58,EUR,PURCHASE,GROCERY,2024-04-18 07:39:42,False,80343.2
TXN_00005622,CUST_0101,37.73,EUR,PURCHASE,UTILITIES,2024-04-18 07:51:38,False,65976.46
TXN_00008193,CUST_0188,191.92,EUR,PURCHASE,TRAVEL,2024-04-18 08:27:03,False,23568.42
TXN_00003174,CUST_0170,2252.42,EUR,PURCHASE,TRAVEL,2024-04-18 08:47:17,False,15487.32
TXN_00002237,CUST_0073,907.35,EUR,PURCHASE,TRAVEL,2024-04-18 09:42:16,False,80319.53
TXN_00005949,CUST_0047,135.69,GBP,TRANSFER,TRAVEL,2024-04-18 09:59:17,False,39975.51
TXN_00001519,CUST_0027,295.01,EUR,TRANSFER,GROCERY,2024-04-18 10:00:28,False,81513.22
TXN_00003322,CUST_0031,319.7,EUR,WITHDRAWAL,ELECTRONICS,2024-04-18 10:19:29,False,31405.87
TXN_00008981,CUST_0046,253.62,USD,WITHDRAWAL,GROCERY,2024-04-18 10:37:06,False,31995.3
TXN_00005507,CUST_0139,3078.23,EUR,WITHDRAWAL,GROCERY,2024-04-18 10:50:40,False,28334.41
TXN_00004517,CUST_0103,40.75,EUR,TRANSFER,HEALTHCARE,2024-04-18 11:08:00,False,91963.72
TXN_00004231,CUST_0176,90.97,EUR,PURCHASE,GROCERY,2024-04-18 11:18:53,False,73573.98
TXN_00005741,CUST_0097,1247.34,EUR,PURCHASE,ELECTRONICS,2024-04-18 12:10:56,False,17202.94
TXN_00001490,CUST_0094,81.34,EUR,PURCHASE,GROCERY,2024-04-18 12:19:14,False,14711.16
TXN_00003446,CUST_0045,70.43,GBP,PURCHASE,TRAVEL,2024-04-18 12:35:35,False,54665.54
TXN_00002314,CUST_0162,2577.37,EUR,PURCHASE,TRAVEL,2024-04-18 13:03:32,False,9336.49
TXN_00004735,CUST_0172,391.01,EUR,PURCHASE,ELECTRONICS,2024-04-18 13:34:43,False,85490.45
TXN_00004094,CUST_0161,221.9,EUR,PURCHASE,TRAVEL,2024-04-18 13:58:37,False,2242.16
TXN_00007797,CUST_0148,267.6,EUR,PURCHASE,DINING,2024-04-18 14:06:34,False,78238.4
TXN_00009806,CUST_0125,-135.17,EUR,REFUND,ELECTRONICS,2024-04-18 14:42:54,False,59961.3
TXN_00001585,CUST_0055,1072.13,EUR,TRANSFER,GROCERY,2024-04-18 14:54:26,False,39207.73
TXN_00006127,CUST_0099,28.76,EUR,TRANSFER,UTILITIES,2024-04-18 16:13:02,False,56765.75
TXN_00008149,CUST_0093,161.18,EUR,PURCHASE,ELECTRONICS,2024-04-18 16:31:05,False,82095.36
TXN_00005606,CUST_0032,-73.95,USD,REFUND,GROCERY,2024-04-18 16:40:55,False,32771.66
TXN_00006085,CUST_0012,91.11,EUR,PURCHASE,TRAVEL,2024-04-18 18:53:07,False,50102.66
TXN_00009508,CUST_0153,-206.41,GBP,REFUND,GROCERY,2024-04-18 19:17:29,False,82191.88
TXN_00003674,CUST_0184,388.71,EUR,PURCHASE,UTILITIES,2024-04-18 19:46:11,False,46371.28
TXN_00005958,CUST_0127,61.58,EUR,PURCHASE,UTILITIES,2024-04-19 03:06:40,False,47647.57
TXN_00007260,CUST_0161,58.04,EUR,TRANSFER,DINING,2024-04-19 05:02:49,False,10770.85
TXN_00001101,CUST_0077,251.71,EUR,TRANSFER,DINING,2024-04-19 06:12:26,False,69135.89
TXN_00002491,CUST_0168,45.04,USD,TRANSFER,TRAVEL,2024-04-19 07:34:36,False,19544.53
TXN_00007256,CUST_0186,92.58,EUR,WITHDRAWAL,DINING,2024-04-19 07:38:08,False,54602.33
TXN_00002908,CUST_0160,702.02,USD,WITHDRAWAL,UTILITIES,2024-04-19 09:13:04,False,56117.02
TXN_00006830,CUST_0128,6720.55,EUR,PURCHASE,UTILITIES,2024-04-19 09:36:03,False,66544.35
TXN_00002529,CUST_0105,44.81,EUR,WITHDRAWAL,TRAVEL,2024-04-19 10:07:42,False,26072.16
TXN_00001675,CUST_0117,154.63,EUR,PURCHASE,ELECTRONICS,2024-04-19 10:23:07,False,78910.58
TXN_00008078,CUST_0159,1348.4,EUR,TRANSFER,HEALTHCARE,2024-04-19 10:40:49,False,69327.17
TXN_00007592,CUST_0091,37.06,EUR,PURCHASE,GROCERY,2024-04-19 10:51:59,False,29956.21
TXN_00004178,CUST_0172,113.27,EUR,PURCHASE,HEALTHCARE,2024-04-19 11:14:06,False,42179.17
TXN_00008995,CUST_0194,249.51,EUR,PURCHASE,UTILITIES,2024-04-19 11:39:24,False,55835.89
TXN_00006860,CUST_0137,426.23,EUR,PURCHASE,GROCERY,2024-04-19 11:40:57,False,54487.59
TXN_00002673,CUST_0124,769.06,EUR,PURCHASE,DINING,2024-04-19 12:21:03,False,18228.14
TXN_00001392,CUST_0136,221.05,GBP,WITHDRAWAL,ELECTRONICS,2024-04-19 12:41:58,False,6425.9
TXN_00001342,CUST_0033,764.24,EUR,PURCHASE,GROCERY,2024-04-19 13:13:33,False,14192.82
TXN_00001044,CUST_0101,413.31,EUR,WITHDRAWAL,TRAVEL,2024-04-19 13:38:15,False,26012.34
TXN_00009114,CUST_0134,508.43,USD,TRANSFER,,2024-04-19 13:51:45,False,43351.27
TXN_00007926,CUST_0159,85.17,EUR,WITHDRAWAL,ELECTRONICS,2024-04-19 14:11:22,False,99080.17
TXN_00006367,CUST_0134,245.76,EUR,TRANSFER,TRAVEL,2024-04-19 14:30:11,False,25912.24
TXN_00004427,CUST_0141,103.09,EUR,PURCHASE,TRAVEL,2024-04-19 14:32:44,False,1151.09
TXN_00008679,CUST_0056,44.04,EUR,PURCHASE,DINING,2024-04-19 14:46:30,True,74070.11
TXN_00002233,CUST_0093,44.21,USD,PURCHASE,HEALTHCARE,2024-04-19 14:47:32,False,44980.63
TXN_00005364,CUST_0091,96.74,EUR,PURCHASE,ELECTRONICS,2024-04-19 15:35:43,False,14436.34
TXN_00003809,CUST_0164,-1015.66,GBP,REFUND,DINING,2024-04-19 15:59:02,False,25429.73
TXN_00005106,CUST_0076,6309.5,USD,WITHDRAWAL,DINING,2024-04-19 16:08:21,False,74925.53
TXN_00009424,CUST_0031,850.0,EUR,PURCHASE,HEALTHCARE,2024-04-19 16:38:48,False,93671.04
TXN_00008081,CUST_0015,-652.22,EUR,REFUND,HEALTHCARE,2024-04-19 17:30:41,False,74576.82
TXN_00007356,CUST_0061,601.61,EUR,TRANSFER,GROCERY,2024-04-19 19:21:30,False,51394.45
TXN_00002307,CUST_0067,55.45,GBP,PURCHASE,GROCERY,2024-04-20 03:00:26,False,87496.9
TXN_00003712,CUST_0064,34.48,EUR,PURCHASE,DINING,2024-04-20 06:00:38,False,86102.64
TXN_00007978,CUST_0113,5264.21,EUR,PURCHASE,HEALTHCARE,2024-04-20 07:15:14,False,52689.91
TXN_00004121,CUST_0197,36.65,GBP,TRANSFER,HEALTHCARE,2024-04-20 07:43:42,False,96650.06
TXN_00004277,CUST_0057,109.32,EUR,PURCHASE,UTILITIES,2024-04-20 07:48:00,False,39216.91
TXN_00002905,CUST_0139,1533.91,EUR,PURCHASE,GROCERY,2024-04-20 08:17:00,False,83089.99
TXN_00006698,CUST_0137,235.16,EUR,PURCHASE,DINING,2024-04-20 10:09:19,False,34265.0
TXN_00000798,CUST_0057,443.83,EUR,PURCHASE,HEALTHCARE,2024-04-20 10:16:34,False,7384.2
TXN_00007828,CUST_0036,184.33,EUR,TRANSFER,DINING,2024-04-20 10:25:42,False,89155.73
TXN_00005191,CUST_0110,-5096.5,EUR,REFUND,DINING,2024-04-20 11:15:03,False,46248.77
TXN_00002584,CUST_0084,2282.38,EUR,TRANSFER,UTILITIES,2024-04-20 11:53:15,False,39829.19
TXN_00001430,CUST_0062,947.27,EUR,TRANSFER,TRAVEL,2024-04-20 11:57:19,False,94930.78
TXN_00007223,CUST_0138,347.06,EUR,WITHDRAWAL,GROCERY,2024-04-20 12:24:20,False,32145.16
TXN_00002885,CUST_0183,54.56,GBP,TRANSFER,DINING,2024-04-20 12:27:34,False,21479.1
TXN_00007416,CUST_0176,142.95,USD,PURCHASE,HEALTHCARE,2024-04-20 13:18:49,False,52463.28
TXN_00009512,CUST_0092,1149.24,EUR,PURCHASE,ELECTRONICS,2024-04-20 13:22:16,False,58273.02
TXN_00003294,CUST_0123,26.17,EUR,PURCHASE,ELECTRONICS,2024-04-20 13:25:19,False,14159.0
TXN_00006539,CUST_0174,57546.43,USD,WITHDRAWAL,UTILITIES,2024-04-20 13:36:26,False,38096.84
TXN_00005508,CUST_0085,67.43,GBP,PURCHASE,HEALTHCARE,2024-04-20 13:38:40,True,43322.33
TXN_00004202,CUST_0015,64.95,USD,WITHDRAWAL,UTILITIES,2024-04-20 14:04:04,False,75704.4
TXN_00002219,CUST_0066,44.9,USD,PURCHASE,TRAVEL,2024-04-20 14:14:34,False,17147.32
TXN_00009679,CUST_0104,106.83,EUR,PURCHASE,TRAVEL,2024-04-20 14:36:16,False,26633.19
TXN_00009732,CUST_0013,33.73,EUR,PURCHASE,UTILITIES,2024-04-20 14:56:31,False,45639.16
TXN_00002847,CUST_0044,483.09,USD,PURCHASE,HEALTHCARE,2024-04-20 15:41:21,False,96483.95
TXN_00000256,CUST_0024,143.43,USD,TRANSFER,GROCERY,2024-04-20 15:43:35,False,13398.41
TXN_00004508,CUST_0188,319.68,EUR,PURCHASE,GROCERY,2024-04-20 17:00:27,False,32107.51
TXN_00000441,CUST_0089,3895.07,USD,WITHDRAWAL,GROCERY,2024-04-20 17:13:55,False,98126.45
TXN_00009453,CUST_0186,11.92,EUR,TRANSFER,UTILITIES,2024-04-20 17:19:42,False,89899.76
TXN_00000243,CUST_0030,463.67,EUR,PURCHASE,TRAVEL,2024-04-20 17:28:32,False,9914.0
TXN_00003286,CUST_0131,623.08,EUR,PURCHASE,TRAVEL,2024-04-20 17:35:43,False,58165.05
TXN_00005920,CUST_0020,526.7,EUR,PURCHASE,HEALTHCARE,2024-04-20 18:39:20,False,61730.99
TXN_00002776,CUST_0083,149.49,EUR,PURCHASE,DINING,2024-04-20 18:39:50,False,6197.97
TXN_00006038,CUST_0164,226.79,EUR,PURCHASE,HEALTHCARE,2024-04-20 19:36:06,False,71140.36
TXN_00000210,CUST_0115,301.07,EUR,PURCHASE,TRAVEL,2024-04-20 19:46:07,False,35895.75
TXN_00006119,CUST_0097,3322.12,EUR,WITHDRAWAL,UTILITIES,2024-04-20 20:36:49,False,9852.87
TXN_00003042,CUST_0190,341.51,EUR,PURCHASE,HEALTHCARE,2024-04-21 02:45:49,False,1096.32
TXN_00002983,CUST_0164,173.78,EUR,PURCHASE,ELECTRONICS,2024-04-21 04:06:49,False,72455.25
TXN_00008302,CUST_0085,472.56,USD,WITHDRAWAL,GROCERY,2024-04-21 07:01:50,False,31008.95
TXN_00001051,CUST_0014,128.77,EUR,TRANSFER,HEALTHCARE,2024-04-21 08:22:44,False,18051.2
TXN_00004561,CUST_0162,31.0,EUR,WITHDRAWAL,TRAVEL,2024-04-21 08:47:50,False,49379.42
TXN_00004544,CUST_0107,452.97,EUR,PURCHASE,HEALTHCARE,2024-04-21 08:59:51,False,69574.55
TXN_00004394,CUST_0141,68.67,EUR,TRANSFER,GROCERY,2024-04-21 09:04:33,False,31861.0
TXN_00006470,CUST_0030,509.03,EUR,PURCHASE,GROCERY,2024-04-21 09:31:04,False,49803.91
TXN_00001232,CUST_0057,540.48,EUR,PURCHASE,TRAVEL,2024-04-21 09:34:21,False,53794.11
TXN_00003046,CUST_0089,260.65,EUR,TRANSFER,DINING,2024-04-21 10:05:39,False,82289.25
TXN_00009084,CUST_0044,105.31,EUR,PURCHASE,HEALTHCARE,2024-04-21 10:14:23,False,12147.36
TXN_00002289,CUST_0005,147.79,EUR,PURCHASE,GROCERY,2024-04-21 10:15:01,False,44542.96
TXN_00006422,CUST_0170,3452.96,EUR,TRANSFER,DINING,2024-04-21 10:33:46,False,92417.7
TXN_00005863,CUST_0105,159.67,EUR,PURCHASE,TRAVEL,2024-04-21 10:35:17,False,89028.34
TXN_00006455,CUST_0160,1097.21,EUR,TRANSFER,GROCERY,2024-04-21 12:11:28,False,21543.38
TXN_00008839,CUST_0054,73.43,EUR,WITHDRAWAL,DINING,2024-04-21 12:35:44,False,87339.56
TXN_00006796,CUST_0159,64.36,EUR,PURCHASE,GROCERY,2024-04-21 12:44:12,False,7506.69
TXN_00005781,CUST_0024,46.18,EUR,TRANSFER,DINING,2024-04-21 13:12:16,False,55108.69
TXN_00003691,CUST_0066,88.64,EUR,PURCHASE,HEALTHCARE,2024-04-21 13:14:57,False,22370.51
TXN_00004765,CUST_0114,101.37,EUR,TRANSFER,TRAVEL,2024-04-21 13:15:06,False,15001.43
TXN_00004813,CUST_0032,244.71,USD,PURCHASE,HEALTHCARE,2024-04-21 13:21:09,False,18286.49
TXN_00008876,CUST_0037,159.73,EUR,PURCHASE,UTILITIES,2024-04-21 13:28:11,False,58557.36
TXN_00002482,CUST_0082,406.13,EUR,PURCHASE,ELECTRONICS,2024-04-21 13:31:20,False,72362.86
TXN_00003088,CUST_0139,-297.6,USD,REFUND,HEALTHCARE,2024-04-21 13:56:36,False,43065.04
TXN_00004574,CUST_0181,876.25,EUR,WITHDRAWAL,GROCERY,2024-04-21 15:25:28,False,14379.23
TXN_00006750,CUST_0009,964.48,USD,PURCHASE,HEALTHCARE,2024-04-21 15:30:40,False,76706.29
TXN_00004724,CUST_0197,78.33,EUR,TRANSFER,,2024-04-21 15:46:56,False,25200.69
TXN_00004648,CUST_0186,2328.04,EUR,WITHDRAWAL,UTILITIES,2024-04-21 16:35:22,False,47344.96
TXN_00004253,CUST_0070,161.17,EUR,TRANSFER,TRAVEL,2024-04-21 18:27:58,False,7026.01
TXN_00008886,CUST_0146,58.63,EUR,TRANSFER,UTILITIES,2024-04-21 19:38:32,False,10909.49
TXN_00004152,CUST_0086,2972.1,EUR,PURCHASE,,2024-04-21 19:55:59,False,96287.91
TXN_00001133,CUST_0079,114.92,EUR,WITHDRAWAL,UTILITIES,2024-04-21 21:32:54,False,88201.64
TXN_00008624,CUST_0074,57.85,EUR,PURCHASE,UTILITIES,2024-04-22 08:11:14,False,950.68
TXN_00006984,CUST_0163,620.52,USD,PURCHASE,HEALTHCARE,2024-04-22 08:12:58,False,51638.55
TXN_00007811,CUST_0178,334.89,EUR,PURCHASE,GROCERY,2024-04-22 09:01:09,False,94592.41
TXN_00005373,CUST_0122,316.44,EUR,PURCHASE,TRAVEL,2024-04-22 11:29:11,False,33654.63
TXN_00000046,CUST_0081,3794.6,USD,PURCHASE,DINING,2024-04-22 11:31:32,False,54548.74
TXN_00009489,CUST_0170,153.82,EUR,PURCHASE,TRAVEL,2024-04-22 11:58:39,False,96703.99
TXN_00009719,CUST_0053,8645.42,EUR,PURCHASE,DINING,2024-04-22 12:08:19,False,43063.32
TXN_00004585,CUST_0114,1712.49,USD,WITHDRAWAL,DINING,2024-04-22 12:14:49,False,75681.05
TXN_00008482,CUST_0095,108.31,GBP,TRANSFER,HEALTHCARE,2024-04-22 12:35:42,False,68829.44
TXN_00004509,CUST_0096,735.58,GBP,PURCHASE,UTILITIES,2024-04-22 12:46:45,False,77307.4
TXN_00002118,CUST_0095,195.08,USD,PURCHASE,UTILITIES,2024-04-22 12:55:06,False,10048.59
TXN_00009306,CUST_0117,66.11,EUR,TRANSFER,ELECTRONICS,2024-04-22 13:14:20,False,73229.29
TXN_00007360,CUST_0014,2891.53,EUR,PURCHASE,DINING,2024-04-22 14:27:52,False,36108.73
TXN_00004968,CUST_0195,34.45,EUR,PURCHASE,UTILITIES,2024-04-22 14:33:16,False,43748.96
TXN_00009769,CUST_0074,158.43,EUR,TRANSFER,UTILITIES,2024-04-22 15:14:19,False,19604.5
TXN_00005925,CUST_0194,159.76,EUR,TRANSFER,HEALTHCARE,2024-04-22 15:36:57,False,11993.08
TXN_00002161,CUST_0157,216.86,EUR,WITHDRAWAL,HEALTHCARE,2024-04-22 17:26:12,False,72471.0
TXN_00001554,CUST_0104,997.53,EUR,PURCHASE,GROCERY,2024-04-22 20:41:16,False,56572.12
TXN_00000279,CUST_0167,30.73,USD,PURCHASE,DINING,2024-04-22 20:49:29,False,6946.2
TXN_00007390,CUST_0140,2290.84,EUR,PURCHASE,TRAVEL,2024-04-22 21:26:25,False,51114.58
TXN_00004097,CUST_0056,154.92,GBP,TRANSFER,,2024-04-23 07:20:19,False,80995.03
TXN_00003452,CUST_0101,1641.27,USD,PURCHASE,GROCERY,2024-04-23 07:58:44,False,93309.55
TXN_00002250,CUST_0159,1197.71,EUR,PURCHASE,GROCERY,2024-04-23 09:10:52,False,28774.0
TXN_00007934,CUST_0183,1197.05,EUR,PURCHASE,DINING,2024-04-23 10:30:56,False,29347.33
TXN_00005424,CUST_0171,36.54,EUR,TRANSFER,ELECTRONICS,2024-04-23 10:43:32,False,90720.99
TXN_00008695,CUST_0178,-2065.49,EUR,REFUND,HEALTHCARE,2024-04-23 11:03:55,False,34149.14
TXN_00008590,CUST_0060,2377.65,EUR,PURCHASE,GROCERY,2024-04-23 11:21:11,False,8686.73
TXN_00005235,CUST_0130,174.89,USD,TRANSFER,ELECTRONICS,2024-04-23 11:37:05,False,79353.1
TXN_00007598,CUST_0034,672.5,EUR,TRANSFER,UTILITIES,2024-04-23 11:45:19,False,737.47
TXN_00001186,CUST_0031,75.34,USD,WITHDRAWAL,UTILITIES,2024-04-23 12:16:53,False,87746.78
TXN_00002649,CUST_0006,35.02,EUR,PURCHASE,TRAVEL,2024-04-23 13:25:14,False,23239.75
TXN_00000682,CUST_0120,5892.96,EUR,PURCHASE,HEALTHCARE,2024-04-23 13:27:00,False,54275.89
TXN_00000982,CUST_0011,85.42,EUR,WITHDRAWAL,UTILITIES,2024-04-23 13:52:10,False,89934.31
TXN_00009557,CUST_0047,1143.1,USD,WITHDRAWAL,UTILITIES,2024-04-23 14:09:11,False,72920.25
TXN_00005588,CUST_0108,343.84,EUR,WITHDRAWAL,UTILITIES,2024-04-23 14:09:22,False,52018.27
TXN_00002664,CUST_0150,81.64,USD,WITHDRAWAL,GROCERY,2024-04-23 14:47:50,False,16013.37
TXN_00006165,CUST_0036,43.12,EUR,PURCHASE,ELECTRONICS,2024-04-23 15:21:34,False,60355.9
TXN_00005885,CUST_0118,525.71,GBP,PURCHASE,HEALTHCARE,2024-04-23 15:32:46,False,7366.2
TXN_00008738,CUST_0060,50.83,EUR,TRANSFER,ELECTRONICS,2024-04-23 15:38:54,False,94428.08
TXN_00004770,CUST_0138,2871.76,EUR,TRANSFER,HEALTHCARE,2024-04-23 16:27:32,False,31089.98
TXN_00008254,CUST_0058,503.14,USD,WITHDRAWAL,DINING,2024-04-23 16:30:22,False,49385.91
TXN_00006263,CUST_0092,380.36,GBP,PURCHASE,UTILITIES,2024-04-23 17:25:04,False,85509.68
TXN_00006846,CUST_0024,130.59,EUR,PURCHASE,UTILITIES,2024-04-23 17:43:19,False,76516.64
TXN_00001448,CUST_0107,190.84,USD,PURCHASE,ELECTRONICS,2024-04-23 18:18:34,False,58429.25
TXN_00007431,CUST_0105,-37.04,EUR,REFUND,GROCERY,2024-04-23 20:26:53,False,21195.12
TXN_00003074,CUST_0131,197.82,USD,TRANSFER,ELECTRONICS,2024-04-23 23:17:32,False,17511.29
TXN_00007316,CUST_0101,2085.32,EUR,PURCHASE,ELECTRONICS,2024-04-24 08:11:51,False,20293.26
TXN_00003061,CUST_0081,337.24,EUR,PURCHASE,TRAVEL,2024-04-24 08:25:19,False,30687.33
TXN_00008326,CUST_0022,129.44,EUR,PURCHASE,DINING,2024-04-24 09:02:29,False,43633.1
TXN_00006667,CUST_0051,66.55,GBP,PURCHASE,TRAVEL,2024-04-24 09:14:15,False,65838.17
TXN_00006986,CUST_0020,2474.12,EUR,PURCHASE,HEALTHCARE,2024-04-24 09:56:55,False,20133.73
TXN_00007985,CUST_0119,14.3,EUR,PURCHASE,HEALTHCARE,2024-04-24 10:29:21,False,72332.43
TXN_00009822,CUST_0087,2068.04,USD,PURCHASE,GROCERY,2024-04-24 10:58:37,False,47620.62
TXN_00007354,CUST_0086,210.98,EUR,PURCHASE,GROCERY,2024-04-24 11:33:27,False,87408.38
TXN_00000527,CUST_0106,100.17,USD,WITHDRAWAL,UTILITIES,2024-04-24 11:39:53,False,57125.11
TXN_00003607,CUST_0044,182.71,EUR,WITHDRAWAL,TRAVEL,2024-04-24 11:43:43,False,83567.78
TXN_00003984,CUST_0017,6747.28,EUR,PURCHASE,TRAVEL,2024-04-24 12:22:11,False,71637.69
TXN_00004243,CUST_0145,99.97,USD,PURCHASE,UTILITIES,2024-04-24 12:26:39,False,47927.41
TXN_00008215,CUST_0177,103.94,EUR,PURCHASE,UTILITIES,2024-04-24 13:17:29,False,24013.73
TXN_00007369,CUST_0020,245.12,EUR,PURCHASE,ELECTRONICS,2024-04-24 13:27:51,False,22305.3
TXN_00004725,CUST_0152,2093.88,EUR,PURCHASE,UTILITIES,2024-04-24 13:31:34,False,50593.97
TXN_00009209,CUST_0141,45.74,GBP,PURCHASE,ELECTRONICS,2024-04-24 14:03:22,False,21480.15
TXN_00003631,CUST_0198,5361.81,GBP,PURCHASE,UTILITIES,2024-04-24 14:26:07,False,60400.85
TXN_00002164,CUST_0149,360.62,EUR,PURCHASE,HEALTHCARE,2024-04-24 14:47:13,False,79302.63
TXN_00003106,CUST_0083,-1527.76,EUR,REFUND,UTILITIES,2024-04-24 15:00:06,False,82565.06
TXN_00001966,CUST_0113,64.3,EUR,PURCHASE,TRAVEL,2024-04-24 15:38:36,False,20106.61
TXN_00003185,CUST_0088,664.22,EUR,PURCHASE,UTILITIES,2024-04-24 15:47:56,False,72498.46
TXN_00009029,CUST_0071,54.13,EUR,PURCHASE,DINING,2024-04-24 15:48:12,False,5910.01
TXN_00002148,CUST_0048,105.29,USD,PURCHASE,TRAVEL,2024-04-24 16:10:32,False,65830.55
TXN_00000300,CUST_0158,260.16,EUR,PURCHASE,GROCERY,2024-04-24 19:01:44,True,18390.89
TXN_00004698,CUST_0146,10.97,EUR,WITHDRAWAL,UTILITIES,2024-04-24 19:58:14,False,2662.59
TXN_00004182,CUST_0170,199.09,EUR,PURCHASE,TRAVEL,2024-04-24 20:35:08,False,40883.19
TXN_00003985,CUST_0066,55.92,GBP,PURCHASE,UTILITIES,2024-04-25 06:23:49,False,62516.75
TXN_00009936,CUST_0190,225.03,USD,TRANSFER,HEALTHCARE,2024-04-25 06:43:41,False,92285.38
TXN_00004774,CUST_0082,-797.25,EUR,REFUND,UTILITIES,2024-04-25 06:53:10,False,46580.0
TXN_00000934,CUST_0084,14.43,EUR,PURCHASE,ELECTRONICS,2024-04-25 09:00:16,False,80726.15
TXN_00003153,CUST_0109,134.53,USD,PURCHASE,HEALTHCARE,2024-04-25 09:41:12,False,34694.39
TXN_00003836,CUST_0194,3892.77,EUR,PURCHASE,,2024-04-25 09:41:48,False,5937.48
TXN_00002304,CUST_0173,131.23,EUR,TRANSFER,HEALTHCARE,2024-04-25 10:02:37,False,47559.2
TXN_00008432,CUST_0130,680.77,USD,PURCHASE,HEALTHCARE,2024-04-25 10:06:34,False,62524.19
TXN_00006634,CUST_0172,486.87,EUR,WITHDRAWAL,UTILITIES,2024-04-25 10:41:43,False,22421.2
TXN_00003006,CUST_0170,86.23,EUR,PURCHASE,HEALTHCARE,2024-04-25 11:22:21,False,49991.48
TXN_00002132,CUST_0143,889.65,EUR,WITHDRAWAL,HEALTHCARE,2024-04-25 11:41:16,False,89541.25
TXN_00008717,CUST_0113,419.43,EUR,PURCHASE,HEALTHCARE,2024-04-25 12:02:45,False,89873.04
TXN_00001530,CUST_0092,106.88,USD,TRANSFER,UTILITIES,2024-04-25 12:13:49,False,79530.62
TXN_00000064,CUST_0102,23.13,EUR,TRANSFER,HEALTHCARE,2024-04-25 13:34:47,False,4515.25
TXN_00005407,CUST_0191,932.9,USD,PURCHASE,HEALTHCARE,2024-04-25 14:23:09,False,88419.01
TXN_00005408,CUST_0184,217.1,EUR,PURCHASE,DINING,2024-04-25 14:27:43,False,51346.86
TXN_00001228,CUST_0078,17479.29,EUR,WITHDRAWAL,UTILITIES,2024-04-25 14:32:51,False,27881.77
TXN_00006576,CUST_0105,265.66,EUR,PURCHASE,UTILITIES,2024-04-25 15:01:21,False,68339.17
TXN_00006284,CUST_0115,188.36,EUR,TRANSFER,GROCERY,2024-04-25 15:10:35,False,77396.0
TXN_00005065,CUST_0083,35.6,EUR,PURCHASE,HEALTHCARE,2024-04-25 15:11:33,False,82196.11
TXN_00002183,CUST_0105,313.57,EUR,PURCHASE,UTILITIES,2024-04-25 15:27:09,False,46898.54
TXN_00006878,CUST_0018,-571.57,USD,REFUND,GROCERY,2024-04-25 15:55:49,False,57210.62
TXN_00005323,CUST_0109,4809.13,USD,PURCHASE,HEALTHCARE,2024-04-25 15:56:46,False,60765.61
TXN_00003212,CUST_0124,1001.47,EUR,PURCHASE,TRAVEL,2024-04-25 16:13:21,False,16636.57
TXN_00008925,CUST_0053,170.8,EUR,PURCHASE,DINING,2024-04-25 16:16:31,False,38537.38
TXN_00002033,CUST_0181,24.11,USD,TRANSFER,DINING,2024-04-25 16:28:41,False,36348.96
TXN_00004868,CUST_0068,-134.37,EUR,REFUND,DINING,2024-04-25 16:39:15,False,49545.7
TXN_00007991,CUST_0184,231.49,EUR,PURCHASE,HEALTHCARE,2024-04-25 17:04:20,False,61828.38
TXN_00002899,CUST_0111,157.33,EUR,PURCHASE,ELECTRONICS,2024-04-25 17:25:52,False,51677.43
TXN_00005678,CUST_0193,258.99,EUR,PURCHASE,HEALTHCARE,2024-04-25 17:32:41,False,23484.96
TXN_00007794,CUST_0134,20.83,EUR,PURCHASE,DINING,2024-04-25 18:57:22,False,10095.38
TXN_00001494,CUST_0057,588.81,EUR,PURCHASE,UTILITIES,2024-04-26 05:59:55,False,25900.29
TXN_00000930,CUST_0194,766.24,EUR,TRANSFER,HEALTHCARE,2024-04-26 06:16:17,False,20500.27
TXN_00000803,CUST_0099,142.0,EUR,WITHDRAWAL,GROCERY,2024-04-26 06:33:10,False,63234.84
TXN_00003718,CUST_0141,27.99,USD,PURCHASE,TRAVEL,2024-04-26 07:05:37,False,23611.69
TXN_00000766,CUST_0000,2292.13,EUR,WITHDRAWAL,TRAVEL,2024-04-26 08:16:40,False,84191.54
TXN_00008517,CUST_0186,16.17,EUR,PURCHASE,GROCERY,2024-04-26 09:00:52,False,85840.94
TXN_00007074,CUST_0014,890.6,GBP,WITHDRAWAL,HEALTHCARE,2024-04-26 09:41:51,False,40543.71
TXN_00005535,CUST_0093,120.0,EUR,PURCHASE,UTILITIES,2024-04-26 09:43:47,False,77780.75
TXN_00007218,CUST_0169,1063.62,EUR,TRANSFER,HEALTHCARE,2024-04-26 10:30:25,False,63585.11
TXN_00000707,CUST_0146,1195.9,EUR,TRANSFER,HEALTHCARE,2024-04-26 10:52:45,False,78232.85
TXN_00007144,CUST_0123,92.18,EUR,PURCHASE,ELECTRONICS,2024-04-26 11:12:52,False,95518.36
TXN_00003760,CUST_0151,392.15,USD,PURCHASE,UTILITIES,2024-04-26 11:15:37,False,24269.44
TXN_00003235,CUST_0155,711.34,GBP,PURCHASE,UTILITIES,2024-04-26 12:58:55,False,9284.31
TXN_00001929,CUST_0058,550.59,EUR,TRANSFER,HEALTHCARE,2024-04-26 13:29:25,False,68995.67
TXN_00003792,CUST_0124,318.83,EUR,PURCHASE,DINING,2024-04-26 14:15:05,False,70059.22
TXN_00008668,CUST_0104,7425.69,EUR,PURCHASE,ELECTRONICS,2024-04-26 14:34:28,False,55666.5
TXN_00008654,CUST_0024,1997.79,GBP,PURCHASE,UTILITIES,2024-04-26 15:16:41,False,51620.57
TXN_00008798,CUST_0114,-26.11,EUR,REFUND,UTILITIES,2024-04-26 16:10:54,False,10696.74
TXN_00006022,CUST_0032,-1431.1,EUR,REFUND,HEALTHCARE,2024-04-26 16:37:55,False,51696.05
TXN_00009212,CUST_0044,10052.38,GBP,PURCHASE,TRAVEL,2024-04-26 17:23:50,False,25075.53
TXN_00003580,CUST_0016,408.54,EUR,WITHDRAWAL,GROCERY,2024-04-26 18:08:46,True,43561.91
TXN_00003090,CUST_0054,30.19,USD,PURCHASE,GROCERY,2024-04-26 19:42:03,False,83205.57
TXN_00006340,CUST_0070,48.38,EUR,PURCHASE,HEALTHCARE,2024-04-27 05:17:44,False,81732.5
TXN_00008112,CUST_0070,90.98,USD,WITHDRAWAL,DINING,2024-04-27 06:16:31,False,59718.57
TXN_00006890,CUST_0113,232.89,EUR,PURCHASE,UTILITIES,2024-04-27 08:16:59,False,52583.44
TXN_00009475,CUST_0054,-160.06,USD,REFUND,GROCERY,2024-04-27 08:45:26,False,49642.12
TXN_00000221,CUST_0093,287.39,EUR,PURCHASE,TRAVEL,2024-04-27 09:03:18,False,87031.82
TXN_00003529,CUST_0113,67.48,EUR,PURCHASE,HEALTHCARE,2024-04-27 09:08:21,False,4522.29
TXN_00002119,CUST_0045,224.74,EUR,WITHDRAWAL,GROCERY,2024-04-27 10:24:02,False,81554.39
TXN_00006087,CUST_0163,800.88,USD,TRANSFER,GROCERY,2024-04-27 10:35:26,True,85045.16
TXN_00007498,CUST_0005,17.83,EUR,WITHDRAWAL,ELECTRONICS,2024-04-27 11:53:36,False,37758.21
TXN_00006052,CUST_0019,248.04,EUR,PURCHASE,DINING,2024-04-27 11:56:16,False,42384.36
TXN_00009693,CUST_0166,263.66,EUR,TRANSFER,DINING,2024-04-27 12:07:33,False,94761.02
TXN_00005521,CUST_0132,252.3,EUR,PURCHASE,TRAVEL,2024-04-27 12:49:16,False,2848.0
TXN_00005425,CUST_0097,130.01,EUR,PURCHASE,GROCERY,2024-04-27 13:35:17,False,66489.76
TXN_00004556,CUST_0088,101.66,EUR,PURCHASE,TRAVEL,2024-04-27 13:40:16,False,63835.68
TXN_00008095,CUST_0184,93.59,EUR,PURCHASE,UTILITIES,2024-04-27 14:24:12,False,65247.95
TXN_00000633,CUST_0026,56.54,EUR,PURCHASE,UTILITIES,2024-04-27 15:44:32,False,85576.69
TXN_00006531,CUST_0093,241.39,EUR,TRANSFER,ELECTRONICS,2024-04-27 16:00:02,False,6769.67
TXN_00004478,CUST_0008,1479.49,EUR,PURCHASE,GROCERY,2024-04-27 16:28:58,True,81111.06
TXN_00008246,CUST_0147,1890.11,EUR,TRANSFER,ELECTRONICS,2024-04-27 16:47:42,False,76549.68
TXN_00009582,CUST_0100,474.99,EUR,PURCHASE,HEALTHCARE,2024-04-27 17:19:41,False,84884.4
TXN_00007517,CUST_0037,49.45,USD,TRANSFER,TRAVEL,2024-04-27 17:36:18,False,75243.62
TXN_00001622,CUST_0138,131.52,USD,PURCHASE,UTILITIES,2024-04-27 18:15:23,False,61793.77
TXN_00006740,CUST_0184,9056.01,EUR,PURCHASE,ELECTRONICS,2024-04-27 18:58:50,False,85185.98
TXN_00004630,CUST_0107,556.39,EUR,PURCHASE,TRAVEL,2024-04-27 20:44:58,False,8830.42
TXN_00001588,CUST_0100,-1496.72,EUR,REFUND,HEALTHCARE,2024-04-28 03:34:14,False,99841.35
TXN_00000205,CUST_0012,409.06,EUR,TRANSFER,UTILITIES,2024-04-28 03:36:27,False,34473.79
TXN_00007210,CUST_0105,144.09,EUR,WITHDRAWAL,TRAVEL,2024-04-28 08:10:02,False,5422.75
TXN_00002421,CUST_0040,104.01,GBP,PURCHASE,UTILITIES,2024-04-28 08:16:44,False,67285.95
TXN_00002559,CUST_0184,14.75,EUR,WITHDRAWAL,ELECTRONICS,2024-04-28 08:42:59,False,87956.97
TXN_00005596,CUST_0004,32.85,EUR,PURCHASE,ELECTRONICS,2024-04-28 09:16:44,False,71300.61
TXN_00004874,CUST_0044,1346.46,USD,PURCHASE,TRAVEL,2024-04-28 10:19:29,False,67106.67
TXN_00005043,CUST_0089,711.9,USD,PURCHASE,TRAVEL,2024-04-28 10:22:09,False,72150.62
TXN_00000426,CUST_0106,605.52,EUR,PURCHASE,UTILITIES,2024-04-28 10:43:17,False,24561.39
TXN_00008090,CUST_0088,-199.31,EUR,REFUND,TRAVEL,2024-04-28 11:16:21,False,7929.79
TXN_00008235,CUST_0099,485.35,GBP,PURCHASE,HEALTHCARE,2024-04-28 11:22:18,False,4381.37
TXN_00007525,CUST_0148,67.14,EUR,PURCHASE,ELECTRONICS,2024-04-28 11:34:29,False,4801.14
TXN_00007231,CUST_0065,230.64,EUR,PURCHASE,TRAVEL,2024-04-28 12:01:52,False,99038.73
TXN_00009048,CUST_0129,4.24,EUR,PURCHASE,TRAVEL,2024-04-28 12:07:08,False,1513.83
TXN_00007822,CUST_0173,377.01,USD,PURCHASE,HEALTHCARE,2024-04-28 12:12:48,False,38190.3
TXN_00005987,CUST_0020,49.79,GBP,PURCHASE,TRAVEL,2024-04-28 12:27:36,False,87153.33
TXN_00004845,CUST_0160,7.85,EUR,TRANSFER,,2024-04-28 13:53:17,False,6840.28
TXN_00006874,CUST_0076,3024.52,EUR,TRANSFER,HEALTHCARE,2024-04-28 15:22:45,False,26791.56
TXN_00000880,CUST_0149,649.14,EUR,PURCHASE,GROCERY,2024-04-28 15:39:27,False,820.16
TXN_00002343,CUST_0157,468.45,EUR,PURCHASE,DINING,2024-04-28 16:02:49,False,21937.64
TXN_00006416,CUST_0110,23.57,EUR,PURCHASE,HEALTHCARE,2024-04-28 16:25:10,False,67096.61
TXN_00009802,CUST_0015,71.33,EUR,TRANSFER,UTILITIES,2024-04-28 16:48:02,False,98843.43
TXN_00004469,CUST_0062,2546.09,EUR,PURCHASE,TRAVEL,2024-04-28 17:06:16,False,80652.69
TXN_00005563,CUST_0026,129.55,EUR,WITHDRAWAL,ELECTRONICS,2024-04-28 17:33:47,False,38175.64
TXN_00008395,CUST_0062,122.38,USD,PURCHASE,GROCERY,2024-04-28 18:18:35,False,9860.32
TXN_00006143,CUST_0102,-282.97,EUR,REFUND,TRAVEL,2024-04-28 18:46:45,False,15257.51
TXN_00005723,CUST_0050,160.78,EUR,PURCHASE,ELECTRONICS,2024-04-28 22:40:43,False,1275.73
TXN_00001990,CUST_0186,128.66,EUR,PURCHASE,DINING,2024-04-29 04:03:09,False,79640.54
TXN_00009927,CUST_0110,289.85,EUR,PURCHASE,UTILITIES,2024-04-29 06:50:56,False,12965.57
TXN_00001604,CUST_0106,18.98,USD,WITHDRAWAL,HEALTHCARE,2024-04-29 06:56:01,False,78884.35
TXN_00001801,CUST_0080,604.25,EUR,TRANSFER,DINING,2024-04-29 08:09:32,False,62783.18
TXN_00000386,CUST_0036,166.13,USD,WITHDRAWAL,DINING,2024-04-29 10:11:06,False,92571.21
TXN_00009695,CUST_0079,754.26,EUR,TRANSFER,ELECTRONICS,2024-04-29 12:26:32,False,23833.81
TXN_00006655,CUST_0158,6824.33,EUR,PURCHASE,TRAVEL,2024-04-29 12:34:14,False,88880.52
TXN_00006869,CUST_0075,352.41,USD,PURCHASE,GROCERY,2024-04-29 12:39:28,False,22402.23
TXN_00006513,CUST_0064,246.07,EUR,WITHDRAWAL,TRAVEL,2024-04-29 12:54:02,False,6536.59
TXN_00006659,CUST_0098,59.43,EUR,PURCHASE,UTILITIES,2024-04-29 13:01:19,False,10955.16
TXN_00006651,CUST_0044,415.09,USD,PURCHASE,UTILITIES,2024-04-29 13:01:58,False,21463.18
TXN_00000573,CUST_0107,728.62,EUR,WITHDRAWAL,TRAVEL,2024-04-29 13:08:40,False,89224.17
TXN_00009888,CUST_0132,218.66,USD,WITHDRAWAL,DINING,2024-04-29 13:25:02,False,77486.48
TXN_00008547,CUST_0122,111.92,EUR,PURCHASE,GROCERY,2024-04-29 13:32:15,False,36834.21
TXN_00005157,CUST_0123,63.63,EUR,PURCHASE,DINING,2024-04-29 13:32:57,False,67852.25
TXN_00006443,CUST_0052,447.55,EUR,TRANSFER,ELECTRONICS,2024-04-29 14:04:59,False,70777.17
TXN_00000063,CUST_0192,175.39,EUR,PURCHASE,UTILITIES,2024-04-29 14:32:23,False,83405.27
TXN_00003458,CUST_0157,826.85,EUR,PURCHASE,DINING,2024-04-29 15:09:29,False,75320.24
TXN_00005882,CUST_0197,19.57,EUR,PURCHASE,GROCERY,2024-04-29 15:10:41,False,7325.23
TXN_00005087,CUST_0095,207.62,USD,WITHDRAWAL,GROCERY,2024-04-29 15:49:07,False,23845.2
TXN_00008110,CUST_0119,45.93,EUR,PURCHASE,UTILITIES,2024-04-29 16:05:48,False,95461.09
TXN_00000719,CUST_0086,343.63,EUR,PURCHASE,UTILITIES,2024-04-29 16:37:52,False,37044.49
TXN_00006075,CUST_0018,240.74,EUR,TRANSFER,HEALTHCARE,2024-04-29 16:45:11,False,67612.23
TXN_00003598,CUST_0032,85.13,EUR,PURCHASE,GROCERY,2024-04-29 16:57:44,False,52649.55
TXN_00009427,CUST_0134,-157.31,EUR,REFUND,ELECTRONICS,2024-04-29 17:00:46,False,98463.32
TXN_00007453,CUST_0189,116.77,EUR,TRANSFER,DINING,2024-04-29 19:14:48,False,7088.0
TXN_00009246,CUST_0084,442.59,EUR,PURCHASE,TRAVEL,2024-04-29 20:42:59,False,9842.97
TXN_00009664,CUST_0134,50.26,EUR,TRANSFER,TRAVEL,2024-04-30 07:07:11,False,53364.63
TXN_00009855,CUST_0099,1486.97,EUR,PURCHASE,TRAVEL,2024-04-30 07:10:07,False,59723.9
TXN_00004374,CUST_0123,78.58,EUR,WITHDRAWAL,DINING,2024-04-30 07:13:44,False,78956.9
TXN_00005514,CUST_0099,164.59,EUR,PURCHASE,HEALTHCARE,2024-04-30 08:06:25,False,2328.73
TXN_00006779,CUST_0087,22.15,EUR,TRANSFER,DINING,2024-04-30 10:40:27,False,9882.58
TXN_00007952,CUST_0182,1839.13,EUR,PURCHASE,HEALTHCARE,2024-04-30 11:14:46,False,16838.3
TXN_00004523,CUST_0089,152.77,EUR,PURCHASE,HEALTHCARE,2024-04-30 11:23:24,False,25959.74
TXN_00008170,CUST_0065,207.5,GBP,PURCHASE,UTILITIES,2024-04-30 11:56:51,False,86936.97
TXN_00007209,CUST_0164,101.23,EUR,PURCHASE,ELECTRONICS,2024-04-30 12:23:32,False,89355.84
TXN_00008172,CUST_0048,123.22,USD,PURCHASE,HEALTHCARE,2024-04-30 12:24:35,False,63656.88
TXN_00005922,CUST_0187,6.22,GBP,WITHDRAWAL,ELECTRONICS,2024-04-30 12:41:12,False,13431.38
TXN_00009982,CUST_0082,180.3,EUR,TRANSFER,HEALTHCARE,2024-04-30 12:56:06,False,91619.27
TXN_00009066,CUST_0018,26.12,EUR,PURCHASE,TRAVEL,2024-04-30 13:11:16,False,5869.09
TXN_00004714,CUST_0159,2382.27,EUR,PURCHASE,DINING,2024-04-30 13:13:54,False,4361.74
TXN_00002474,CUST_0147,446.39,EUR,WITHDRAWAL,,2024-04-30 13:25:00,False,46715.08
TXN_00003348,CUST_0101,7116.54,EUR,PURCHASE,ELECTRONICS,2024-04-30 13:31:20,False,19942.35
TXN_00002489,CUST_0084,51.86,EUR,PURCHASE,ELECTRONICS,2024-04-30 13:32:26,False,97076.8
TXN_00009670,CUST_0159,63.73,EUR,PURCHASE,UTILITIES,2024-04-30 13:45:17,False,80830.54
TXN_00002974,CUST_0182,104.88,EUR,TRANSFER,HEALTHCARE,2024-04-30 13:47:48,False,50281.11
TXN_00004081,CUST_0057,328.9,EUR,PURCHASE,TRAVEL,2024-04-30 13:59:14,False,62891.44
TXN_00007938,CUST_0197,-238.43,EUR,REFUND,TRAVEL,2024-04-30 14:13:42,False,20990.77
TXN_00009412,CUST_0065,81.15,GBP,PURCHASE,ELECTRONICS,2024-04-30 15:02:47,False,6180.64
TXN_00005360,CUST_0053,3590.56,GBP,WITHDRAWAL,TRAVEL,2024-04-30 15:35:25,False,43840.81
TXN_00003308,CUST_0107,128.16,GBP,TRANSFER,DINING,2024-04-30 15:46:28,False,31452.79
TXN_00009506,CUST_0031,160.39,EUR,PURCHASE,HEALTHCARE,2024-04-30 15:59:49,False,91805.49
TXN_00007929,CUST_0177,354.06,EUR,PURCHASE,ELECTRONICS,2024-04-30 16:05:45,False,80056.35
TXN_00009278,CUST_0016,779.96,EUR,WITHDRAWAL,DINING,2024-04-30 16:09:37,False,29270.76
TXN_00007922,CUST_0004,7611.77,GBP,WITHDRAWAL,TRAVEL,2024-04-30 16:57:42,False,12915.69
TXN_00005585,CUST_0008,514.22,USD,PURCHASE,UTILITIES,2024-04-30 17:15:13,False,81174.53
TXN_00009566,CUST_0054,11570.0,EUR,PURCHASE,HEALTHCARE,2024-04-30 21:01:25,False,95410.31
TXN_00000772,CUST_0022,84.15,EUR,PURCHASE,GROCERY,2024-05-01 07:31:02,False,84271.45
TXN_00006447,CUST_0098,-62.08,GBP,REFUND,UTILITIES,2024-05-01 08:33:32,False,23789.63
TXN_00006403,CUST_0198,32.99,GBP,PURCHASE,ELECTRONICS,2024-05-01 09:23:00,False,34319.02
TXN_00005454,CUST_0082,594.92,EUR,WITHDRAWAL,HEALTHCARE,2024-05-01 10:34:15,False,92734.9
TXN_00002311,CUST_0149,353.87,EUR,PURCHASE,ELECTRONICS,2024-05-01 10:40:38,False,70031.08
TXN_00003418,CUST_0004,1590.41,EUR,PURCHASE,TRAVEL,2024-05-01 10:51:20,False,70728.03
TXN_00004737,CUST_0183,57.3,USD,PURCHASE,HEALTHCARE,2024-05-01 12:10:52,False,97965.95
TXN_00007624,CUST_0073,426.1,USD,PURCHASE,ELECTRONICS,2024-05-01 12:20:15,False,19797.36
TXN_00008247,CUST_0073,182.7,EUR,PURCHASE,ELECTRONICS,2024-05-01 13:04:25,False,30603.13
TXN_00004393,CUST_0146,90.36,EUR,PURCHASE,UTILITIES,2024-05-01 13:12:55,False,91988.21
TXN_00002457,CUST_0108,359.53,USD,PURCHASE,DINING,2024-05-01 14:34:37,False,32637.88
TXN_00003456,CUST_0082,78.26,EUR,WITHDRAWAL,HEALTHCARE,2024-05-01 15:33:55,False,11171.06
TXN_00001259,CUST_0056,35.67,EUR,PURCHASE,UTILITIES,2024-05-01 15:47:43,False,60951.14
TXN_00006909,CUST_0193,479.7,EUR,TRANSFER,HEALTHCARE,2024-05-01 16:12:03,False,37993.62
TXN_00003229,CUST_0006,-146.88,EUR,REFUND,GROCERY,2024-05-01 16:43:02,False,27139.11
TXN_00008021,CUST_0102,84.67,EUR,TRANSFER,UTILITIES,2024-05-02 08:16:31,False,65347.81
TXN_00007059,CUST_0009,51.45,EUR,WITHDRAWAL,ELECTRONICS,2024-05-02 08:37:44,False,78138.18
TXN_00009875,CUST_0187,-95.13,EUR,REFUND,ELECTRONICS,2024-05-02 09:14:22,False,25585.79
TXN_00008441,CUST_0026,495.94,USD,PURCHASE,GROCERY,2024-05-02 09:29:02,True,6835.84
TXN_00005447,CUST_0182,224.87,EUR,PURCHASE,DINING,2024-05-02 09:47:21,False,24973.91
TXN_00005215,CUST_0054,292.04,USD,PURCHASE,HEALTHCARE,2024-05-02 10:51:28,False,53249.16
TXN_00001080,CUST_0001,69.85,EUR,PURCHASE,ELECTRONICS,2024-05-02 12:02:53,False,68401.52
TXN_00002439,CUST_0175,4.52,EUR,WITHDRAWAL,ELECTRONICS,2024-05-02 12:25:05,False,16264.3
TXN_00001524,CUST_0155,200.68,EUR,PURCHASE,UTILITIES,2024-05-02 13:49:35,False,15404.05
TXN_00002805,CUST_0112,549.08,EUR,PURCHASE,GROCERY,2024-05-02 13:58:05,False,54611.89
TXN_00007848,CUST_0079,5049.39,EUR,PURCHASE,HEALTHCARE,2024-05-02 15:31:28,False,74984.08
TXN_00005813,CUST_0119,121.55,EUR,PURCHASE,ELECTRONICS,2024-05-02 16:02:33,False,95196.39
TXN_00001402,CUST_0150,393.31,USD,PURCHASE,DINING,2024-05-02 16:56:17,False,96982.47
TXN_00005195,CUST_0057,985.95,USD,PURCHASE,HEALTHCARE,2024-05-02 18:35:53,False,82635.4
TXN_00001029,CUST_0123,602.48,EUR,PURCHASE,GROCERY,2024-05-02 18:59:37,False,98681.67
TXN_00009599,CUST_0127,376.34,EUR,PURCHASE,HEALTHCARE,2024-05-03 05:28:24,False,68522.0
TXN_00006985,CUST_0018,117.87,GBP,PURCHASE,UTILITIES,2024-05-03 07:12:15,False,94886.07
TXN_00006733,CUST_0000,557.2,EUR,TRANSFER,TRAVEL,2024-05-03 09:10:13,False,29834.02
TXN_00006016,CUST_0155,119.81,USD,PURCHASE,TRAVEL,2024-05-03 10:24:20,False,36328.94
TXN_00007703,CUST_0139,153.41,EUR,TRANSFER,DINING,2024-05-03 10:35:02,False,2547.65
TXN_00000718,CUST_0194,96.56,USD,PURCHASE,GROCERY,2024-05-03 10:46:51,True,56273.39
TXN_00008736,CUST_0155,270.96,USD,WITHDRAWAL,ELECTRONICS,2024-05-03 11:12:47,False,68766.47
TXN_00009772,CUST_0039,688.25,EUR,PURCHASE,ELECTRONICS,2024-05-03 11:56:04,False,23245.16
TXN_00001338,CUST_0134,119.86,EUR,PURCHASE,DINING,2024-05-03 12:01:30,False,45137.21
TXN_00002385,CUST_0193,5057.35,EUR,PURCHASE,TRAVEL,2024-05-03 12:09:08,False,76771.65
TXN_00000787,CUST_0179,557.53,EUR,TRANSFER,ELECTRONICS,2024-05-03 12:36:34,False,14187.55
TXN_00006151,CUST_0147,2.24,EUR,PURCHASE,TRAVEL,2024-05-03 12:36:54,False,50435.92
TXN_00004995,CUST_0091,248.78,EUR,PURCHASE,TRAVEL,2024-05-03 13:29:10,False,25366.37
TXN_00009239,CUST_0174,96.44,EUR,PURCHASE,UTILITIES,2024-05-03 13:48:23,False,5214.49
TXN_00009240,CUST_0107,69.76,EUR,PURCHASE,DINING,2024-05-03 14:07:25,False,21859.94
TXN_00008604,CUST_0064,262.96,USD,PURCHASE,DINING,2024-05-03 15:10:30,False,91453.09
TXN_00008226,CUST_0015,425.23,EUR,PURCHASE,GROCERY,2024-05-03 15:19:20,False,46080.83
TXN_00006560,CUST_0018,1546.08,GBP,TRANSFER,GROCERY,2024-05-03 16:16:50,False,97982.1
TXN_00009300,CUST_0154,501.17,EUR,TRANSFER,DINING,2024-05-03 16:36:46,False,68102.81
TXN_00000636,CUST_0061,303.92,USD,WITHDRAWAL,ELECTRONICS,2024-05-03 17:15:04,False,6181.25
TXN_00003431,CUST_0050,1547.16,EUR,PURCHASE,TRAVEL,2024-05-03 17:20:27,False,79958.14
TXN_00006234,CUST_0141,76.48,USD,TRANSFER,GROCERY,2024-05-03 19:46:33,False,62180.82
TXN_00003444,CUST_0049,50.12,GBP,PURCHASE,GROCERY,2024-05-03 19:46:40,False,65125.61
TXN_00008902,CUST_0172,5.63,EUR,WITHDRAWAL,DINING,2024-05-03 21:23:42,False,15271.3
TXN_00003237,CUST_0163,248.8,GBP,PURCHASE,DINING,2024-05-03 23:52:59,False,1098.8
TXN_00000785,CUST_0148,1193.92,EUR,TRANSFER,HEALTHCARE,2024-05-04 07:14:52,False,1687.9
TXN_00003058,CUST_0046,565.64,EUR,PURCHASE,ELECTRONICS,2024-05-04 07:24:26,False,74108.07
TXN_00001859,CUST_0085,314.6,EUR,PURCHASE,TRAVEL,2024-05-04 09:02:05,False,47189.95
TXN_00002500,CUST_0126,976.55,USD,PURCHASE,TRAVEL,2024-05-04 09:05:40,False,15832.96
TXN_00002919,CUST_0022,295.32,EUR,TRANSFER,TRAVEL,2024-05-04 09:24:01,False,68450.53
TXN_00007509,CUST_0001,6077.51,EUR,PURCHASE,DINING,2024-05-04 09:35:54,False,88020.55
TXN_00000666,CUST_0112,61.32,EUR,PURCHASE,GROCERY,2024-05-04 09:46:39,False,55790.53
TXN_00004093,CUST_0056,30.09,GBP,PURCHASE,GROCERY,2024-05-04 09:56:28,False,93851.42
TXN_00003944,CUST_0015,1019.7,USD,PURCHASE,HEALTHCARE,2024-05-04 10:12:13,False,93056.31
TXN_00008279,CUST_0130,139.75,EUR,PURCHASE,UTILITIES,2024-05-04 10:16:45,False,12730.39
TXN_00004173,CUST_0121,152.06,EUR,TRANSFER,TRAVEL,2024-05-04 10:31:42,False,71297.08
TXN_00001655,CUST_0090,272.04,USD,TRANSFER,UTILITIES,2024-05-04 10:50:10,False,21967.87
TXN_00005322,CUST_0041,417.5,EUR,PURCHASE,UTILITIES,2024-05-04 11:07:53,False,93171.21
TXN_00006315,CUST_0166,150.0,EUR,PURCHASE,TRAVEL,2024-05-04 11:59:22,False,52795.56
TXN_00006408,CUST_0163,791.67,EUR,PURCHASE,ELECTRONICS,2024-05-04 12:40:21,False,74080.73
TXN_00008996,CUST_0165,649.84,EUR,TRANSFER,DINING,2024-05-04 13:04:17,False,69726.26
TXN_00006474,CUST_0008,29.36,USD,TRANSFER,GROCERY,2024-05-04 13:20:59,False,87552.34
TXN_00002218,CUST_0050,19.49,EUR,PURCHASE,TRAVEL,2024-05-04 15:08:59,False,9810.88
TXN_00008293,CUST_0190,64.21,EUR,PURCHASE,UTILITIES,2024-05-04 15:37:12,False,63835.57
TXN_00009313,CUST_0110,400.16,GBP,PURCHASE,HEALTHCARE,2024-05-04 16:10:19,False,54246.37
TXN_00000510,CUST_0055,169.7,GBP,TRANSFER,UTILITIES,2024-05-04 16:38:23,False,25837.38
TXN_00000724,CUST_0170,5209.89,EUR,TRANSFER,TRAVEL,2024-05-04 16:54:15,False,58432.62
TXN_00008199,CUST_0133,504.93,EUR,PURCHASE,TRAVEL,2024-05-04 16:58:22,False,46057.99
TXN_00007775,CUST_0036,280.57,EUR,PURCHASE,TRAVEL,2024-05-04 17:19:37,False,19157.93
TXN_00005355,CUST_0077,1280.46,EUR,PURCHASE,DINING,2024-05-04 17:19:38,False,5415.26
TXN_00004710,CUST_0118,64.84,GBP,PURCHASE,TRAVEL,2024-05-04 17:29:16,False,47624.54
TXN_00001860,CUST_0055,150.94,EUR,PURCHASE,DINING,2024-05-04 17:57:57,False,67728.17
TXN_00008454,CUST_0084,91.85,USD,PURCHASE,DINING,2024-05-04 17:58:11,False,80674.96
TXN_00008652,CUST_0084,1781.75,EUR,PURCHASE,UTILITIES,2024-05-04 18:29:25,False,17213.31
TXN_00007143,CUST_0154,90.18,EUR,PURCHASE,DINING,2024-05-05 02:00:02,False,5230.73
TXN_00005683,CUST_0184,90.59,GBP,TRANSFER,HEALTHCARE,2024-05-05 06:19:53,False,33870.2
TXN_00005931,CUST_0163,3002.98,USD,WITHDRAWAL,GROCERY,2024-05-05 06:38:03,False,76583.83
TXN_00000790,CUST_0140,272.26,EUR,PURCHASE,HEALTHCARE,2024-05-05 06:47:21,False,84312.24
TXN_00003039,CUST_0121,242.44,EUR,TRANSFER,DINING,2024-05-05 07:05:26,False,22308.83
TXN_00005529,CUST_0189,114.91,EUR,PURCHASE,DINING,2024-05-05 07:33:07,False,4058.53
TXN_00004671,CUST_0168,1209.72,EUR,PURCHASE,GROCERY,2024-05-05 08:34:42,False,8925.43
TXN_00008044,CUST_0123,398.07,EUR,PURCHASE,GROCERY,2024-05-05 08:45:22,False,42360.59
TXN_00007164,CUST_0105,71.23,EUR,PURCHASE,UTILITIES,2024-05-05 09:19:18,False,54549.55
TXN_00007340,CUST_0160,-902.9,EUR,REFUND,DINING,2024-05-05 10:18:46,False,25319.31
TXN_00003115,CUST_0168,41.51,GBP,PURCHASE,UTILITIES,2024-05-05 10:48:20,False,13051.54
TXN_00001054,CUST_0004,66.21,USD,WITHDRAWAL,GROCERY,2024-05-05 10:59:50,False,79793.02
TXN_00000779,CUST_0110,923.35,EUR,PURCHASE,GROCERY,2024-05-05 11:10:48,False,64354.49
TXN_00005719,CUST_0124,375.15,EUR,TRANSFER,UTILITIES,2024-05-05 11:22:49,False,12947.05
TXN_00000185,CUST_0023,66.51,EUR,PURCHASE,GROCERY,2024-05-05 11:42:42,False,73615.16
TXN_00003436,CUST_0110,-544.21,EUR,REFUND,DINING,2024-05-05 11:43:31,False,97079.2
TXN_00000103,CUST_0147,774.79,EUR,TRANSFER,GROCERY,2024-05-05 11:53:47,False,23966.01
TXN_00001914,CUST_0158,75.27,EUR,PURCHASE,HEALTHCARE,2024-05-05 11:59:57,False,43761.27
TXN_00000047,CUST_0076,197.79,USD,PURCHASE,DINING,2024-05-05 12:01:52,False,37056.49
TXN_00006304,CUST_0142,9.89,EUR,PURCHASE,UTILITIES,2024-05-05 12:29:26,False,10198.46
TXN_00004583,CUST_0118,1051.67,EUR,PURCHASE,DINING,2024-05-05 12:52:20,False,50128.71
TXN_00008657,CUST_0102,1297.17,GBP,PURCHASE,DINING,2024-05-05 13:08:55,False,68895.79
TXN_00001479,CUST_0096,41.56,EUR,TRANSFER,UTILITIES,2024-05-05 13:42:33,False,37381.47
TXN_00000207,CUST_0160,543.62,GBP,TRANSFER,UTILITIES,2024-05-05 13:43:24,False,96035.87
TXN_00000146,CUST_0061,1051.58,EUR,PURCHASE,HEALTHCARE,2024-05-05 14:00:02,False,54740.89
TXN_00007710,CUST_0064,11.6,EUR,PURCHASE,ELECTRONICS,2024-05-05 15:12:38,False,13983.01
TXN_00009836,CUST_0108,99.93,EUR,PURCHASE,TRAVEL,2024-05-05 16:09:51,True,3355.08
TXN_00005211,CUST_0197,29.54,EUR,TRANSFER,DINING,2024-05-05 16:13:11,False,7089.03
TXN_00007935,CUST_0190,748.83,EUR,TRANSFER,TRAVEL,2024-05-05 17:36:04,False,66081.2
TXN_00002209,CUST_0162,294.45,USD,TRANSFER,TRAVEL,2024-05-05 17:46:06,False,97766.91
TXN_00009484,CUST_0090,2658.28,EUR,PURCHASE,DINING,2024-05-05 18:10:17,False,73196.38
TXN_00001457,CUST_0031,61.5,USD,TRANSFER,HEALTHCARE,2024-05-05 21:22:59,False,20763.72
TXN_00009382,CUST_0016,245.12,EUR,WITHDRAWAL,HEALTHCARE,2024-05-06 03:12:45,False,44391.46
TXN_00001960,CUST_0145,1457.57,USD,PURCHASE,GROCERY,2024-05-06 08:02:11,False,96009.37
TXN_00001021,CUST_0000,71.33,EUR,WITHDRAWAL,TRAVEL,2024-05-06 08:18:35,False,71157.68
TXN_00001288,CUST_0160,9607.9,EUR,PURCHASE,TRAVEL,2024-05-06 08:34:10,True,61436.53
TXN_00006368,CUST_0045,536.24,EUR,WITHDRAWAL,TRAVEL,2024-05-06 08:45:06,False,51546.22
TXN_00008445,CUST_0144,1901.41,EUR,PURCHASE,ELECTRONICS,2024-05-06 09:09:02,False,77107.43
TXN_00007078,CUST_0066,329.43,EUR,TRANSFER,HEALTHCARE,2024-05-06 09:17:30,False,98303.88
TXN_00007367,CUST_0192,774.73,EUR,PURCHASE,UTILITIES,2024-05-06 09:54:54,False,86986.42
TXN_00001057,CUST_0120,230.55,EUR,WITHDRAWAL,UTILITIES,2024-05-06 10:18:53,False,85581.55
TXN_00000752,CUST_0155,344.96,EUR,PURCHASE,TRAVEL,2024-05-06 10:43:18,False,8875.03
TXN_00003969,CUST_0162,317.63,EUR,WITHDRAWAL,DINING,2024-05-06 10:52:28,False,66739.76
TXN_00005072,CUST_0011,15.14,EUR,PURCHASE,ELECTRONICS,2024-05-06 11:28:02,False,38045.41
TXN_00001011,CUST_0082,608.52,USD,PURCHASE,UTILITIES,2024-05-06 12:24:27,False,41721.3
TXN_00003636,CUST_0139,231.9,EUR,PURCHASE,GROCERY,2024-05-06 13:09:42,False,9296.26
TXN_00008697,CUST_0139,15.53,EUR,WITHDRAWAL,HEALTHCARE,2024-05-06 13:13:03,False,42517.58
TXN_00005857,CUST_0024,193.89,USD,TRANSFER,ELECTRONICS,2024-05-06 13:45:01,False,66668.09
TXN_00002604,CUST_0146,364.08,EUR,TRANSFER,DINING,2024-05-06 14:22:27,False,3709.79
TXN_00000199,CUST_0185,67.44,EUR,PURCHASE,DINING,2024-05-06 15:55:21,False,81268.01
TXN_00007559,CUST_0109,374.13,GBP,WITHDRAWAL,HEALTHCARE,2024-05-06 16:42:03,False,38901.5
TXN_00007130,CUST_0096,220.01,USD,PURCHASE,DINING,2024-05-06 17:23:51,False,82073.39
TXN_00002628,CUST_0142,101.34,USD,PURCHASE,TRAVEL,2024-05-06 18:26:07,False,61893.41
TXN_00007375,CUST_0146,244.56,GBP,TRANSFER,UTILITIES,2024-05-06 19:07:33,False,83111.16
TXN_00005921,CUST_0042,776.57,EUR,PURCHASE,GROCERY,2024-05-06 19:28:50,False,96687.17
TXN_00003823,CUST_0187,33.23,EUR,PURCHASE,UTILITIES,2024-05-06 19:52:19,True,59464.17
TXN_00009745,CUST_0194,879.91,USD,WITHDRAWAL,ELECTRONICS,2024-05-06 22:46:38,False,48329.03
TXN_00006631,CUST_0123,4705.3,EUR,PURCHASE,ELECTRONICS,2024-05-07 03:55:34,False,26318.57
TXN_00007508,CUST_0101,236.38,EUR,WITHDRAWAL,ELECTRONICS,2024-05-07 05:08:00,False,5745.48
TXN_00002272,CUST_0005,19.58,EUR,TRANSFER,GROCERY,2024-05-07 06:18:07,False,13363.14
TXN_00009701,CUST_0114,322.95,EUR,TRANSFER,ELECTRONICS,2024-05-07 09:50:48,False,60940.59
TXN_00001343,CUST_0188,20.68,EUR,TRANSFER,HEALTHCARE,2024-05-07 09:57:11,False,94508.19
TXN_00005179,CUST_0129,411.53,EUR,WITHDRAWAL,ELECTRONICS,2024-05-07 10:19:53,False,88718.33
TXN_00007759,CUST_0069,1072.89,EUR,TRANSFER,ELECTRONICS,2024-05-07 10:32:34,False,2875.07
TXN_00005647,CUST_0087,130.32,EUR,PURCHASE,HEALTHCARE,2024-05-07 10:37:01,False,53166.42
TXN_00002316,CUST_0004,854.3,EUR,TRANSFER,DINING,2024-05-07 10:40:44,False,13882.18
TXN_00004449,CUST_0157,455.12,GBP,TRANSFER,DINING,2024-05-07 11:02:01,False,83901.35
TXN_00007465,CUST_0167,79.95,GBP,PURCHASE,UTILITIES,2024-05-07 11:19:04,False,79230.11
TXN_00006147,CUST_0161,126.67,GBP,TRANSFER,DINING,2024-05-07 11:26:01,False,44164.09
TXN_00008154,CUST_0007,1658.61,EUR,TRANSFER,TRAVEL,2024-05-07 11:37:29,False,700.36
TXN_00002640,CUST_0130,285.66,EUR,PURCHASE,GROCERY,2024-05-07 12:30:53,False,90856.39
TXN_00003216,CUST_0157,356.57,EUR,TRANSFER,HEALTHCARE,2024-05-07 12:36:05,False,73243.56
TXN_00002720,CUST_0126,110.75,EUR,WITHDRAWAL,UTILITIES,2024-05-07 12:58:57,False,43678.4
TXN_00008811,CUST_0169,49.66,EUR,PURCHASE,GROCERY,2024-05-07 13:04:05,False,40473.8
TXN_00001064,CUST_0102,768.24,EUR,WITHDRAWAL,TRAVEL,2024-05-07 13:12:04,False,49018.79
TXN_00000690,CUST_0013,113.17,EUR,PURCHASE,TRAVEL,2024-05-07 13:32:03,False,59036.28
TXN_00005561,CUST_0094,250.31,EUR,TRANSFER,GROCERY,2024-05-07 13:38:04,False,68533.96
TXN_00003249,CUST_0142,347.71,EUR,PURCHASE,GROCERY,2024-05-07 13:41:36,False,77162.8
TXN_00002397,CUST_0154,89.32,GBP,PURCHASE,TRAVEL,2024-05-07 13:46:57,False,13457.65
TXN_00002179,CUST_0153,455.19,EUR,TRANSFER,HEALTHCARE,2024-05-07 14:30:54,False,73516.98
TXN_00006996,CUST_0180,921.48,USD,PURCHASE,HEALTHCARE,2024-05-07 14:46:20,False,79924.15
TXN_00004025,CUST_0157,467.54,EUR,PURCHASE,ELECTRONICS,2024-05-07 16:44:25,False,13651.81
TXN_00001737,CUST_0139,32.47,EUR,PURCHASE,UTILITIES,2024-05-07 16:50:20,False,67925.14
TXN_00006187,CUST_0025,452.12,GBP,PURCHASE,DINING,2024-05-07 17:00:44,False,61508.64
TXN_00006558,CUST_0155,83.78,EUR,PURCHASE,UTILITIES,2024-05-07 17:03:58,False,94120.64
TXN_00000056,CUST_0024,204.01,EUR,PURCHASE,UTILITIES,2024-05-07 17:10:27,False,2815.61
TXN_00008004,CUST_0064,-1369.49,EUR,REFUND,TRAVEL,2024-05-07 17:16:12,False,10409.52
TXN_00000299,CUST_0068,378.42,EUR,PURCHASE,TRAVEL,2024-05-07 17:31:16,False,33287.76
TXN_00005547,CUST_0141,90.29,EUR,PURCHASE,ELECTRONICS,2024-05-07 17:56:57,False,48658.56
TXN_00001821,CUST_0188,321.32,EUR,PURCHASE,,2024-05-07 18:06:41,False,23913.55
TXN_00004568,CUST_0195,63.53,EUR,PURCHASE,GROCERY,2024-05-07 18:14:12,False,78944.75
TXN_00003288,CUST_0046,110.6,EUR,TRANSFER,TRAVEL,2024-05-07 18:24:44,False,79384.28
TXN_00009398,CUST_0070,61.44,EUR,WITHDRAWAL,HEALTHCARE,2024-05-07 19:57:47,False,53845.64
TXN_00007659,CUST_0174,2296.03,EUR,PURCHASE,GROCERY,2024-05-08 05:34:58,False,15642.57
TXN_00006657,CUST_0078,1104.32,EUR,PURCHASE,DINING,2024-05-08 06:26:59,False,49019.13
TXN_00004019,CUST_0004,94.96,EUR,PURCHASE,GROCERY,2024-05-08 07:07:03,False,17110.87
TXN_00006785,CUST_0169,-637.97,EUR,REFUND,HEALTHCARE,2024-05-08 08:25:32,False,19004.53
TXN_00004614,CUST_0103,74.45,EUR,PURCHASE,DINING,2024-05-08 08:46:08,False,16193.43
TXN_00008201,CUST_0156,481.44,EUR,TRANSFER,GROCERY,2024-05-08 09:11:42,False,1750.8
TXN_00008715,CUST_0132,84.29,GBP,PURCHASE,GROCERY,2024-05-08 09:12:05,False,6321.85
TXN_00009642,CUST_0174,37.75,USD,TRANSFER,UTILITIES,2024-05-08 09:17:12,False,63576.15
TXN_00005975,CUST_0173,421.0,EUR,PURCHASE,GROCERY,2024-05-08 09:28:02,False,2358.74
TXN_00006711,CUST_0011,85.99,EUR,TRANSFER,HEALTHCARE,2024-05-08 10:00:45,False,45929.24
TXN_00000460,CUST_0059,306.32,EUR,PURCHASE,TRAVEL,2024-05-08 10:37:04,False,70781.36
TXN_00005629,CUST_0144,12.02,EUR,WITHDRAWAL,UTILITIES,2024-05-08 10:51:23,False,48598.37
TXN_00000644,CUST_0192,195.55,USD,TRANSFER,DINING,2024-05-08 11:19:23,False,85280.4
TXN_00000102,CUST_0092,153.64,EUR,TRANSFER,DINING,2024-05-08 11:33:31,False,12567.05
TXN_00005024,CUST_0116,1122.62,USD,PURCHASE,HEALTHCARE,2024-05-08 11:56:08,False,52114.59
TXN_00009376,CUST_0194,-18.56,USD,REFUND,DINING,2024-05-08 12:27:27,False,23054.89
TXN_00006882,CUST_0056,318.64,USD,PURCHASE,UTILITIES,2024-05-08 12:41:06,False,82781.47
TXN_00004569,CUST_0135,297.27,GBP,WITHDRAWAL,GROCERY,2024-05-08 12:53:37,False,43618.43
TXN_00001035,CUST_0161,67.2,USD,PURCHASE,ELECTRONICS,2024-05-08 12:54:02,False,16535.81
TXN_00001858,CUST_0041,48.21,EUR,PURCHASE,DINING,2024-05-08 13:24:53,False,85290.66
TXN_00005313,CUST_0057,134.73,USD,PURCHASE,TRAVEL,2024-05-08 13:37:57,False,95288.77
TXN_00009631,CUST_0177,898.48,EUR,PURCHASE,UTILITIES,2024-05-08 14:53:21,False,56568.41
TXN_00000574,CUST_0125,1360.61,USD,PURCHASE,GROCERY,2024-05-08 14:59:39,False,82105.17
TXN_00002842,CUST_0135,556.46,GBP,TRANSFER,GROCERY,2024-05-08 16:13:07,False,95117.57
TXN_00009285,CUST_0009,99.77,EUR,WITHDRAWAL,HEALTHCARE,2024-05-08 16:13:54,False,40536.76
TXN_00003193,CUST_0051,358.49,EUR,WITHDRAWAL,ELECTRONICS,2024-05-08 16:23:53,False,67635.03
TXN_00004022,CUST_0177,153.82,EUR,WITHDRAWAL,ELECTRONICS,2024-05-08 16:51:40,False,58155.86
TXN_00002088,CUST_0096,176.68,GBP,TRANSFER,ELECTRONICS,2024-05-09 03:27:59,False,27985.46
TXN_00006813,CUST_0174,77.49,EUR,PURCHASE,DINING,2024-05-09 04:53:36,False,12131.62
TXN_00003262,CUST_0042,19854.19,EUR,WITHDRAWAL,ELECTRONICS,2024-05-09 05:05:36,False,28869.71
TXN_00008626,CUST_0063,380.56,EUR,WITHDRAWAL,DINING,2024-05-09 06:04:33,False,77354.92
TXN_00006049,CUST_0156,2080.98,EUR,PURCHASE,HEALTHCARE,2024-05-09 07:03:26,False,71378.15
TXN_00007858,CUST_0015,683.53,USD,PURCHASE,TRAVEL,2024-05-09 07:10:32,False,55831.4
TXN_00005569,CUST_0146,747.2,EUR,WITHDRAWAL,UTILITIES,2024-05-09 07:20:33,False,89451.51
TXN_00009487,CUST_0138,660.82,EUR,TRANSFER,,2024-05-09 08:42:32,False,66441.18
TXN_00009782,CUST_0178,121.05,EUR,PURCHASE,ELECTRONICS,2024-05-09 08:49:43,False,49978.67
TXN_00005802,CUST_0140,96.18,EUR,TRANSFER,UTILITIES,2024-05-09 09:06:26,False,46387.53
TXN_00007134,CUST_0125,13.7,GBP,PURCHASE,HEALTHCARE,2024-05-09 09:19:48,False,61233.49
TXN_00000381,CUST_0030,301.27,EUR,PURCHASE,GROCERY,2024-05-09 09:23:04,False,15041.69
TXN_00006896,CUST_0088,-15.4,EUR,REFUND,TRAVEL,2024-05-09 09:59:05,True,79187.16
TXN_00008349,CUST_0104,110.63,EUR,PURCHASE,DINING,2024-05-09 10:25:44,False,13244.94
TXN_00009611,CUST_0009,201.09,EUR,PURCHASE,GROCERY,2024-05-09 11:16:28,False,29994.49
TXN_00008353,CUST_0109,1186.24,EUR,PURCHASE,DINING,2024-05-09 11:27:40,False,15217.69
TXN_00003203,CUST_0050,157.34,EUR,PURCHASE,UTILITIES,2024-05-09 11:46:43,True,66856.79
TXN_00005476,CUST_0175,503.27,EUR,TRANSFER,GROCERY,2024-05-09 12:11:42,False,53121.63
TXN_00002638,CUST_0160,309.11,EUR,PURCHASE,DINING,2024-05-09 12:12:35,False,92108.03
TXN_00003968,CUST_0010,4146.7,EUR,PURCHASE,GROCERY,2024-05-09 12:17:15,False,91346.71
TXN_00001908,CUST_0069,23.09,EUR,PURCHASE,ELECTRONICS,2024-05-09 13:01:31,False,37647.02
TXN_00001542,CUST_0199,3.36,EUR,PURCHASE,ELECTRONICS,2024-05-09 13:29:05,False,85914.64
TXN_00007554,CUST_0002,444.04,EUR,PURCHASE,UTILITIES,2024-05-09 13:56:33,False,2807.4
TXN_00001636,CUST_0076,1520.69,EUR,PURCHASE,HEALTHCARE,2024-05-09 14:02:54,False,92363.35
TXN_00001654,CUST_0106,619.49,EUR,PURCHASE,DINING,2024-05-09 14:05:07,False,45027.06
TXN_00001496,CUST_0021,27.6,EUR,WITHDRAWAL,UTILITIES,2024-05-09 14:38:39,False,86148.05
TXN_00005679,CUST_0003,356.8,EUR,PURCHASE,DINING,2024-05-09 14:38:45,False,17643.3
TXN_00006732,CUST_0013,183.58,EUR,WITHDRAWAL,HEALTHCARE,2024-05-09 14:50:42,False,67548.59
TXN_00000540,CUST_0133,19.44,EUR,PURCHASE,HEALTHCARE,2024-05-09 15:01:24,False,94044.99
TXN_00005714,CUST_0140,1836.27,GBP,WITHDRAWAL,HEALTHCARE,2024-05-09 15:11:08,False,36213.66
TXN_00003643,CUST_0084,198.46,EUR,TRANSFER,DINING,2024-05-09 16:03:00,False,86266.96
TXN_00002312,CUST_0180,152.15,USD,PURCHASE,DINING,2024-05-09 16:17:50,False,10757.32
TXN_00001599,CUST_0022,-37.2,EUR,REFUND,ELECTRONICS,2024-05-09 16:35:49,False,81505.32
TXN_00005540,CUST_0011,120.68,EUR,TRANSFER,DINING,2024-05-09 16:50:32,False,65173.51
TXN_00005405,CUST_0045,39.69,EUR,WITHDRAWAL,DINING,2024-05-09 16:54:14,False,65338.42
TXN_00009208,CUST_0197,111.69,GBP,PURCHASE,ELECTRONICS,2024-05-09 17:18:38,False,40478.41
TXN_00006923,CUST_0113,44.4,EUR,TRANSFER,ELECTRONICS,2024-05-09 17:25:18,False,1563.93
TXN_00009030,CUST_0120,1537.82,GBP,PURCHASE,DINING,2024-05-09 18:10:36,False,33621.23
TXN_00009612,CUST_0194,464.48,USD,PURCHASE,HEALTHCARE,2024-05-09 19:03:42,False,47709.49
TXN_00007159,CUST_0157,2200.16,GBP,PURCHASE,ELECTRONICS,2024-05-09 20:24:28,False,4437.7
TXN_00009119,CUST_0139,957.74,EUR,TRANSFER,DINING,2024-05-10 08:32:41,False,47635.62
TXN_00000334,CUST_0141,219.8,EUR,PURCHASE,DINING,2024-05-10 08:54:22,False,61909.46
TXN_00005566,CUST_0063,38.8,EUR,PURCHASE,ELECTRONICS,2024-05-10 09:08:35,False,18010.22
TXN_00006186,CUST_0168,418.48,EUR,TRANSFER,ELECTRONICS,2024-05-10 09:53:00,False,88544.2
TXN_00007795,CUST_0195,111.82,USD,PURCHASE,GROCERY,2024-05-10 10:08:52,False,5517.85
TXN_00004319,CUST_0020,141.19,EUR,PURCHASE,HEALTHCARE,2024-05-10 10:45:23,False,97154.56
TXN_00003335,CUST_0189,791.6,USD,WITHDRAWAL,ELECTRONICS,2024-05-10 10:46:32,False,34695.99
TXN_00006687,CUST_0029,136.5,EUR,PURCHASE,HEALTHCARE,2024-05-10 11:00:59,False,41542.9
TXN_00007118,CUST_0048,2048.86,EUR,WITHDRAWAL,GROCERY,2024-05-10 11:10:41,False,92225.91
TXN_00006324,CUST_0154,547.81,GBP,TRANSFER,ELECTRONICS,2024-05-10 11:24:46,False,40147.51
TXN_00003770,CUST_0171,198.56,EUR,PURCHASE,TRAVEL,2024-05-10 11:39:56,False,45602.51
TXN_00006395,CUST_0043,690.65,EUR,PURCHASE,DINING,2024-05-10 11:44:49,False,60096.53
TXN_00009490,CUST_0078,435.73,USD,PURCHASE,DINING,2024-05-10 11:45:45,False,35009.15
TXN_00007017,CUST_0078,2870.48,EUR,TRANSFER,UTILITIES,2024-05-10 11:52:28,False,16475.24
TXN_00004279,CUST_0156,7694.67,EUR,WITHDRAWAL,TRAVEL,2024-05-10 13:48:29,False,56829.9
TXN_00007865,CUST_0175,2388.0,EUR,PURCHASE,HEALTHCARE,2024-05-10 13:53:02,False,40825.06
TXN_00003382,CUST_0093,34.81,EUR,PURCHASE,DINING,2024-05-10 14:07:21,False,12881.22
TXN_00000008,CUST_0172,155.05,EUR,PURCHASE,TRAVEL,2024-05-10 14:08:38,False,72435.64
TXN_00000028,CUST_0128,225.67,GBP,WITHDRAWAL,ELECTRONICS,2024-05-10 14:13:38,False,59309.28
TXN_00001178,CUST_0142,69.94,EUR,PURCHASE,ELECTRONICS,2024-05-10 14:21:31,False,80799.01
TXN_00005181,CUST_0180,977.47,EUR,PURCHASE,HEALTHCARE,2024-05-10 14:57:35,False,67404.82
TXN_00007774,CUST_0185,22.94,EUR,PURCHASE,HEALTHCARE,2024-05-10 15:01:27,False,69886.45
TXN_00001618,CUST_0083,188.17,EUR,TRANSFER,TRAVEL,2024-05-10 15:16:43,False,84652.05
TXN_00007689,CUST_0157,99.24,USD,PURCHASE,HEALTHCARE,2024-05-10 15:16:46,False,41365.73
TXN_00004929,CUST_0000,1175.33,GBP,PURCHASE,DINING,2024-05-10 16:39:27,False,9854.23
TXN_00008968,CUST_0060,30.94,EUR,PURCHASE,,2024-05-10 17:08:59,False,36931.55
TXN_00002452,CUST_0094,-262.8,EUR,REFUND,HEALTHCARE,2024-05-10 17:24:32,False,43118.09
TXN_00004007,CUST_0120,443.09,EUR,PURCHASE,GROCERY,2024-05-10 21:04:24,False,33853.41
TXN_00007623,CUST_0163,92.06,EUR,TRANSFER,HEALTHCARE,2024-05-10 21:08:19,False,54726.87
TXN_00003246,CUST_0099,93.7,EUR,PURCHASE,DINING,2024-05-11 05:24:09,False,27083.91
TXN_00006357,CUST_0006,23.56,EUR,PURCHASE,DINING,2024-05-11 06:01:55,False,66538.02
TXN_00009908,CUST_0090,45.9,EUR,TRANSFER,GROCERY,2024-05-11 07:34:41,False,81772.34
TXN_00009538,CUST_0064,168.06,EUR,TRANSFER,TRAVEL,2024-05-11 08:23:04,False,58469.76
TXN_00005762,CUST_0117,462.85,EUR,PURCHASE,DINING,2024-05-11 09:16:48,False,54216.17
TXN_00001176,CUST_0169,43.14,EUR,TRANSFER,DINING,2024-05-11 09:37:55,False,31869.36
TXN_00002685,CUST_0120,333.44,GBP,PURCHASE,ELECTRONICS,2024-05-11 09:39:58,False,45481.13
TXN_00003135,CUST_0086,59.33,EUR,PURCHASE,DINING,2024-05-11 10:03:25,False,56762.23
TXN_00009061,CUST_0064,13.59,EUR,WITHDRAWAL,TRAVEL,2024-05-11 11:33:37,False,83823.25
TXN_00009924,CUST_0178,22.6,EUR,PURCHASE,ELECTRONICS,2024-05-11 11:53:49,False,86654.68
TXN_00004795,CUST_0016,106.0,EUR,WITHDRAWAL,ELECTRONICS,2024-05-11 12:10:44,False,90990.3
TXN_00006247,CUST_0135,4.23,EUR,TRANSFER,HEALTHCARE,2024-05-11 12:32:13,False,30313.13
TXN_00004848,CUST_0151,433.66,EUR,PURCHASE,UTILITIES,2024-05-11 12:52:54,False,89940.72
TXN_00005320,CUST_0108,262.69,USD,TRANSFER,HEALTHCARE,2024-05-11 13:00:43,False,94295.73
TXN_00005531,CUST_0122,86.53,USD,TRANSFER,HEALTHCARE,2024-05-11 13:25:14,False,77829.61
TXN_00002473,CUST_0003,299.88,EUR,PURCHASE,ELECTRONICS,2024-05-11 13:33:04,False,82919.02
TXN_00007944,CUST_0079,50.66,USD,PURCHASE,TRAVEL,2024-05-11 14:05:08,False,60473.76
TXN_00000890,CUST_0134,369.63,EUR,PURCHASE,GROCERY,2024-05-11 14:28:33,False,56391.22
TXN_00006935,CUST_0093,796.34,GBP,PURCHASE,UTILITIES,2024-05-11 15:23:10,False,29836.66
TXN_00009742,CUST_0062,40.59,EUR,PURCHASE,DINING,2024-05-11 15:33:44,False,57326.5
TXN_00005031,CUST_0014,182.33,USD,TRANSFER,,2024-05-11 15:48:03,False,9744.19
TXN_00009006,CUST_0177,3649.78,EUR,PURCHASE,DINING,2024-05-11 16:01:41,False,99901.45
TXN_00003315,CUST_0175,173.88,USD,PURCHASE,ELECTRONICS,2024-05-11 16:16:07,False,69759.31
TXN_00001225,CUST_0138,192.14,EUR,PURCHASE,GROCERY,2024-05-11 16:22:47,False,21419.37
TXN_00003136,CUST_0141,230.31,EUR,TRANSFER,UTILITIES,2024-05-11 16:44:03,False,73435.23
TXN_00003595,CUST_0058,249.92,USD,PURCHASE,UTILITIES,2024-05-11 16:44:50,False,51441.87
TXN_00002214,CUST_0061,53.09,EUR,PURCHASE,TRAVEL,2024-05-11 17:12:17,False,69096.58
TXN_00007093,CUST_0104,849.06,EUR,WITHDRAWAL,UTILITIES,2024-05-11 17:46:49,False,15955.25
TXN_00005162,CUST_0069,388.45,EUR,PURCHASE,UTILITIES,2024-05-11 18:09:29,False,84765.92
TXN_00003699,CUST_0148,207.99,EUR,WITHDRAWAL,ELECTRONICS,2024-05-11 19:36:07,False,42359.89
TXN_00000735,CUST_0048,116.76,USD,WITHDRAWAL,GROCERY,2024-05-11 19:54:06,False,77784.82
TXN_00009841,CUST_0034,1027.92,EUR,PURCHASE,ELECTRONICS,2024-05-11 21:08:38,False,37563.64
TXN_00004628,CUST_0025,53.0,EUR,PURCHASE,UTILITIES,2024-05-12 07:24:16,False,75632.01
TXN_00005501,CUST_0146,990.47,EUR,PURCHASE,GROCERY,2024-05-12 07:51:44,False,76857.17
TXN_00002959,CUST_0144,78.01,GBP,PURCHASE,GROCERY,2024-05-12 08:49:41,False,94049.38
TXN_00004006,CUST_0171,387.6,EUR,PURCHASE,ELECTRONICS,2024-05-12 08:57:20,False,49907.24
TXN_00008597,CUST_0143,1363.45,EUR,PURCHASE,ELECTRONICS,2024-05-12 09:56:50,False,68487.82
TXN_00008035,CUST_0197,634.29,USD,TRANSFER,GROCERY,2024-05-12 10:24:35,False,85799.56
TXN_00009920,CUST_0106,999.57,EUR,PURCHASE,DINING,2024-05-12 10:33:06,False,43239.74
TXN_00008761,CUST_0152,632.07,GBP,PURCHASE,HEALTHCARE,2024-05-12 10:38:39,False,67743.58
TXN_00006926,CUST_0026,96.68,EUR,PURCHASE,ELECTRONICS,2024-05-12 10:40:03,False,25436.3
TXN_00008499,CUST_0154,377.6,EUR,PURCHASE,ELECTRONICS,2024-05-12 11:45:14,False,12507.25
TXN_00006603,CUST_0089,194.84,EUR,TRANSFER,HEALTHCARE,2024-05-12 12:14:35,False,53561.1
TXN_00007370,CUST_0139,526.8,USD,PURCHASE,UTILITIES,2024-05-12 12:14:44,False,81398.51
TXN_00000193,CUST_0010,998.4,EUR,TRANSFER,ELECTRONICS,2024-05-12 12:40:11,False,19568.35
TXN_00001037,CUST_0091,889.36,EUR,PURCHASE,TRAVEL,2024-05-12 12:48:09,False,58862.43
TXN_00009659,CUST_0073,1100.19,USD,TRANSFER,TRAVEL,2024-05-12 13:09:47,False,93537.1
TXN_00005439,CUST_0181,218.1,USD,TRANSFER,GROCERY,2024-05-12 13:14:50,False,77684.53
TXN_00001128,CUST_0121,644.14,EUR,WITHDRAWAL,,2024-05-12 13:24:40,True,92657.9
TXN_00004430,CUST_0125,35.66,USD,PURCHASE,HEALTHCARE,2024-05-12 13:31:07,False,543.52
TXN_00007319,CUST_0082,64.87,EUR,PURCHASE,HEALTHCARE,2024-05-12 13:51:07,False,99151.05
TXN_00009148,CUST_0091,69.64,EUR,PURCHASE,UTILITIES,2024-05-12 15:04:12,False,23465.8
TXN_00006344,CUST_0177,75.19,EUR,TRANSFER,UTILITIES,2024-05-12 15:51:02,False,1269.56
TXN_00002955,CUST_0049,37.57,EUR,WITHDRAWAL,HEALTHCARE,2024-05-12 16:30:12,False,50790.54
TXN_00000940,CUST_0034,96.02,EUR,PURCHASE,GROCERY,2024-05-12 18:41:19,False,4967.53
TXN_00005219,CUST_0037,305.93,EUR,PURCHASE,HEALTHCARE,2024-05-12 18:52:23,False,23169.67
TXN_00007986,CUST_0067,350.9,EUR,WITHDRAWAL,DINING,2024-05-12 19:08:42,False,801.64
TXN_00000894,CUST_0071,170.15,EUR,TRANSFER,DINING,2024-05-12 21:10:14,False,78750.32
TXN_00005016,CUST_0039,723.78,EUR,PURCHASE,TRAVEL,2024-05-12 21:43:24,False,37864.12
TXN_00009569,CUST_0102,526.15,EUR,PURCHASE,UTILITIES,2024-05-12 21:51:08,False,53294.18
TXN_00001625,CUST_0026,19.94,USD,PURCHASE,GROCERY,2024-05-13 05:15:19,False,21535.31
TXN_00005682,CUST_0000,311.32,EUR,TRANSFER,HEALTHCARE,2024-05-13 07:54:19,False,71316.85
TXN_00008428,CUST_0000,2236.72,GBP,PURCHASE,TRAVEL,2024-05-13 08:07:53,False,57330.19
TXN_00000694,CUST_0155,521.4,EUR,PURCHASE,HEALTHCARE,2024-05-13 08:10:01,False,27560.4
TXN_00005263,CUST_0110,172.17,EUR,WITHDRAWAL,ELECTRONICS,2024-05-13 09:24:02,False,67066.88
TXN_00000883,CUST_0092,142.56,EUR,PURCHASE,ELECTRONICS,2024-05-13 10:06:31,False,33321.79
TXN_00001639,CUST_0021,592.04,USD,TRANSFER,UTILITIES,2024-05-13 10:12:35,False,67333.84
TXN_00003422,CUST_0165,16.87,EUR,WITHDRAWAL,GROCERY,2024-05-13 10:29:37,False,60163.94
TXN_00005445,CUST_0014,136.44,EUR,PURCHASE,GROCERY,2024-05-13 10:40:38,False,97763.06
TXN_00007959,CUST_0117,52.69,EUR,PURCHASE,DINING,2024-05-13 10:57:53,False,36061.09
TXN_00000538,CUST_0109,1777.63,EUR,PURCHASE,GROCERY,2024-05-13 11:13:08,False,4053.91
TXN_00005228,CUST_0047,-65.63,EUR,REFUND,GROCERY,2024-05-13 11:28:36,False,56227.22
TXN_00002694,CUST_0005,150.93,EUR,WITHDRAWAL,HEALTHCARE,2024-05-13 11:42:18,False,53866.96
TXN_00004179,CUST_0033,22.0,EUR,TRANSFER,TRAVEL,2024-05-13 11:46:16,False,51149.98
TXN_00006311,CUST_0168,44.11,EUR,PURCHASE,HEALTHCARE,2024-05-13 12:15:24,False,75494.69
TXN_00001932,CUST_0147,427.64,GBP,PURCHASE,ELECTRONICS,2024-05-13 12:23:17,False,28892.58
TXN_00001513,CUST_0015,108.8,EUR,PURCHASE,ELECTRONICS,2024-05-13 12:28:24,False,22615.12
TXN_00004462,CUST_0037,892.25,EUR,PURCHASE,DINING,2024-05-13 12:42:51,False,94283.24
TXN_00002750,CUST_0126,152.31,EUR,WITHDRAWAL,GROCERY,2024-05-13 12:43:52,False,736.7
TXN_00006936,CUST_0106,-717.96,EUR,REFUND,UTILITIES,2024-05-13 13:08:39,False,54851.14
TXN_00002755,CUST_0150,16.12,GBP,TRANSFER,ELECTRONICS,2024-05-13 13:36:20,False,93587.87
TXN_00003406,CUST_0017,137.1,GBP,WITHDRAWAL,DINING,2024-05-13 13:53:01,False,93849.78
TXN_00005834,CUST_0045,423.9,USD,WITHDRAWAL,TRAVEL,2024-05-13 15:29:45,False,12375.52
TXN_00003120,CUST_0196,688.63,USD,PURCHASE,,2024-05-13 16:06:33,False,8496.66
TXN_00005345,CUST_0035,477.69,EUR,TRANSFER,HEALTHCARE,2024-05-13 16:33:55,False,89733.67
TXN_00007540,CUST_0195,321.33,USD,WITHDRAWAL,HEALTHCARE,2024-05-13 16:43:33,False,12423.04
TXN_00000388,CUST_0175,591.61,GBP,PURCHASE,HEALTHCARE,2024-05-13 17:10:57,False,35380.15
TXN_00008429,CUST_0140,59.35,EUR,PURCHASE,UTILITIES,2024-05-13 17:28:50,False,76974.97
TXN_00004262,CUST_0041,6041.68,EUR,WITHDRAWAL,TRAVEL,2024-05-13 17:53:04,False,65706.48
TXN_00009413,CUST_0138,27.54,EUR,PURCHASE,,2024-05-13 17:57:46,False,49679.69
TXN_00007421,CUST_0080,132.42,USD,WITHDRAWAL,HEALTHCARE,2024-05-13 19:15:31,False,96665.55
TXN_00009657,CUST_0190,316.74,EUR,WITHDRAWAL,ELECTRONICS,2024-05-13 19:15:59,False,57148.22
TXN_00006705,CUST_0065,237.04,EUR,PURCHASE,ELECTRONICS,2024-05-13 21:23:50,False,670.41
TXN_00005649,CUST_0198,462.98,EUR,TRANSFER,TRAVEL,2024-05-13 21:27:34,False,90996.59
TXN_00002029,CUST_0189,215.8,USD,PURCHASE,DINING,2024-05-14 06:29:27,False,55508.73
TXN_00009809,CUST_0004,87.36,GBP,WITHDRAWAL,UTILITIES,2024-05-14 07:00:17,True,5268.02
TXN_00002593,CUST_0005,152.92,EUR,TRANSFER,UTILITIES,2024-05-14 07:49:07,False,85747.62
TXN_00008762,CUST_0115,479.9,EUR,TRANSFER,ELECTRONICS,2024-05-14 07:53:36,False,81094.85
TXN_00004309,CUST_0109,200.48,EUR,TRANSFER,GROCERY,2024-05-14 08:11:57,False,30240.34
TXN_00003118,CUST_0121,52.21,EUR,PURCHASE,,2024-05-14 09:02:01,False,14030.19
TXN_00009096,CUST_0074,32.45,EUR,TRANSFER,UTILITIES,2024-05-14 09:50:18,False,55703.45
TXN_00006623,CUST_0046,230.72,EUR,PURCHASE,DINING,2024-05-14 10:19:27,False,8241.66
TXN_00009942,CUST_0114,404.46,USD,TRANSFER,TRAVEL,2024-05-14 10:27:35,False,95552.85
TXN_00007269,CUST_0102,51.64,GBP,PURCHASE,TRAVEL,2024-05-14 10:41:34,False,56987.47
TXN_00003247,CUST_0104,303.32,EUR,PURCHASE,TRAVEL,2024-05-14 11:41:12,False,11045.86
TXN_00008333,CUST_0003,244.26,GBP,PURCHASE,GROCERY,2024-05-14 11:42:59,False,10540.99
TXN_00002719,CUST_0097,1172.16,EUR,TRANSFER,UTILITIES,2024-05-14 11:56:07,False,27161.35
TXN_00005822,CUST_0018,45.6,EUR,PURCHASE,TRAVEL,2024-05-14 12:02:39,False,90841.05
TXN_00001468,CUST_0034,723.78,USD,PURCHASE,UTILITIES,2024-05-14 14:05:26,False,85176.35
TXN_00002727,CUST_0044,35.56,EUR,PURCHASE,UTILITIES,2024-05-14 14:15:18,False,98369.5
TXN_00009387,CUST_0186,70.71,EUR,PURCHASE,ELECTRONICS,2024-05-14 16:45:57,False,41140.06
TXN_00004009,CUST_0078,1432.77,EUR,TRANSFER,ELECTRONICS,2024-05-14 17:06:46,False,2402.73
TXN_00003593,CUST_0021,34.27,EUR,PURCHASE,ELECTRONICS,2024-05-14 17:11:33,False,56755.49
TXN_00005060,CUST_0177,196.91,EUR,TRANSFER,TRAVEL,2024-05-14 17:29:29,False,80058.93
TXN_00008720,CUST_0046,91.65,EUR,PURCHASE,HEALTHCARE,2024-05-14 19:09:18,False,17327.26
TXN_00009906,CUST_0183,15.29,EUR,PURCHASE,TRAVEL,2024-05-15 04:01:58,False,1991.76
TXN_00000741,CUST_0037,194.82,EUR,PURCHASE,GROCERY,2024-05-15 04:18:59,True,60108.42
TXN_00003014,CUST_0156,29.7,EUR,PURCHASE,HEALTHCARE,2024-05-15 06:29:29,False,60492.36
TXN_00006637,CUST_0031,1998.67,EUR,PURCHASE,ELECTRONICS,2024-05-15 07:36:02,False,26954.84
TXN_00009245,CUST_0088,136.29,EUR,PURCHASE,ELECTRONICS,2024-05-15 08:00:04,False,27071.4
TXN_00002784,CUST_0139,336.06,EUR,PURCHASE,DINING,2024-05-15 08:17:06,False,89756.38
TXN_00008887,CUST_0036,600.02,USD,PURCHASE,DINING,2024-05-15 08:24:23,False,11660.39
TXN_00008698,CUST_0137,272.72,USD,TRANSFER,ELECTRONICS,2024-05-15 08:25:49,False,83529.59
TXN_00006913,CUST_0184,786.84,EUR,TRANSFER,TRAVEL,2024-05-15 09:08:44,False,92581.83
TXN_00000587,CUST_0076,4508.1,USD,TRANSFER,TRAVEL,2024-05-15 09:39:24,False,54795.21
TXN_00009174,CUST_0161,102.37,USD,PURCHASE,GROCERY,2024-05-15 10:27:32,False,4193.17
TXN_00005897,CUST_0189,9.21,EUR,TRANSFER,GROCERY,2024-05-15 10:41:25,False,85063.07
TXN_00005650,CUST_0053,473.5,EUR,PURCHASE,HEALTHCARE,2024-05-15 10:50:50,False,23492.66
TXN_00009373,CUST_0040,600.94,USD,WITHDRAWAL,ELECTRONICS,2024-05-15 11:26:35,False,29734.83
TXN_00008623,CUST_0074,34.58,USD,PURCHASE,ELECTRONICS,2024-05-15 11:33:24,False,58406.32
TXN_00003319,CUST_0086,140.6,EUR,PURCHASE,HEALTHCARE,2024-05-15 11:38:07,False,36981.38
TXN_00008591,CUST_0042,245.8,EUR,PURCHASE,HEALTHCARE,2024-05-15 11:56:17,False,56440.58
TXN_00007273,CUST_0127,2779.95,EUR,PURCHASE,DINING,2024-05-15 12:05:28,True,72866.1
TXN_00004490,CUST_0072,601.88,USD,PURCHASE,GROCERY,2024-05-15 12:20:30,True,34963.31
TXN_00009187,CUST_0142,66.13,USD,PURCHASE,UTILITIES,2024-05-15 12:34:17,False,3554.28
TXN_00002035,CUST_0024,564.5,GBP,PURCHASE,UTILITIES,2024-05-15 12:41:53,False,27184.02
TXN_00008515,CUST_0168,558.64,USD,PURCHASE,UTILITIES,2024-05-15 12:47:53,False,16501.16
TXN_00006415,CUST_0025,179.02,EUR,PURCHASE,UTILITIES,2024-05-15 13:25:44,False,4522.6
TXN_00004768,CUST_0128,128.61,USD,PURCHASE,TRAVEL,2024-05-15 13:40:48,False,34703.1
TXN_00000609,CUST_0157,70.36,USD,TRANSFER,HEALTHCARE,2024-05-15 13:41:57,False,65275.98
TXN_00009113,CUST_0144,187.29,EUR,TRANSFER,DINING,2024-05-15 13:58:37,False,99301.32
TXN_00005214,CUST_0192,605.15,USD,TRANSFER,ELECTRONICS,2024-05-15 13:59:00,False,12485.61
TXN_00003457,CUST_0079,197.57,EUR,PURCHASE,UTILITIES,2024-05-15 14:29:26,False,32482.44
TXN_00006520,CUST_0034,210.24,EUR,TRANSFER,HEALTHCARE,2024-05-15 15:51:42,False,80040.23
TXN_00008742,CUST_0012,1493.59,EUR,WITHDRAWAL,DINING,2024-05-15 15:57:53,False,53518.57
TXN_00007386,CUST_0004,115.44,EUR,PURCHASE,GROCERY,2024-05-15 17:14:27,False,45621.57
TXN_00009834,CUST_0019,475.46,EUR,PURCHASE,TRAVEL,2024-05-15 17:48:29,False,17165.13
TXN_00009736,CUST_0039,45.52,EUR,PURCHASE,TRAVEL,2024-05-15 19:21:56,False,76999.47
TXN_00000463,CUST_0182,389.04,EUR,WITHDRAWAL,TRAVEL,2024-05-15 21:46:39,False,28604.31
TXN_00003215,CUST_0163,70.11,EUR,PURCHASE,UTILITIES,2024-05-16 04:16:37,False,83983.04
TXN_00004295,CUST_0064,146.83,EUR,PURCHASE,GROCERY,2024-05-16 06:30:06,False,70240.38
TXN_00008692,CUST_0117,68.21,USD,PURCHASE,TRAVEL,2024-05-16 06:30:26,False,50401.12
TXN_00008206,CUST_0083,22.39,EUR,PURCHASE,HEALTHCARE,2024-05-16 07:15:29,False,17128.68
TXN_00001375,CUST_0118,363.72,EUR,WITHDRAWAL,GROCERY,2024-05-16 08:19:55,False,19649.45
TXN_00009573,CUST_0112,692.21,GBP,WITHDRAWAL,UTILITIES,2024-05-16 10:26:54,False,54716.85
TXN_00007202,CUST_0156,1993.86,EUR,WITHDRAWAL,ELECTRONICS,2024-05-16 10:34:05,False,18346.67
TXN_00008029,CUST_0119,76.17,EUR,PURCHASE,UTILITIES,2024-05-16 10:40:50,False,32640.09
TXN_00004820,CUST_0132,28.07,EUR,PURCHASE,DINING,2024-05-16 10:44:54,False,63345.0
TXN_00002064,CUST_0063,508.56,EUR,TRANSFER,ELECTRONICS,2024-05-16 11:06:14,False,10844.83
TXN_00009374,CUST_0013,333.44,EUR,TRANSFER,GROCERY,2024-05-16 11:39:29,False,12844.83
TXN_00003735,CUST_0170,137.26,EUR,PURCHASE,TRAVEL,2024-05-16 11:48:06,False,57439.21
TXN_00009073,CUST_0127,268.24,EUR,WITHDRAWAL,ELECTRONICS,2024-05-16 11:50:29,False,95344.18
TXN_00004777,CUST_0091,380.81,EUR,PURCHASE,GROCERY,2024-05-16 12:12:36,False,9310.15
TXN_00001217,CUST_0092,109.39,USD,PURCHASE,GROCERY,2024-05-16 12:46:15,False,16439.02
TXN_00007495,CUST_0098,949.73,EUR,PURCHASE,HEALTHCARE,2024-05-16 12:50:47,False,84676.27
TXN_00000330,CUST_0066,63.79,USD,TRANSFER,TRAVEL,2024-05-16 12:58:22,False,33862.47
TXN_00008949,CUST_0047,-283.22,EUR,REFUND,DINING,2024-05-16 13:02:09,False,10594.78
TXN_00000686,CUST_0012,179.98,EUR,WITHDRAWAL,ELECTRONICS,2024-05-16 13:15:00,False,36490.33
TXN_00007697,CUST_0005,149.3,GBP,PURCHASE,HEALTHCARE,2024-05-16 13:32:23,False,62170.82
TXN_00005776,CUST_0087,-281.45,EUR,REFUND,UTILITIES,2024-05-16 13:51:50,False,91741.34
TXN_00003242,CUST_0189,4052.22,EUR,PURCHASE,TRAVEL,2024-05-16 14:31:44,False,35214.29
TXN_00008299,CUST_0154,61.66,EUR,PURCHASE,ELECTRONICS,2024-05-16 14:38:45,False,55092.82
TXN_00008504,CUST_0035,571.45,EUR,PURCHASE,HEALTHCARE,2024-05-16 14:43:38,False,59410.53
TXN_00005037,CUST_0154,1700.19,EUR,PURCHASE,ELECTRONICS,2024-05-16 15:02:15,False,62394.57
TXN_00003036,CUST_0135,744.81,EUR,PURCHASE,GROCERY,2024-05-16 16:04:40,False,6796.57
TXN_00009326,CUST_0166,2497.38,EUR,PURCHASE,ELECTRONICS,2024-05-16 16:13:51,False,98762.02
TXN_00004259,CUST_0047,130.08,EUR,PURCHASE,UTILITIES,2024-05-16 17:09:47,False,29391.74
TXN_00009996,CUST_0091,-112.51,EUR,REFUND,ELECTRONICS,2024-05-16 17:44:51,False,51716.47
TXN_00006445,CUST_0183,466.65,EUR,TRANSFER,UTILITIES,2024-05-16 18:38:34,False,47059.37
TXN_00001469,CUST_0078,-54.66,EUR,REFUND,TRAVEL,2024-05-16 18:52:44,False,19310.1
TXN_00000231,CUST_0109,187.33,USD,PURCHASE,UTILITIES,2024-05-16 19:33:11,False,23474.18
TXN_00001007,CUST_0161,13.02,EUR,PURCHASE,,2024-05-16 19:35:18,False,25392.04
TXN_00006158,CUST_0084,58.08,EUR,PURCHASE,DINING,2024-05-16 19:51:19,False,45121.57
TXN_00007555,CUST_0015,201.1,EUR,PURCHASE,ELECTRONICS,2024-05-16 19:51:30,False,7746.91
TXN_00000042,CUST_0156,817.47,EUR,TRANSFER,HEALTHCARE,2024-05-16 20:41:43,False,2060.72
TXN_00000668,CUST_0195,311.11,EUR,WITHDRAWAL,UTILITIES,2024-05-17 04:20:19,False,61767.46
TXN_00001322,CUST_0154,45.07,GBP,PURCHASE,UTILITIES,2024-05-17 05:16:31,False,6963.12
TXN_00007644,CUST_0095,204.37,EUR,PURCHASE,TRAVEL,2024-05-17 06:16:46,False,80050.68
TXN_00002199,CUST_0080,336.81,EUR,PURCHASE,TRAVEL,2024-05-17 07:58:41,False,56427.82
TXN_00005828,CUST_0163,274.18,EUR,TRANSFER,HEALTHCARE,2024-05-17 08:38:20,True,84490.79
TXN_00004861,CUST_0109,758.26,USD,TRANSFER,DINING,2024-05-17 09:16:42,False,63917.25
TXN_00009355,CUST_0160,1189.58,USD,PURCHASE,UTILITIES,2024-05-17 10:10:39,False,57361.82
TXN_00004425,CUST_0114,161.36,GBP,WITHDRAWAL,HEALTHCARE,2024-05-17 10:21:39,False,21031.04
TXN_00006417,CUST_0167,150.82,EUR,TRANSFER,HEALTHCARE,2024-05-17 12:02:06,False,78107.83
TXN_00007691,CUST_0036,34.06,EUR,WITHDRAWAL,HEALTHCARE,2024-05-17 12:06:38,False,90528.79
TXN_00009128,CUST_0131,138.41,EUR,PURCHASE,DINING,2024-05-17 12:29:32,False,7307.58
TXN_00009999,CUST_0027,163.7,EUR,PURCHASE,TRAVEL,2024-05-17 12:33:13,False,87169.58
TXN_00004784,CUST_0131,667.7,USD,PURCHASE,HEALTHCARE,2024-05-17 12:47:22,False,25754.1
TXN_00004158,CUST_0015,187.27,EUR,WITHDRAWAL,GROCERY,2024-05-17 13:00:51,False,49705.97
TXN_00000183,CUST_0015,18.01,EUR,TRANSFER,GROCERY,2024-05-17 13:55:16,False,15219.46
TXN_00004586,CUST_0116,136.87,USD,WITHDRAWAL,UTILITIES,2024-05-17 14:30:36,False,11149.39
TXN_00003802,CUST_0100,89.24,EUR,PURCHASE,DINING,2024-05-17 14:50:32,False,33128.35
TXN_00002980,CUST_0142,51.36,EUR,PURCHASE,HEALTHCARE,2024-05-17 15:22:03,False,80553.89
TXN_00003947,CUST_0050,1113.33,GBP,WITHDRAWAL,DINING,2024-05-17 15:51:28,False,96397.52
TXN_00001008,CUST_0044,399.66,EUR,PURCHASE,ELECTRONICS,2024-05-17 17:41:31,False,3317.06
TXN_00006223,CUST_0000,33.16,EUR,PURCHASE,UTILITIES,2024-05-17 19:05:07,False,60454.96
TXN_00005879,CUST_0011,186.51,EUR,WITHDRAWAL,UTILITIES,2024-05-17 19:37:43,False,44919.72
TXN_00002641,CUST_0065,51.94,EUR,PURCHASE,DINING,2024-05-17 19:43:20,False,50892.64
TXN_00007973,CUST_0175,115.04,EUR,PURCHASE,UTILITIES,2024-05-18 08:16:31,False,4820.94
TXN_00004775,CUST_0177,156.46,EUR,PURCHASE,TRAVEL,2024-05-18 08:20:51,False,83367.68
TXN_00006537,CUST_0027,1978.39,USD,PURCHASE,TRAVEL,2024-05-18 08:22:01,True,86012.81
TXN_00001950,CUST_0157,167.07,EUR,TRANSFER,UTILITIES,2024-05-18 08:34:47,False,53783.66
TXN_00002411,CUST_0105,109.43,EUR,PURCHASE,ELECTRONICS,2024-05-18 08:54:19,False,39395.53
TXN_00006614,CUST_0136,390.94,EUR,WITHDRAWAL,TRAVEL,2024-05-18 09:10:21,False,50880.08
TXN_00006569,CUST_0112,300.7,EUR,PURCHASE,TRAVEL,2024-05-18 10:46:05,False,60381.66
TXN_00001677,CUST_0112,913.35,EUR,PURCHASE,UTILITIES,2024-05-18 11:01:57,False,28605.08
TXN_00007927,CUST_0100,417.04,EUR,TRANSFER,DINING,2024-05-18 11:41:51,False,81237.86
TXN_00007222,CUST_0012,641.05,USD,PURCHASE,DINING,2024-05-18 12:19:31,False,36556.8
TXN_00008209,CUST_0121,2849.67,EUR,TRANSFER,TRAVEL,2024-05-18 12:33:18,False,20183.19
TXN_00004943,CUST_0003,103.82,USD,PURCHASE,ELECTRONICS,2024-05-18 12:34:26,False,97764.21
TXN_00002017,CUST_0137,439.92,GBP,PURCHASE,GROCERY,2024-05-18 12:36:17,False,47115.8
TXN_00007665,CUST_0168,54.75,EUR,PURCHASE,ELECTRONICS,2024-05-18 13:26:22,False,96663.72
TXN_00004435,CUST_0046,850.51,EUR,PURCHASE,DINING,2024-05-18 13:31:39,False,33722.87
TXN_00006976,CUST_0188,36.57,EUR,TRANSFER,ELECTRONICS,2024-05-18 14:12:03,False,39884.4
TXN_00007129,CUST_0014,824.89,EUR,WITHDRAWAL,,2024-05-18 14:15:03,False,93561.36
TXN_00005562,CUST_0023,145.94,USD,TRANSFER,,2024-05-18 15:41:22,False,54067.27
TXN_00009727,CUST_0081,1574.32,USD,PURCHASE,HEALTHCARE,2024-05-18 16:18:37,False,37773.88
TXN_00004794,CUST_0023,684.28,USD,PURCHASE,TRAVEL,2024-05-18 17:05:49,False,76149.88
TXN_00007264,CUST_0106,1422.29,EUR,WITHDRAWAL,HEALTHCARE,2024-05-18 17:30:56,False,83077.03
TXN_00009465,CUST_0173,1404.06,EUR,PURCHASE,UTILITIES,2024-05-18 21:23:27,False,45160.56
TXN_00000860,CUST_0018,242.28,EUR,PURCHASE,UTILITIES,2024-05-19 03:40:34,False,31662.81
TXN_00006193,CUST_0058,569.54,EUR,PURCHASE,UTILITIES,2024-05-19 05:31:01,False,55137.95
TXN_00001890,CUST_0145,74.72,EUR,PURCHASE,DINING,2024-05-19 06:11:34,False,89508.73
TXN_00005035,CUST_0032,1123.68,USD,PURCHASE,ELECTRONICS,2024-05-19 06:40:49,False,63155.55
TXN_00009974,CUST_0150,105.91,EUR,TRANSFER,HEALTHCARE,2024-05-19 07:23:25,False,50319.38
TXN_00002721,CUST_0107,2723.57,GBP,WITHDRAWAL,ELECTRONICS,2024-05-19 07:47:30,False,21515.2
TXN_00008070,CUST_0013,-89.16,USD,REFUND,UTILITIES,2024-05-19 08:52:51,False,68672.94
TXN_00006427,CUST_0130,33.5,EUR,PURCHASE,HEALTHCARE,2024-05-19 09:09:23,False,24887.92
TXN_00004538,CUST_0106,70.51,USD,PURCHASE,HEALTHCARE,2024-05-19 09:12:16,False,89923.54
TXN_00008119,CUST_0146,199.89,EUR,WITHDRAWAL,ELECTRONICS,2024-05-19 11:17:05,False,3189.52
TXN_00002843,CUST_0049,75.51,EUR,PURCHASE,HEALTHCARE,2024-05-19 13:25:26,False,60021.08
TXN_00007168,CUST_0105,231.8,EUR,WITHDRAWAL,ELECTRONICS,2024-05-19 13:29:04,False,6481.18
TXN_00003231,CUST_0112,125.62,EUR,PURCHASE,GROCERY,2024-05-19 13:54:40,False,22055.38
TXN_00006293,CUST_0133,772.23,GBP,PURCHASE,HEALTHCARE,2024-05-19 14:21:26,False,47294.16
TXN_00004918,CUST_0131,16.92,EUR,WITHDRAWAL,TRAVEL,2024-05-19 14:27:39,False,82049.8
TXN_00009307,CUST_0005,670.99,EUR,WITHDRAWAL,ELECTRONICS,2024-05-19 14:50:42,False,59965.24
TXN_00004803,CUST_0018,1209.59,EUR,WITHDRAWAL,GROCERY,2024-05-19 15:12:07,False,96697.27
TXN_00001580,CUST_0150,41.62,EUR,WITHDRAWAL,TRAVEL,2024-05-19 15:19:00,False,52794.62
TXN_00009201,CUST_0133,175.8,USD,PURCHASE,ELECTRONICS,2024-05-19 16:02:14,False,22851.33
TXN_00001682,CUST_0002,108.69,EUR,PURCHASE,ELECTRONICS,2024-05-19 16:04:25,False,44266.49
TXN_00007528,CUST_0142,303.97,EUR,PURCHASE,HEALTHCARE,2024-05-19 17:20:34,False,34740.99
TXN_00003672,CUST_0129,117.77,EUR,PURCHASE,GROCERY,2024-05-19 17:43:56,False,39424.41
TXN_00005192,CUST_0033,101.94,EUR,TRANSFER,GROCERY,2024-05-19 18:17:53,False,26825.38
TXN_00001656,CUST_0007,631.65,EUR,PURCHASE,GROCERY,2024-05-19 23:10:59,False,62332.91
TXN_00002932,CUST_0036,58.9,EUR,TRANSFER,ELECTRONICS,2024-05-20 04:55:37,False,95739.83
TXN_00002481,CUST_0050,78.62,EUR,TRANSFER,ELECTRONICS,2024-05-20 06:01:06,False,96888.18
TXN_00006135,CUST_0054,52.45,EUR,PURCHASE,ELECTRONICS,2024-05-20 08:14:50,False,2012.69
TXN_00000145,CUST_0072,182.0,GBP,PURCHASE,TRAVEL,2024-05-20 08:49:27,False,78481.38
TXN_00007306,CUST_0062,211.45,GBP,TRANSFER,TRAVEL,2024-05-20 09:12:24,False,77113.54
TXN_00002313,CUST_0110,4.51,EUR,WITHDRAWAL,DINING,2024-05-20 09:39:54,False,41405.28
TXN_00002394,CUST_0115,300.07,EUR,PURCHASE,DINING,2024-05-20 10:00:53,False,89024.53
TXN_00002565,CUST_0118,409.06,GBP,TRANSFER,DINING,2024-05-20 10:09:01,False,16909.22
TXN_00007427,CUST_0148,173.1,USD,WITHDRAWAL,DINING,2024-05-20 10:41:59,False,30468.11
TXN_00000255,CUST_0117,2502.22,USD,TRANSFER,GROCERY,2024-05-20 12:39:17,False,38479.32
TXN_00005657,CUST_0055,1614.88,EUR,TRANSFER,ELECTRONICS,2024-05-20 12:45:46,False,73567.12
TXN_00007553,CUST_0103,28.18,EUR,TRANSFER,GROCERY,2024-05-20 13:11:21,False,22390.68
TXN_00009269,CUST_0060,924.75,EUR,PURCHASE,UTILITIES,2024-05-20 13:17:11,False,21485.73
TXN_00000547,CUST_0048,54.03,EUR,PURCHASE,TRAVEL,2024-05-20 13:30:13,False,64309.82
TXN_00006271,CUST_0075,914.51,EUR,WITHDRAWAL,GROCERY,2024-05-20 13:45:37,False,55994.38
TXN_00003272,CUST_0135,179.19,EUR,PURCHASE,GROCERY,2024-05-20 13:47:22,False,97429.33
TXN_00004699,CUST_0030,255.19,EUR,PURCHASE,DINING,2024-05-20 14:06:08,False,75864.31
TXN_00007112,CUST_0162,139.69,EUR,PURCHASE,GROCERY,2024-05-20 14:12:23,False,88082.77
TXN_00003331,CUST_0039,600.34,EUR,TRANSFER,HEALTHCARE,2024-05-20 14:15:21,False,36135.99
TXN_00002949,CUST_0142,39.68,EUR,TRANSFER,UTILITIES,2024-05-20 14:35:38,False,2642.06
TXN_00003420,CUST_0140,69.89,EUR,WITHDRAWAL,TRAVEL,2024-05-20 14:46:43,False,84923.35
TXN_00007389,CUST_0057,81.81,USD,TRANSFER,ELECTRONICS,2024-05-20 15:13:31,False,1647.03
TXN_00000988,CUST_0035,42.13,GBP,PURCHASE,DINING,2024-05-20 15:22:13,False,49352.91
TXN_00009850,CUST_0153,21.07,GBP,PURCHASE,HEALTHCARE,2024-05-20 15:37:09,False,24532.62
TXN_00004522,CUST_0096,107.93,EUR,TRANSFER,UTILITIES,2024-05-20 15:53:00,False,63934.83
TXN_00006100,CUST_0183,10.28,USD,PURCHASE,ELECTRONICS,2024-05-20 16:51:52,False,47112.26
TXN_00000496,CUST_0114,561.5,USD,PURCHASE,TRAVEL,2024-05-20 17:21:27,False,11075.85
TXN_00001455,CUST_0057,584.07,EUR,WITHDRAWAL,DINING,2024-05-20 19:51:59,False,25424.75
TXN_00002178,CUST_0149,110.69,GBP,PURCHASE,TRAVEL,2024-05-20 21:23:08,False,50685.32
TXN_00005041,CUST_0142,213.23,EUR,PURCHASE,GROCERY,2024-05-20 21:41:43,False,99898.75
TXN_00004339,CUST_0114,16.64,EUR,TRANSFER,TRAVEL,2024-05-20 21:50:23,False,84757.36
TXN_00009183,CUST_0003,99.9,USD,PURCHASE,TRAVEL,2024-05-20 22:31:18,False,86679.88
TXN_00007882,CUST_0138,1077.0,EUR,PURCHASE,DINING,2024-05-21 05:06:52,False,71322.97
TXN_00008553,CUST_0002,61.91,USD,PURCHASE,DINING,2024-05-21 06:00:03,False,51990.73
TXN_00004144,CUST_0138,548.13,EUR,TRANSFER,TRAVEL,2024-05-21 06:44:12,False,24744.4
TXN_00007100,CUST_0186,223.42,EUR,WITHDRAWAL,ELECTRONICS,2024-05-21 07:30:55,False,27466.02
TXN_00009115,CUST_0100,420.45,USD,PURCHASE,ELECTRONICS,2024-05-21 08:33:57,False,15402.95
TXN_00005040,CUST_0010,68.46,EUR,TRANSFER,GROCERY,2024-05-21 09:41:37,False,72856.97
TXN_00002030,CUST_0191,233.54,USD,PURCHASE,ELECTRONICS,2024-05-21 10:05:26,False,66967.1
TXN_00004346,CUST_0123,-96.15,EUR,REFUND,GROCERY,2024-05-21 10:43:05,False,94221.83
TXN_00007820,CUST_0104,131.71,EUR,PURCHASE,GROCERY,2024-05-21 10:59:30,False,1920.25
TXN_00003993,CUST_0091,182.26,EUR,WITHDRAWAL,ELECTRONICS,2024-05-21 11:07:01,False,90688.74
TXN_00002461,CUST_0027,1072.6,EUR,TRANSFER,,2024-05-21 11:43:15,False,58816.17
TXN_00000708,CUST_0179,469.15,EUR,TRANSFER,HEALTHCARE,2024-05-21 12:08:34,False,70648.65
TXN_00005003,CUST_0178,29.61,EUR,TRANSFER,TRAVEL,2024-05-21 13:15:55,False,42606.04
TXN_00000089,CUST_0179,70.67,GBP,PURCHASE,ELECTRONICS,2024-05-21 14:11:50,False,87818.93
TXN_00007915,CUST_0070,678.0,GBP,PURCHASE,ELECTRONICS,2024-05-21 14:29:23,False,57931.76
TXN_00004545,CUST_0097,39.82,EUR,TRANSFER,ELECTRONICS,2024-05-21 14:49:01,False,91058.17
TXN_00006183,CUST_0042,483.89,USD,TRANSFER,ELECTRONICS,2024-05-21 15:54:28,False,45421.47
TXN_00008138,CUST_0093,271.42,EUR,PURCHASE,GROCERY,2024-05-21 16:02:19,False,39662.07
TXN_00008097,CUST_0182,10.69,USD,PURCHASE,HEALTHCARE,2024-05-21 16:07:23,False,77533.72
TXN_00000344,CUST_0179,101.85,EUR,PURCHASE,HEALTHCARE,2024-05-21 16:17:36,True,5397.25
TXN_00008508,CUST_0198,13.78,EUR,PURCHASE,GROCERY,2024-05-21 16:31:50,False,1438.15
TXN_00003265,CUST_0189,246.39,USD,PURCHASE,UTILITIES,2024-05-21 16:36:07,False,2153.32
TXN_00000655,CUST_0054,39.68,EUR,PURCHASE,DINING,2024-05-21 16:56:36,False,52114.54
TXN_00003833,CUST_0070,149.45,EUR,PURCHASE,ELECTRONICS,2024-05-21 18:35:26,False,98315.31
TXN_00008832,CUST_0083,45.49,USD,WITHDRAWAL,GROCERY,2024-05-21 18:54:28,False,1470.54
TXN_00000466,CUST_0131,15.16,EUR,TRANSFER,GROCERY,2024-05-21 19:25:27,False,17380.32
TXN_00003462,CUST_0164,77.15,EUR,PURCHASE,UTILITIES,2024-05-21 20:55:46,False,16265.47
TXN_00003666,CUST_0170,2616.21,EUR,WITHDRAWAL,GROCERY,2024-05-22 05:51:45,False,2003.63
TXN_00002089,CUST_0005,319.12,EUR,PURCHASE,UTILITIES,2024-05-22 06:30:39,False,81303.01
TXN_00000475,CUST_0080,1839.4,USD,WITHDRAWAL,HEALTHCARE,2024-05-22 07:20:18,False,40447.96
TXN_00000415,CUST_0089,73.58,EUR,PURCHASE,ELECTRONICS,2024-05-22 08:33:41,False,57412.43
TXN_00007561,CUST_0070,3345.64,EUR,PURCHASE,UTILITIES,2024-05-22 08:40:36,False,24039.32
TXN_00000090,CUST_0169,798.89,EUR,WITHDRAWAL,ELECTRONICS,2024-05-22 09:22:21,False,54150.86
TXN_00007138,CUST_0031,385.68,EUR,PURCHASE,HEALTHCARE,2024-05-22 09:54:22,False,24422.04
TXN_00000506,CUST_0194,126.29,EUR,PURCHASE,UTILITIES,2024-05-22 10:10:09,False,25048.77
TXN_00005548,CUST_0186,61.41,EUR,WITHDRAWAL,TRAVEL,2024-05-22 10:11:38,False,12537.27
TXN_00007060,CUST_0121,1805.97,EUR,PURCHASE,ELECTRONICS,2024-05-22 10:30:51,False,29026.21
TXN_00002850,CUST_0094,-68.35,EUR,REFUND,TRAVEL,2024-05-22 11:23:12,False,39890.05
TXN_00000654,CUST_0072,186.24,EUR,PURCHASE,HEALTHCARE,2024-05-22 11:25:43,False,70753.04
TXN_00009402,CUST_0122,1893.76,EUR,WITHDRAWAL,GROCERY,2024-05-22 11:39:58,False,65832.05
TXN_00006285,CUST_0091,71.79,EUR,PURCHASE,TRAVEL,2024-05-22 11:52:47,False,67780.61
TXN_00005740,CUST_0163,462.61,EUR,WITHDRAWAL,GROCERY,2024-05-22 12:45:15,False,61375.85
TXN_00009911,CUST_0040,495.97,EUR,PURCHASE,HEALTHCARE,2024-05-22 13:07:43,False,95284.07
TXN_00002287,CUST_0049,55.84,EUR,PURCHASE,HEALTHCARE,2024-05-22 13:31:32,False,96553.45
TXN_00009971,CUST_0008,405.41,EUR,TRANSFER,TRAVEL,2024-05-22 13:34:08,False,92870.62
TXN_00000536,CUST_0196,433.77,EUR,WITHDRAWAL,ELECTRONICS,2024-05-22 13:34:29,False,50905.78
TXN_00004143,CUST_0121,124.84,USD,WITHDRAWAL,HEALTHCARE,2024-05-22 14:37:13,False,97464.61
TXN_00000033,CUST_0121,237.77,USD,TRANSFER,UTILITIES,2024-05-22 14:42:28,False,54653.79
TXN_00001895,CUST_0039,1010.14,EUR,PURCHASE,UTILITIES,2024-05-22 15:05:55,False,96717.87
TXN_00004657,CUST_0180,500.49,USD,TRANSFER,DINING,2024-05-22 15:25:55,False,45786.86
TXN_00001951,CUST_0061,135.79,USD,TRANSFER,HEALTHCARE,2024-05-22 15:59:30,False,79454.4
TXN_00004758,CUST_0196,318.87,EUR,PURCHASE,,2024-05-22 16:16:33,False,85661.44
TXN_00000134,CUST_0190,30.7,EUR,TRANSFER,TRAVEL,2024-05-23 05:24:51,False,20486.02
TXN_00003920,CUST_0036,6.49,USD,PURCHASE,DINING,2024-05-23 06:39:43,False,81158.84
TXN_00006700,CUST_0065,540.75,EUR,PURCHASE,HEALTHCARE,2024-05-23 07:56:27,False,76014.39
TXN_00003521,CUST_0094,178.98,EUR,TRANSFER,GROCERY,2024-05-23 08:57:27,False,28119.41
TXN_00002857,CUST_0176,105.46,EUR,PURCHASE,UTILITIES,2024-05-23 09:09:44,True,93798.29
TXN_00001323,CUST_0017,529.39,GBP,TRANSFER,TRAVEL,2024-05-23 09:15:45,False,89214.57
TXN_00008972,CUST_0196,19.88,EUR,WITHDRAWAL,DINING,2024-05-23 09:25:43,False,34223.95
TXN_00009109,CUST_0011,93.23,EUR,TRANSFER,GROCERY,2024-05-23 09:30:01,False,40178.63
TXN_00005366,CUST_0025,642.86,EUR,PURCHASE,TRAVEL,2024-05-23 10:55:21,False,19839.8
TXN_00009743,CUST_0127,22.03,USD,PURCHASE,UTILITIES,2024-05-23 11:08:15,False,21759.79
TXN_00003279,CUST_0157,1351.85,EUR,PURCHASE,ELECTRONICS,2024-05-23 11:19:31,False,87402.51
TXN_00008417,CUST_0000,99.3,EUR,PURCHASE,HEALTHCARE,2024-05-23 11:32:32,False,34833.08
TXN_00008862,CUST_0079,2236.48,EUR,PURCHASE,HEALTHCARE,2024-05-23 11:53:46,False,96902.67
TXN_00005798,CUST_0193,218.34,EUR,PURCHASE,UTILITIES,2024-05-23 11:57:09,False,86612.9
TXN_00005480,CUST_0189,753.56,EUR,PURCHASE,GROCERY,2024-05-23 12:32:03,False,94261.79
TXN_00003222,CUST_0096,122.18,EUR,WITHDRAWAL,HEALTHCARE,2024-05-23 12:36:05,False,11808.78
TXN_00000098,CUST_0025,7219.58,EUR,WITHDRAWAL,ELECTRONICS,2024-05-23 13:29:18,False,62215.19
TXN_00001509,CUST_0120,64.43,EUR,PURCHASE,UTILITIES,2024-05-23 13:46:53,False,5420.68
TXN_00001930,CUST_0095,832.8,EUR,TRANSFER,UTILITIES,2024-05-23 13:47:00,False,56289.95
TXN_00007950,CUST_0135,2436.72,EUR,PURCHASE,HEALTHCARE,2024-05-23 13:55:15,False,37115.59
TXN_00006515,CUST_0183,57.95,EUR,PURCHASE,TRAVEL,2024-05-23 14:14:28,False,17839.74
TXN_00000831,CUST_0027,29.92,EUR,PURCHASE,DINING,2024-05-23 14:37:59,False,47510.9
TXN_00000610,CUST_0199,91.53,EUR,TRANSFER,TRAVEL,2024-05-23 15:02:00,False,83637.33
TXN_00007930,CUST_0193,138.62,EUR,PURCHASE,DINING,2024-05-23 16:49:57,False,62973.69
TXN_00004591,CUST_0147,25.62,GBP,PURCHASE,GROCERY,2024-05-23 16:56:17,False,33321.06
TXN_00009522,CUST_0007,1179.22,GBP,TRANSFER,HEALTHCARE,2024-05-23 17:32:06,False,18743.16
TXN_00008964,CUST_0114,17.32,GBP,PURCHASE,DINING,2024-05-23 18:45:06,False,7423.48
TXN_00004554,CUST_0188,245.95,EUR,TRANSFER,UTILITIES,2024-05-23 19:55:01,True,59324.94
TXN_00004439,CUST_0007,62.97,EUR,PURCHASE,TRAVEL,2024-05-23 20:03:24,False,2441.08
TXN_00005213,CUST_0092,39.31,USD,PURCHASE,TRAVEL,2024-05-23 20:51:25,False,67662.11
TXN_00000526,CUST_0173,469.18,EUR,TRANSFER,TRAVEL,2024-05-24 03:22:27,False,45799.46
TXN_00006023,CUST_0125,-290.1,EUR,REFUND,HEALTHCARE,2024-05-24 04:26:16,False,89569.27
TXN_00002509,CUST_0132,69.41,USD,WITHDRAWAL,TRAVEL,2024-05-24 06:36:26,True,74343.58
TXN_00004534,CUST_0046,2401.38,EUR,PURCHASE,HEALTHCARE,2024-05-24 07:30:04,False,13333.74
TXN_00005621,CUST_0106,118.07,EUR,PURCHASE,UTILITIES,2024-05-24 08:56:55,False,34376.83
TXN_00009369,CUST_0133,137.99,EUR,PURCHASE,HEALTHCARE,2024-05-24 09:37:27,False,62932.8
TXN_00000142,CUST_0132,69.61,EUR,PURCHASE,ELECTRONICS,2024-05-24 10:30:18,False,79209.96
TXN_00000208,CUST_0142,187.35,GBP,PURCHASE,UTILITIES,2024-05-24 11:09:02,False,4775.33
TXN_00001740,CUST_0132,1694.09,EUR,PURCHASE,TRAVEL,2024-05-24 11:30:51,False,18223.33
TXN_00004199,CUST_0182,1000.18,EUR,TRANSFER,HEALTHCARE,2024-05-24 11:45:41,False,67535.58
TXN_00003859,CUST_0061,999.32,EUR,PURCHASE,ELECTRONICS,2024-05-24 11:47:49,False,54080.35
TXN_00006337,CUST_0158,1551.1,EUR,PURCHASE,TRAVEL,2024-05-24 12:10:58,False,99274.11
TXN_00007274,CUST_0187,657.4,EUR,WITHDRAWAL,GROCERY,2024-05-24 12:41:11,False,24112.91
TXN_00005965,CUST_0029,134.96,EUR,PURCHASE,TRAVEL,2024-05-24 12:48:48,False,89544.68
TXN_00005541,CUST_0093,272.72,EUR,PURCHASE,ELECTRONICS,2024-05-24 12:58:30,False,73222.25
TXN_00007519,CUST_0160,2487.54,EUR,TRANSFER,GROCERY,2024-05-24 13:56:05,False,34442.75
TXN_00000099,CUST_0005,235.39,EUR,PURCHASE,GROCERY,2024-05-24 14:55:18,True,15928.1
TXN_00006764,CUST_0019,76.31,USD,PURCHASE,UTILITIES,2024-05-24 15:35:36,False,79337.28
TXN_00004228,CUST_0103,1035.43,EUR,WITHDRAWAL,ELECTRONICS,2024-05-24 16:14:43,False,86828.92
TXN_00009859,CUST_0098,276.19,EUR,WITHDRAWAL,TRAVEL,2024-05-24 17:21:13,False,29860.14
TXN_00007800,CUST_0134,105.49,EUR,PURCHASE,TRAVEL,2024-05-24 17:26:06,False,70963.12
TXN_00001732,CUST_0147,501.74,USD,TRANSFER,UTILITIES,2024-05-24 17:29:44,False,51177.02
TXN_00005900,CUST_0012,8270.35,USD,PURCHASE,TRAVEL,2024-05-24 18:37:03,False,48442.29
TXN_00004812,CUST_0144,367.82,EUR,PURCHASE,HEALTHCARE,2024-05-24 19:33:50,False,51763.63
TXN_00005839,CUST_0197,215.31,EUR,WITHDRAWAL,,2024-05-24 19:58:08,False,3677.87
TXN_00006665,CUST_0056,234.52,USD,TRANSFER,UTILITIES,2024-05-24 22:11:51,False,95138.65
TXN_00007963,CUST_0101,216.08,USD,PURCHASE,ELECTRONICS,2024-05-25 03:57:39,False,11899.79
TXN_00006469,CUST_0163,220.36,EUR,PURCHASE,UTILITIES,2024-05-25 06:56:13,False,13496.14
TXN_00004519,CUST_0013,305.08,EUR,TRANSFER,DINING,2024-05-25 07:26:17,False,58982.78
TXN_00004635,CUST_0006,-44.36,EUR,REFUND,TRAVEL,2024-05-25 08:19:29,False,92336.33
TXN_00003535,CUST_0190,7792.81,EUR,PURCHASE,TRAVEL,2024-05-25 09:23:59,False,38629.04
TXN_00000631,CUST_0162,23.23,GBP,WITHDRAWAL,DINING,2024-05-25 09:51:48,False,90688.58
TXN_00006666,CUST_0169,46.95,EUR,TRANSFER,HEALTHCARE,2024-05-25 09:59:02,False,98459.21
TXN_00003884,CUST_0023,204.06,USD,PURCHASE,UTILITIES,2024-05-25 10:01:08,False,93499.17
TXN_00000509,CUST_0095,175.33,USD,PURCHASE,TRAVEL,2024-05-25 10:02:41,False,16098.81
TXN_00003169,CUST_0069,25.96,GBP,TRANSFER,DINING,2024-05-25 10:46:16,False,2598.18
TXN_00005710,CUST_0082,8.03,EUR,TRANSFER,GROCERY,2024-05-25 11:15:21,False,26489.0
TXN_00008462,CUST_0137,359.34,EUR,TRANSFER,UTILITIES,2024-05-25 12:23:33,False,81558.01
TXN_00009271,CUST_0132,993.53,USD,PURCHASE,HEALTHCARE,2024-05-25 12:37:25,False,93389.85
TXN_00007715,CUST_0048,194.43,USD,PURCHASE,GROCERY,2024-05-25 12:48:50,False,85469.54
TXN_00009093,CUST_0128,-416.32,EUR,REFUND,UTILITIES,2024-05-25 13:02:17,False,52800.95
TXN_00006404,CUST_0065,57.08,EUR,PURCHASE,DINING,2024-05-25 13:06:41,False,22501.58
TXN_00003638,CUST_0033,80.27,EUR,TRANSFER,DINING,2024-05-25 13:28:21,False,55388.66
TXN_00004601,CUST_0117,219.96,USD,TRANSFER,GROCERY,2024-05-25 13:40:50,False,25203.2
TXN_00009917,CUST_0017,149.0,USD,PURCHASE,HEALTHCARE,2024-05-25 13:57:33,True,44499.22
TXN_00004242,CUST_0130,943.13,EUR,PURCHASE,UTILITIES,2024-05-25 14:52:25,False,68472.38
TXN_00002585,CUST_0199,133.56,EUR,TRANSFER,HEALTHCARE,2024-05-25 15:06:44,False,61854.65
TXN_00003419,CUST_0069,148.11,EUR,PURCHASE,TRAVEL,2024-05-25 16:29:59,False,54254.55
TXN_00001491,CUST_0019,9658.48,USD,TRANSFER,HEALTHCARE,2024-05-25 16:46:01,False,16791.91
TXN_00003057,CUST_0163,240.84,EUR,TRANSFER,DINING,2024-05-25 17:30:59,False,22108.62
TXN_00004432,CUST_0125,1740.45,EUR,PURCHASE,DINING,2024-05-25 17:52:43,False,50615.52
TXN_00008273,CUST_0022,67.36,USD,PURCHASE,GROCERY,2024-05-25 18:22:31,False,69219.29
TXN_00005724,CUST_0124,1316.69,EUR,PURCHASE,HEALTHCARE,2024-05-26 03:31:45,False,53358.35
TXN_00000759,CUST_0176,647.81,GBP,WITHDRAWAL,TRAVEL,2024-05-26 04:46:27,False,72504.75
TXN_00004112,CUST_0155,80.2,EUR,PURCHASE,GROCERY,2024-05-26 04:58:14,False,1528.93
TXN_00003389,CUST_0021,82.6,EUR,TRANSFER,DINING,2024-05-26 05:05:24,False,43472.46
TXN_00007639,CUST_0037,67.58,GBP,WITHDRAWAL,GROCERY,2024-05-26 05:23:53,False,17803.09
TXN_00002324,CUST_0080,97.12,EUR,PURCHASE,GROCERY,2024-05-26 05:49:15,False,72847.84
TXN_00004506,CUST_0047,171.32,USD,WITHDRAWAL,UTILITIES,2024-05-26 05:49:22,False,60639.92
TXN_00003306,CUST_0071,36.43,EUR,TRANSFER,ELECTRONICS,2024-05-26 07:46:45,False,96372.11
TXN_00008525,CUST_0167,862.23,EUR,PURCHASE,GROCERY,2024-05-26 08:41:12,False,95506.66
TXN_00008600,CUST_0160,333.73,EUR,PURCHASE,ELECTRONICS,2024-05-26 09:10:53,False,6079.68
TXN_00003049,CUST_0037,10.21,USD,PURCHASE,ELECTRONICS,2024-05-26 09:42:11,False,60655.15
TXN_00008321,CUST_0196,62.05,EUR,PURCHASE,ELECTRONICS,2024-05-26 10:23:55,False,21866.64
TXN_00002359,CUST_0135,1036.68,EUR,TRANSFER,TRAVEL,2024-05-26 10:42:14,False,26103.0
TXN_00006630,CUST_0166,709.54,USD,PURCHASE,DINING,2024-05-26 11:02:06,False,19595.09
TXN_00007239,CUST_0110,38.63,EUR,PURCHASE,UTILITIES,2024-05-26 11:08:11,False,21798.4
TXN_00006641,CUST_0014,40.47,GBP,WITHDRAWAL,GROCERY,2024-05-26 11:25:25,False,6719.62
TXN_00006747,CUST_0103,111.93,GBP,TRANSFER,GROCERY,2024-05-26 11:43:22,False,23611.29
TXN_00000807,CUST_0051,300.11,USD,PURCHASE,TRAVEL,2024-05-26 12:25:47,False,19386.75
TXN_00000713,CUST_0028,618.79,GBP,TRANSFER,UTILITIES,2024-05-26 12:29:13,False,35500.27
TXN_00002536,CUST_0168,80.48,USD,WITHDRAWAL,GROCERY,2024-05-26 13:32:40,False,78339.5
TXN_00002945,CUST_0038,2143.86,GBP,PURCHASE,GROCERY,2024-05-26 13:43:47,False,22626.89
TXN_00008500,CUST_0125,57.64,USD,PURCHASE,DINING,2024-05-26 14:07:19,False,92938.28
TXN_00009853,CUST_0103,214.66,EUR,PURCHASE,UTILITIES,2024-05-26 15:10:02,False,67261.6
TXN_00000062,CUST_0163,5556.04,EUR,PURCHASE,DINING,2024-05-26 15:23:53,False,47457.87
TXN_00004310,CUST_0162,304.52,EUR,WITHDRAWAL,UTILITIES,2024-05-26 16:13:02,False,78673.57
TXN_00004261,CUST_0171,2966.16,GBP,PURCHASE,TRAVEL,2024-05-26 16:42:37,False,48936.63
TXN_00005979,CUST_0093,768.26,EUR,WITHDRAWAL,TRAVEL,2024-05-26 16:57:35,False,81427.34
TXN_00000751,CUST_0175,30.8,GBP,WITHDRAWAL,DINING,2024-05-26 17:10:12,False,28115.17
TXN_00004392,CUST_0193,180.7,EUR,TRANSFER,UTILITIES,2024-05-26 17:44:28,False,78994.5
TXN_00000292,CUST_0021,6582.58,USD,PURCHASE,GROCERY,2024-05-26 18:00:46,False,2717.22
TXN_00005640,CUST_0140,3724.7,EUR,TRANSFER,HEALTHCARE,2024-05-26 18:07:44,False,2291.52
TXN_00008877,CUST_0080,-1183.3,EUR,REFUND,GROCERY,2024-05-26 18:08:17,False,33751.84
TXN_00003236,CUST_0194,476.95,GBP,PURCHASE,ELECTRONICS,2024-05-26 18:13:38,False,97642.09
TXN_00008789,CUST_0165,2662.15,EUR,PURCHASE,UTILITIES,2024-05-26 18:25:34,False,20090.62
TXN_00002052,CUST_0041,465.85,EUR,PURCHASE,TRAVEL,2024-05-26 19:46:13,False,23622.36
TXN_00007781,CUST_0118,375.01,GBP,PURCHASE,GROCERY,2024-05-27 06:43:35,False,22703.22
TXN_00007499,CUST_0049,219.99,EUR,PURCHASE,ELECTRONICS,2024-05-27 07:33:21,False,28569.39
TXN_00000411,CUST_0154,550.8,GBP,PURCHASE,ELECTRONICS,2024-05-27 08:32:09,False,42754.29
TXN_00001308,CUST_0043,387.99,EUR,PURCHASE,DINING,2024-05-27 09:01:21,False,42998.56
TXN_00005483,CUST_0190,7781.24,GBP,PURCHASE,HEALTHCARE,2024-05-27 09:10:14,False,1734.61
TXN_00005132,CUST_0103,87.03,EUR,PURCHASE,GROCERY,2024-05-27 09:18:27,False,38489.65
TXN_00008611,CUST_0055,-192.0,EUR,REFUND,DINING,2024-05-27 09:30:04,False,88905.08
TXN_00001472,CUST_0005,1578.77,EUR,PURCHASE,TRAVEL,2024-05-27 10:16:27,False,54635.58
TXN_00009603,CUST_0176,63.67,GBP,WITHDRAWAL,ELECTRONICS,2024-05-27 10:17:39,False,64271.27
TXN_00005554,CUST_0012,123.55,EUR,TRANSFER,HEALTHCARE,2024-05-27 10:48:22,False,78831.34
TXN_00000053,CUST_0181,755.85,EUR,PURCHASE,DINING,2024-05-27 10:59:58,False,2515.37
TXN_00008734,CUST_0126,665.21,EUR,WITHDRAWAL,HEALTHCARE,2024-05-27 11:41:05,False,55725.52
TXN_00003396,CUST_0050,-1280.69,EUR,REFUND,HEALTHCARE,2024-05-27 12:40:25,False,50153.09
TXN_00009589,CUST_0037,679.62,EUR,PURCHASE,UTILITIES,2024-05-27 14:14:39,False,10935.08
TXN_00004084,CUST_0016,1645.79,EUR,PURCHASE,ELECTRONICS,2024-05-27 14:50:42,False,40323.79
TXN_00008402,CUST_0018,450.39,GBP,PURCHASE,GROCERY,2024-05-27 14:55:28,False,97620.2
TXN_00004436,CUST_0137,243.07,EUR,PURCHASE,ELECTRONICS,2024-05-27 15:34:04,False,47323.65
TXN_00000937,CUST_0194,82.67,EUR,WITHDRAWAL,TRAVEL,2024-05-28 07:34:11,False,97437.87
TXN_00008319,CUST_0119,516.2,EUR,PURCHASE,HEALTHCARE,2024-05-28 07:55:47,True,23828.87
TXN_00004634,CUST_0098,-397.15,EUR,REFUND,HEALTHCARE,2024-05-28 08:19:18,False,87043.16
TXN_00004921,CUST_0069,1376.98,EUR,PURCHASE,,2024-05-28 09:19:00,False,74180.67
TXN_00002190,CUST_0153,128.83,USD,PURCHASE,ELECTRONICS,2024-05-28 09:21:19,False,26930.55
TXN_00001227,CUST_0062,105.74,GBP,PURCHASE,UTILITIES,2024-05-28 09:24:19,False,49768.87
TXN_00002632,CUST_0106,2609.29,USD,PURCHASE,TRAVEL,2024-05-28 09:40:01,False,64200.19
TXN_00005651,CUST_0147,2135.59,USD,TRANSFER,ELECTRONICS,2024-05-28 09:48:58,False,94287.58
TXN_00007541,CUST_0054,-524.66,GBP,REFUND,HEALTHCARE,2024-05-28 10:51:56,False,93713.98
TXN_00003928,CUST_0166,231.91,EUR,PURCHASE,HEALTHCARE,2024-05-28 11:03:42,False,30831.85
TXN_00008104,CUST_0142,71.46,USD,PURCHASE,DINING,2024-05-28 11:12:53,False,79622.63
TXN_00008412,CUST_0023,608.88,GBP,PURCHASE,GROCERY,2024-05-28 11:22:20,False,25073.69
TXN_00002988,CUST_0185,87.71,EUR,PURCHASE,ELECTRONICS,2024-05-28 11:25:20,False,80014.98
TXN_00000554,CUST_0068,75.86,EUR,PURCHASE,TRAVEL,2024-05-28 11:50:06,False,44659.47
TXN_00003554,CUST_0085,119.9,EUR,WITHDRAWAL,TRAVEL,2024-05-28 12:09:09,False,10058.7
TXN_00005935,CUST_0056,253.3,EUR,WITHDRAWAL,GROCERY,2024-05-28 12:09:29,False,65999.56
TXN_00006043,CUST_0135,239.41,EUR,PURCHASE,HEALTHCARE,2024-05-28 12:27:47,False,10977.78
TXN_00008773,CUST_0121,55.0,EUR,PURCHASE,GROCERY,2024-05-28 13:21:00,False,23036.0
TXN_00003078,CUST_0002,138.73,EUR,PURCHASE,UTILITIES,2024-05-28 13:36:31,False,16568.95
TXN_00005891,CUST_0142,265.13,EUR,PURCHASE,TRAVEL,2024-05-28 14:05:19,False,52537.93
TXN_00008187,CUST_0173,130.31,EUR,TRANSFER,ELECTRONICS,2024-05-28 14:24:24,False,92252.64
TXN_00004644,CUST_0134,1169.22,EUR,WITHDRAWAL,GROCERY,2024-05-28 14:35:23,False,42386.29
TXN_00005889,CUST_0134,401.66,EUR,PURCHASE,HEALTHCARE,2024-05-28 14:58:12,False,20093.39
TXN_00000591,CUST_0163,3025.65,EUR,PURCHASE,HEALTHCARE,2024-05-28 15:35:11,False,51520.95
TXN_00003934,CUST_0141,10417.71,USD,WITHDRAWAL,HEALTHCARE,2024-05-28 15:57:17,False,7454.88
TXN_00009588,CUST_0021,333.93,EUR,PURCHASE,DINING,2024-05-28 16:30:39,False,34514.05
TXN_00004438,CUST_0073,117.02,USD,PURCHASE,TRAVEL,2024-05-28 16:33:11,False,51304.65
TXN_00000869,CUST_0147,1637.43,EUR,PURCHASE,UTILITIES,2024-05-28 17:27:39,False,29561.86
TXN_00007979,CUST_0006,95.82,GBP,PURCHASE,TRAVEL,2024-05-28 17:29:22,False,90817.84
TXN_00000263,CUST_0059,488.87,EUR,PURCHASE,HEALTHCARE,2024-05-28 17:46:08,False,28921.62
TXN_00006988,CUST_0036,2802.4,GBP,WITHDRAWAL,TRAVEL,2024-05-28 18:23:48,False,9260.19
TXN_00008869,CUST_0064,268.69,USD,PURCHASE,HEALTHCARE,2024-05-28 18:55:33,False,88536.78
TXN_00004613,CUST_0160,610.24,EUR,PURCHASE,ELECTRONICS,2024-05-28 23:44:46,False,11974.73
TXN_00001047,CUST_0192,432.42,USD,TRANSFER,UTILITIES,2024-05-29 04:40:53,False,23939.88
TXN_00001425,CUST_0093,332.98,EUR,TRANSFER,GROCERY,2024-05-29 07:31:04,False,32498.36
TXN_00004646,CUST_0030,178.74,USD,PURCHASE,DINING,2024-05-29 08:10:37,False,84422.71
TXN_00002207,CUST_0126,26.8,GBP,WITHDRAWAL,TRAVEL,2024-05-29 08:17:11,False,41216.23
TXN_00006097,CUST_0179,512.35,EUR,PURCHASE,GROCERY,2024-05-29 09:02:00,False,83891.62
TXN_00003474,CUST_0190,76.15,EUR,PURCHASE,ELECTRONICS,2024-05-29 09:59:08,False,25203.2
TXN_00006011,CUST_0149,3629.65,EUR,PURCHASE,GROCERY,2024-05-29 10:51:50,False,47305.45
TXN_00002508,CUST_0084,422.74,USD,PURCHASE,UTILITIES,2024-05-29 11:15:11,False,3768.43
TXN_00001720,CUST_0199,78.24,EUR,PURCHASE,ELECTRONICS,2024-05-29 12:03:06,False,79916.7
TXN_00001935,CUST_0037,99.22,EUR,PURCHASE,TRAVEL,2024-05-29 12:53:05,False,57901.18
TXN_00008305,CUST_0189,361.42,EUR,PURCHASE,ELECTRONICS,2024-05-29 13:52:23,False,52454.59
TXN_00005247,CUST_0124,2940.41,EUR,PURCHASE,ELECTRONICS,2024-05-29 14:05:53,False,69450.67
TXN_00001344,CUST_0030,14.78,USD,PURCHASE,UTILITIES,2024-05-29 14:35:21,False,27393.79
TXN_00000505,CUST_0096,1213.39,GBP,PURCHASE,DINING,2024-05-29 14:47:36,False,71525.51
TXN_00008997,CUST_0006,1098.37,GBP,PURCHASE,HEALTHCARE,2024-05-29 15:45:11,False,48707.01
TXN_00008454,CUST_0125,114.97,GBP,WITHDRAWAL,ELECTRONICS,2024-05-29 16:36:53,False,45056.76
TXN_00008602,CUST_0097,44.75,EUR,TRANSFER,HEALTHCARE,2024-05-29 16:46:26,False,36554.55
TXN_00009231,CUST_0014,15.19,EUR,PURCHASE,DINING,2024-05-29 17:20:17,False,51202.05
TXN_00004174,CUST_0022,2.35,EUR,PURCHASE,UTILITIES,2024-05-29 17:48:28,False,73277.73
TXN_00007863,CUST_0130,157.65,USD,PURCHASE,UTILITIES,2024-05-29 19:43:16,False,48464.57
TXN_00008072,CUST_0168,83.98,USD,TRANSFER,DINING,2024-05-30 05:27:15,False,1051.99
TXN_00001498,CUST_0171,838.87,EUR,PURCHASE,DINING,2024-05-30 06:04:54,False,79217.65
TXN_00006689,CUST_0008,6091.63,USD,PURCHASE,GROCERY,2024-05-30 06:35:05,False,20045.86
TXN_00000602,CUST_0176,50.49,EUR,PURCHASE,TRAVEL,2024-05-30 08:21:21,False,1508.76
TXN_00000532,CUST_0068,229.27,EUR,PURCHASE,HEALTHCARE,2024-05-30 09:20:01,False,68460.61
TXN_00006766,CUST_0045,21.23,EUR,PURCHASE,ELECTRONICS,2024-05-30 09:25:25,False,56684.7
TXN_00008841,CUST_0042,168.59,EUR,PURCHASE,ELECTRONICS,2024-05-30 10:05:15,False,10502.13
TXN_00005356,CUST_0177,97.3,EUR,PURCHASE,ELECTRONICS,2024-05-30 11:38:22,False,5599.81
TXN_00003642,CUST_0187,103.94,EUR,PURCHASE,HEALTHCARE,2024-05-30 12:20:52,False,88773.2
TXN_00007276,CUST_0027,83.95,EUR,PURCHASE,UTILITIES,2024-05-30 12:25:14,False,9899.74
TXN_00005883,CUST_0057,232.59,USD,PURCHASE,GROCERY,2024-05-30 12:29:08,False,51388.4
TXN_00000057,CUST_0146,463.04,EUR,PURCHASE,DINING,2024-05-30 13:30:29,False,25493.81
TXN_00004214,CUST_0101,161.74,GBP,PURCHASE,GROCERY,2024-05-30 14:14:16,False,33551.25
TXN_00004358,CUST_0165,863.23,EUR,WITHDRAWAL,HEALTHCARE,2024-05-30 14:41:01,False,26542.75
TXN_00008645,CUST_0046,137.56,USD,PURCHASE,ELECTRONICS,2024-05-30 15:43:24,False,5486.98
TXN_00001937,CUST_0133,9.23,EUR,TRANSFER,ELECTRONICS,2024-05-30 15:47:06,False,68500.22
TXN_00007259,CUST_0130,5751.07,GBP,PURCHASE,ELECTRONICS,2024-05-30 15:57:53,False,81177.07
TXN_00000980,CUST_0112,38.45,EUR,TRANSFER,GROCERY,2024-05-30 16:56:36,False,38757.55
TXN_00006489,CUST_0037,186.21,EUR,PURCHASE,HEALTHCARE,2024-05-30 17:30:53,False,3446.91
TXN_00003000,CUST_0115,1317.45,USD,PURCHASE,HEALTHCARE,2024-05-30 17:44:49,False,21746.56
TXN_00004023,CUST_0042,148.94,USD,TRANSFER,UTILITIES,2024-05-30 19:04:06,True,90674.8
TXN_00002616,CUST_0043,21.47,EUR,TRANSFER,DINING,2024-05-30 20:40:48,False,40860.93
TXN_00009767,CUST_0092,1354.35,GBP,PURCHASE,DINING,2024-05-31 07:26:29,False,89619.0
TXN_00000433,CUST_0065,4.21,EUR,PURCHASE,TRAVEL,2024-05-31 07:49:48,False,51753.91
TXN_00000499,CUST_0029,30.38,EUR,PURCHASE,UTILITIES,2024-05-31 08:15:48,False,60930.54
TXN_00004058,CUST_0198,201.43,EUR,PURCHASE,ELECTRONICS,2024-05-31 08:46:58,False,32225.06
TXN_00002163,CUST_0063,1023.14,EUR,PURCHASE,UTILITIES,2024-05-31 09:02:46,False,94661.27
TXN_00004712,CUST_0110,35.86,EUR,PURCHASE,TRAVEL,2024-05-31 09:26:49,False,57874.19
TXN_00005149,CUST_0171,171.58,USD,TRANSFER,GROCERY,2024-05-31 09:47:15,False,5434.24
TXN_00006246,CUST_0072,3635.59,EUR,PURCHASE,HEALTHCARE,2024-05-31 09:47:52,False,10942.05
TXN_00009111,CUST_0073,1719.13,EUR,PURCHASE,ELECTRONICS,2024-05-31 10:02:14,False,20922.98
TXN_00007068,CUST_0009,679.42,EUR,PURCHASE,UTILITIES,2024-05-31 10:27:14,False,49926.75
TXN_00005560,CUST_0067,668.33,EUR,PURCHASE,GROCERY,2024-05-31 10:45:17,False,70894.81
TXN_00003004,CUST_0118,1026.01,EUR,PURCHASE,,2024-05-31 10:53:09,False,87244.65
TXN_00001954,CUST_0170,303.9,EUR,PURCHASE,DINING,2024-05-31 11:02:57,False,12980.94
TXN_00000117,CUST_0080,445.83,EUR,TRANSFER,UTILITIES,2024-05-31 11:11:49,False,97851.73
TXN_00002315,CUST_0044,90.05,USD,PURCHASE,TRAVEL,2024-05-31 11:35:50,False,42932.45
TXN_00002288,CUST_0127,94.24,EUR,PURCHASE,GROCERY,2024-05-31 11:58:46,False,66785.33
TXN_00000043,CUST_0143,1013.14,EUR,PURCHASE,GROCERY,2024-05-31 12:14:58,False,29704.94
TXN_00004304,CUST_0055,1003.5,EUR,PURCHASE,ELECTRONICS,2024-05-31 12:17:14,False,82565.59
TXN_00003005,CUST_0100,130.55,USD,PURCHASE,UTILITIES,2024-05-31 12:39:46,False,16875.75
TXN_00004786,CUST_0122,43.23,EUR,PURCHASE,ELECTRONICS,2024-05-31 12:46:57,False,44887.93
TXN_00007942,CUST_0058,518.6,EUR,PURCHASE,ELECTRONICS,2024-05-31 12:56:58,False,25746.81
TXN_00002087,CUST_0031,482.59,EUR,TRANSFER,TRAVEL,2024-05-31 14:43:16,False,57754.12
TXN_00003834,CUST_0003,229.89,GBP,TRANSFER,GROCERY,2024-05-31 15:21:07,True,8850.19
TXN_00003100,CUST_0106,248.81,EUR,PURCHASE,DINING,2024-05-31 15:52:31,False,98567.78
TXN_00007532,CUST_0096,317.29,EUR,PURCHASE,DINING,2024-05-31 15:56:47,False,27609.4
TXN_00001609,CUST_0032,23.17,EUR,PURCHASE,UTILITIES,2024-05-31 16:09:44,False,76859.02
TXN_00000628,CUST_0085,1311.75,USD,PURCHASE,DINING,2024-05-31 17:37:52,False,59247.06
TXN_00001058,CUST_0064,1811.81,EUR,PURCHASE,UTILITIES,2024-05-31 17:46:32,False,91256.95
TXN_00003918,CUST_0081,73.74,GBP,TRANSFER,DINING,2024-05-31 18:28:33,False,24715.35
TXN_00005042,CUST_0198,11.52,EUR,TRANSFER,ELECTRONICS,2024-05-31 18:32:43,False,38559.26
TXN_00002335,CUST_0049,107.96,EUR,TRANSFER,ELECTRONICS,2024-05-31 19:44:23,False,61749.85
TXN_00006736,CUST_0047,166.38,EUR,PURCHASE,GROCERY,2024-06-01 05:13:28,False,11122.78
TXN_00009448,CUST_0143,1798.3,USD,PURCHASE,DINING,2024-06-01 07:08:18,False,7902.14
TXN_00009975,CUST_0144,995.17,EUR,WITHDRAWAL,HEALTHCARE,2024-06-01 07:19:39,False,38085.03
TXN_00009842,CUST_0179,131.93,EUR,PURCHASE,GROCERY,2024-06-01 07:26:27,False,67503.29
TXN_00000240,CUST_0142,1079.93,GBP,WITHDRAWAL,GROCERY,2024-06-01 08:01:13,False,49197.09
TXN_00007791,CUST_0188,274.86,EUR,TRANSFER,UTILITIES,2024-06-01 10:51:20,True,2144.7
TXN_00004892,CUST_0071,919.49,USD,PURCHASE,GROCERY,2024-06-01 11:14:55,False,11906.86
TXN_00008856,CUST_0020,80.02,USD,PURCHASE,UTILITIES,2024-06-01 11:39:30,False,47855.48
TXN_00000345,CUST_0178,1038.06,USD,PURCHASE,GROCERY,2024-06-01 11:47:00,False,2339.08
TXN_00005096,CUST_0070,110.06,GBP,PURCHASE,HEALTHCARE,2024-06-01 11:48:37,False,16668.8
TXN_00005643,CUST_0002,4180.55,USD,TRANSFER,TRAVEL,2024-06-01 12:23:09,False,88065.89
TXN_00004441,CUST_0177,1102.37,EUR,TRANSFER,ELECTRONICS,2024-06-01 12:38:09,False,35774.91
TXN_00004908,CUST_0022,6.3,EUR,PURCHASE,HEALTHCARE,2024-06-01 12:53:12,False,58140.65
TXN_00002258,CUST_0123,453.11,EUR,TRANSFER,ELECTRONICS,2024-06-01 13:25:55,False,25455.85
TXN_00004748,CUST_0004,36.97,EUR,PURCHASE,GROCERY,2024-06-01 13:35:41,False,83041.72
TXN_00005381,CUST_0037,96.35,USD,TRANSFER,TRAVEL,2024-06-01 13:43:13,False,78235.51
TXN_00002172,CUST_0157,3550.72,EUR,TRANSFER,GROCERY,2024-06-01 13:50:23,False,86193.91
TXN_00009055,CUST_0103,2082.34,EUR,PURCHASE,DINING,2024-06-01 14:15:57,False,52461.31
TXN_00001983,CUST_0113,498.2,EUR,PURCHASE,GROCERY,2024-06-01 14:20:16,False,50546.07
TXN_00002147,CUST_0163,360.13,EUR,TRANSFER,GROCERY,2024-06-01 14:32:00,False,25167.34
TXN_00006632,CUST_0156,154.38,EUR,TRANSFER,HEALTHCARE,2024-06-01 15:18:22,False,77784.79
TXN_00003909,CUST_0145,742.74,EUR,PURCHASE,DINING,2024-06-01 16:39:07,False,45768.04
TXN_00009496,CUST_0102,115.73,EUR,PURCHASE,DINING,2024-06-01 16:47:41,False,56076.29
TXN_00005916,CUST_0166,59.48,EUR,PURCHASE,DINING,2024-06-01 17:43:32,False,81448.49
TXN_00007099,CUST_0191,105.55,GBP,PURCHASE,DINING,2024-06-01 18:34:49,False,63883.0
TXN_00002152,CUST_0143,2582.98,EUR,PURCHASE,UTILITIES,2024-06-01 19:03:35,False,84014.2
TXN_00004624,CUST_0082,14.48,EUR,PURCHASE,UTILITIES,2024-06-01 19:53:58,False,18245.7
TXN_00000620,CUST_0072,284.05,GBP,PURCHASE,DINING,2024-06-02 07:39:38,False,87068.61
TXN_00006816,CUST_0141,268.02,EUR,TRANSFER,UTILITIES,2024-06-02 09:15:52,False,13669.93
TXN_00000500,CUST_0053,68.6,GBP,PURCHASE,TRAVEL,2024-06-02 09:23:18,False,77770.49
TXN_00008566,CUST_0133,-217.18,EUR,REFUND,HEALTHCARE,2024-06-02 09:31:20,False,96932.12
TXN_00008665,CUST_0084,53.49,EUR,PURCHASE,GROCERY,2024-06-02 09:35:45,False,72544.83
TXN_00008938,CUST_0063,214.49,EUR,PURCHASE,HEALTHCARE,2024-06-02 09:39:58,False,17634.14
TXN_00007925,CUST_0076,24.01,EUR,TRANSFER,DINING,2024-06-02 09:41:15,False,72884.24
TXN_00004871,CUST_0141,307.89,EUR,PURCHASE,UTILITIES,2024-06-02 09:55:55,False,42993.7
TXN_00002620,CUST_0087,348.13,GBP,PURCHASE,ELECTRONICS,2024-06-02 10:02:37,False,79301.05
TXN_00005459,CUST_0149,-209.02,EUR,REFUND,TRAVEL,2024-06-02 10:10:51,False,3259.65
TXN_00008928,CUST_0175,-260.07,USD,REFUND,HEALTHCARE,2024-06-02 10:20:27,False,48801.64
TXN_00000271,CUST_0141,516.43,EUR,PURCHASE,HEALTHCARE,2024-06-02 10:27:49,False,50334.36
TXN_00008932,CUST_0129,20.5,GBP,WITHDRAWAL,GROCERY,2024-06-02 10:38:39,False,14009.45
TXN_00001382,CUST_0048,172.87,EUR,WITHDRAWAL,ELECTRONICS,2024-06-02 10:50:52,False,72484.92
TXN_00007755,CUST_0054,-133.16,EUR,REFUND,ELECTRONICS,2024-06-02 11:12:53,False,24158.97
TXN_00000669,CUST_0143,193.0,EUR,WITHDRAWAL,DINING,2024-06-02 12:03:45,False,19644.65
TXN_00001646,CUST_0172,154.31,GBP,PURCHASE,DINING,2024-06-02 12:10:37,False,81763.54
TXN_00000692,CUST_0094,146.08,EUR,TRANSFER,ELECTRONICS,2024-06-02 13:27:28,False,1697.39
TXN_00009455,CUST_0124,1918.58,USD,TRANSFER,DINING,2024-06-02 13:29:01,False,8624.93
TXN_00004146,CUST_0196,96.19,EUR,TRANSFER,GROCERY,2024-06-02 13:51:53,False,81305.8
TXN_00003448,CUST_0002,23.13,EUR,PURCHASE,ELECTRONICS,2024-06-02 14:05:34,False,76726.3
TXN_00001003,CUST_0062,81.98,EUR,PURCHASE,ELECTRONICS,2024-06-02 14:24:09,False,68373.43
TXN_00001828,CUST_0119,1425.67,EUR,PURCHASE,ELECTRONICS,2024-06-02 14:43:50,False,82754.97
TXN_00003908,CUST_0185,598.72,GBP,PURCHASE,ELECTRONICS,2024-06-02 14:45:17,False,16313.63
TXN_00003731,CUST_0070,1236.02,EUR,PURCHASE,HEALTHCARE,2024-06-02 14:57:38,False,76364.85
TXN_00009396,CUST_0144,260.01,EUR,PURCHASE,,2024-06-02 14:58:35,False,68095.92
TXN_00007089,CUST_0123,477.62,EUR,PURCHASE,ELECTRONICS,2024-06-02 15:03:25,False,11377.94
TXN_00008824,CUST_0096,76.04,EUR,WITHDRAWAL,GROCERY,2024-06-02 15:52:04,False,40721.74
TXN_00001848,CUST_0148,123.13,USD,TRANSFER,HEALTHCARE,2024-06-02 16:35:19,False,89292.27
TXN_00009429,CUST_0045,53.17,EUR,PURCHASE,HEALTHCARE,2024-06-02 16:54:45,False,15133.36
TXN_00005996,CUST_0023,2960.91,EUR,TRANSFER,GROCERY,2024-06-02 17:04:25,False,28326.74
TXN_00002488,CUST_0094,951.96,USD,WITHDRAWAL,GROCERY,2024-06-02 17:16:30,False,81432.5
TXN_00002635,CUST_0029,3343.6,EUR,WITHDRAWAL,UTILITIES,2024-06-02 17:55:56,False,20349.67
TXN_00007663,CUST_0152,327.0,EUR,PURCHASE,HEALTHCARE,2024-06-02 18:20:17,False,42548.05
TXN_00009070,CUST_0086,23.16,GBP,WITHDRAWAL,UTILITIES,2024-06-02 20:14:22,False,76565.53
TXN_00003630,CUST_0147,182.24,EUR,PURCHASE,TRAVEL,2024-06-03 06:05:04,False,1119.84
TXN_00005074,CUST_0002,74.2,EUR,PURCHASE,HEALTHCARE,2024-06-03 06:16:57,False,60674.81
TXN_00009494,CUST_0085,222.31,USD,WITHDRAWAL,TRAVEL,2024-06-03 07:09:13,False,78929.84
TXN_00005056,CUST_0040,11.5,USD,PURCHASE,DINING,2024-06-03 08:10:45,False,89685.92
TXN_00002170,CUST_0151,129.5,EUR,PURCHASE,DINING,2024-06-03 09:05:00,False,95391.5
TXN_00009106,CUST_0018,148.73,EUR,PURCHASE,GROCERY,2024-06-03 09:43:43,False,59082.95
TXN_00009099,CUST_0088,1109.91,EUR,PURCHASE,DINING,2024-06-03 09:58:22,False,83505.23
TXN_00007992,CUST_0154,140.02,GBP,TRANSFER,UTILITIES,2024-06-03 10:07:21,False,97523.6
TXN_00004234,CUST_0173,380.77,USD,WITHDRAWAL,ELECTRONICS,2024-06-03 10:09:48,False,7592.51
TXN_00005927,CUST_0155,392.7,EUR,TRANSFER,GROCERY,2024-06-03 11:18:57,False,49128.97
TXN_00006948,CUST_0163,171.87,EUR,PURCHASE,UTILITIES,2024-06-03 11:30:47,False,50077.32
TXN_00005311,CUST_0188,230.76,USD,WITHDRAWAL,DINING,2024-06-03 11:53:57,False,1143.62
TXN_00003839,CUST_0063,606.4,EUR,PURCHASE,TRAVEL,2024-06-03 12:08:04,False,6828.9
TXN_00000926,CUST_0157,1142.26,GBP,PURCHASE,TRAVEL,2024-06-03 12:12:44,False,32224.8
TXN_00004596,CUST_0037,-18.34,EUR,REFUND,HEALTHCARE,2024-06-03 12:20:24,False,27577.42
TXN_00003949,CUST_0194,2860.68,EUR,WITHDRAWAL,TRAVEL,2024-06-03 12:22:32,False,57053.13
TXN_00003519,CUST_0185,452.88,EUR,TRANSFER,DINING,2024-06-03 12:30:40,False,16225.39
TXN_00000378,CUST_0000,60.53,EUR,TRANSFER,HEALTHCARE,2024-06-03 13:30:33,True,24231.0
TXN_00002061,CUST_0106,1481.01,GBP,WITHDRAWAL,GROCERY,2024-06-03 14:00:42,False,71218.73
TXN_00006047,CUST_0030,435.38,EUR,PURCHASE,ELECTRONICS,2024-06-03 14:50:23,False,48211.25
TXN_00004145,CUST_0048,288.19,USD,WITHDRAWAL,HEALTHCARE,2024-06-03 17:55:18,False,98628.3
TXN_00008286,CUST_0024,192.74,EUR,PURCHASE,GROCERY,2024-06-03 18:39:09,False,75220.58
TXN_00005986,CUST_0132,183.82,EUR,TRANSFER,DINING,2024-06-03 19:38:56,False,67187.43
TXN_00001136,CUST_0064,156.31,EUR,WITHDRAWAL,GROCERY,2024-06-04 02:12:01,False,13950.66
TXN_00003748,CUST_0171,676.65,EUR,PURCHASE,TRAVEL,2024-06-04 05:58:17,False,95456.91
TXN_00002829,CUST_0155,126.89,EUR,WITHDRAWAL,UTILITIES,2024-06-04 07:25:17,False,30985.79
TXN_00004467,CUST_0131,46.47,EUR,PURCHASE,HEALTHCARE,2024-06-04 08:55:09,False,42708.45
TXN_00002869,CUST_0153,83.56,EUR,PURCHASE,TRAVEL,2024-06-04 09:09:21,False,83343.02
TXN_00002366,CUST_0191,-89.86,GBP,REFUND,DINING,2024-06-04 10:35:41,False,68867.62
TXN_00005523,CUST_0011,1100.93,EUR,PURCHASE,ELECTRONICS,2024-06-04 10:47:32,False,83938.23
TXN_00006783,CUST_0173,646.58,USD,TRANSFER,HEALTHCARE,2024-06-04 10:47:58,False,35220.04
TXN_00004027,CUST_0196,603.82,GBP,TRANSFER,TRAVEL,2024-06-04 10:52:39,False,48005.73
TXN_00005018,CUST_0184,101.09,EUR,PURCHASE,UTILITIES,2024-06-04 11:19:34,True,59260.76
TXN_00002864,CUST_0186,161.97,USD,TRANSFER,ELECTRONICS,2024-06-04 11:22:19,False,23490.86
TXN_00008394,CUST_0031,99.36,USD,PURCHASE,UTILITIES,2024-06-04 11:38:21,False,88962.9
TXN_00004504,CUST_0162,324.66,EUR,PURCHASE,GROCERY,2024-06-04 12:25:01,False,6343.54
TXN_00006065,CUST_0074,617.36,EUR,PURCHASE,HEALTHCARE,2024-06-04 13:02:22,False,17963.64
TXN_00005097,CUST_0162,529.19,EUR,PURCHASE,UTILITIES,2024-06-04 13:07:09,False,23017.49
TXN_00008264,CUST_0007,45.62,USD,PURCHASE,HEALTHCARE,2024-06-04 13:44:57,False,80840.76
TXN_00009077,CUST_0190,353.46,EUR,TRANSFER,ELECTRONICS,2024-06-04 14:02:52,False,94969.6
TXN_00009301,CUST_0050,48.79,GBP,PURCHASE,TRAVEL,2024-06-04 14:09:22,False,25879.8
TXN_00004142,CUST_0008,164.03,EUR,WITHDRAWAL,TRAVEL,2024-06-04 15:53:04,False,49869.1
TXN_00003961,CUST_0119,551.87,USD,TRANSFER,HEALTHCARE,2024-06-04 15:53:19,False,77912.97
TXN_00007005,CUST_0090,24.22,GBP,PURCHASE,HEALTHCARE,2024-06-04 15:57:06,False,54550.95
TXN_00009570,CUST_0172,17.36,EUR,WITHDRAWAL,HEALTHCARE,2024-06-04 16:21:08,False,79066.78
TXN_00005184,CUST_0127,130.97,EUR,WITHDRAWAL,GROCERY,2024-06-04 17:15:25,False,88469.1
TXN_00005661,CUST_0014,348.18,EUR,PURCHASE,ELECTRONICS,2024-06-04 17:43:16,False,51002.04
TXN_00001731,CUST_0186,313.62,EUR,PURCHASE,TRAVEL,2024-06-04 18:15:36,False,34727.0
TXN_00004267,CUST_0137,166.89,USD,PURCHASE,UTILITIES,2024-06-04 18:49:58,False,84532.89
TXN_00001403,CUST_0037,2336.21,EUR,PURCHASE,ELECTRONICS,2024-06-04 19:59:28,False,95040.49
TXN_00008677,CUST_0063,55.38,EUR,PURCHASE,GROCERY,2024-06-05 06:48:50,False,19926.9
TXN_00005053,CUST_0003,-774.21,EUR,REFUND,TRAVEL,2024-06-05 07:52:39,False,86443.96
TXN_00007460,CUST_0017,139.22,USD,PURCHASE,TRAVEL,2024-06-05 07:54:09,False,5739.78
TXN_00009295,CUST_0127,108.38,EUR,PURCHASE,ELECTRONICS,2024-06-05 08:21:13,False,8771.7
TXN_00009133,CUST_0068,246.75,USD,PURCHASE,TRAVEL,2024-06-05 08:45:38,False,95155.91
TXN_00007380,CUST_0009,208.94,EUR,TRANSFER,UTILITIES,2024-06-05 09:43:17,False,72380.43
TXN_00009179,CUST_0080,910.58,GBP,PURCHASE,ELECTRONICS,2024-06-05 10:08:41,False,36194.15
TXN_00007200,CUST_0107,111.28,EUR,PURCHASE,GROCERY,2024-06-05 10:13:49,False,49558.56
TXN_00008883,CUST_0163,-166.09,USD,REFUND,ELECTRONICS,2024-06-05 10:40:29,False,44012.07
TXN_00008781,CUST_0080,22.33,EUR,TRANSFER,TRAVEL,2024-06-05 11:21:18,False,47273.5
TXN_00002754,CUST_0174,660.78,EUR,PURCHASE,UTILITIES,2024-06-05 11:51:15,False,46250.88
TXN_00000391,CUST_0053,214.79,EUR,PURCHASE,TRAVEL,2024-06-05 12:10:51,False,84121.84
TXN_00008564,CUST_0043,-62.49,USD,REFUND,ELECTRONICS,2024-06-05 12:32:27,False,48434.5
TXN_00008878,CUST_0195,105.48,EUR,WITHDRAWAL,GROCERY,2024-06-05 12:57:23,False,11798.68
TXN_00000488,CUST_0041,2386.9,EUR,PURCHASE,DINING,2024-06-05 13:15:41,True,62327.15
TXN_00009762,CUST_0105,-344.56,USD,REFUND,DINING,2024-06-05 13:21:39,False,71683.22
TXN_00002769,CUST_0044,339.27,EUR,PURCHASE,GROCERY,2024-06-05 13:51:05,False,73613.98
TXN_00009955,CUST_0166,445.59,EUR,PURCHASE,DINING,2024-06-05 14:09:09,False,9196.19
TXN_00001612,CUST_0111,209.13,EUR,TRANSFER,DINING,2024-06-05 14:19:55,True,58730.87
TXN_00002531,CUST_0027,500.92,EUR,WITHDRAWAL,TRAVEL,2024-06-05 15:04:12,False,11174.01
TXN_00005171,CUST_0051,-216.39,EUR,REFUND,UTILITIES,2024-06-05 15:26:20,False,72780.08
TXN_00006216,CUST_0180,27.75,USD,PURCHASE,TRAVEL,2024-06-05 16:15:15,False,85455.48
TXN_00009338,CUST_0087,-1077.44,EUR,REFUND,GROCERY,2024-06-05 16:44:53,False,11461.42
TXN_00006456,CUST_0039,497.68,EUR,WITHDRAWAL,,2024-06-05 19:07:16,False,49006.13
TXN_00007816,CUST_0110,-265.95,EUR,REFUND,HEALTHCARE,2024-06-05 19:10:16,False,69592.36
TXN_00008087,CUST_0052,403.89,USD,PURCHASE,GROCERY,2024-06-06 05:57:47,False,30950.17
TXN_00000726,CUST_0107,207.54,EUR,PURCHASE,TRAVEL,2024-06-06 06:45:49,False,56645.56
TXN_00004053,CUST_0116,-64.33,EUR,REFUND,UTILITIES,2024-06-06 07:53:45,False,39330.8
TXN_00004516,CUST_0194,98.46,EUR,PURCHASE,GROCERY,2024-06-06 08:51:29,False,98749.24
TXN_00003697,CUST_0101,34.02,USD,WITHDRAWAL,GROCERY,2024-06-06 08:57:21,False,2545.35
TXN_00007852,CUST_0052,1578.0,EUR,PURCHASE,UTILITIES,2024-06-06 09:13:44,False,20888.65
TXN_00004900,CUST_0060,75.12,EUR,PURCHASE,ELECTRONICS,2024-06-06 09:25:14,False,73888.58
TXN_00005983,CUST_0179,165.34,EUR,PURCHASE,TRAVEL,2024-06-06 10:07:40,False,94678.1
TXN_00003599,CUST_0120,131.19,USD,PURCHASE,ELECTRONICS,2024-06-06 10:33:29,False,79919.1
TXN_00000626,CUST_0087,725.58,USD,PURCHASE,ELECTRONICS,2024-06-06 10:59:18,False,81036.93
TXN_00004125,CUST_0116,129.41,EUR,PURCHASE,GROCERY,2024-06-06 11:36:56,False,65629.06
TXN_00005433,CUST_0087,765.66,EUR,WITHDRAWAL,UTILITIES,2024-06-06 11:43:54,False,60245.85
TXN_00002626,CUST_0064,-733.37,USD,REFUND,UTILITIES,2024-06-06 12:08:52,False,50728.69
TXN_00001464,CUST_0190,65.2,EUR,PURCHASE,HEALTHCARE,2024-06-06 12:14:32,False,12543.22
TXN_00004212,CUST_0060,96.02,EUR,PURCHASE,TRAVEL,2024-06-06 12:25:53,False,34369.15
TXN_00005933,CUST_0056,40.56,USD,PURCHASE,TRAVEL,2024-06-06 13:11:18,False,87715.51
TXN_00005750,CUST_0002,68.06,EUR,PURCHASE,ELECTRONICS,2024-06-06 13:57:57,False,33423.72
TXN_00007284,CUST_0041,463.76,EUR,PURCHASE,ELECTRONICS,2024-06-06 14:59:12,False,19248.5
TXN_00006335,CUST_0102,85.78,EUR,PURCHASE,GROCERY,2024-06-06 15:01:14,False,1804.34
TXN_00008180,CUST_0053,-59.95,EUR,REFUND,DINING,2024-06-06 15:17:42,False,53832.84
TXN_00004041,CUST_0090,58.15,EUR,PURCHASE,TRAVEL,2024-06-06 15:31:32,False,84183.83
TXN_00008907,CUST_0198,379.05,EUR,PURCHASE,GROCERY,2024-06-06 15:42:44,False,61066.18
TXN_00008093,CUST_0044,15352.85,EUR,TRANSFER,GROCERY,2024-06-06 16:53:01,False,27084.13
TXN_00005963,CUST_0011,82.93,GBP,PURCHASE,GROCERY,2024-06-06 17:15:23,False,94343.9
TXN_00000489,CUST_0095,4391.67,EUR,WITHDRAWAL,HEALTHCARE,2024-06-06 18:17:01,False,77210.57
TXN_00000376,CUST_0035,66.0,EUR,TRANSFER,DINING,2024-06-06 19:11:38,False,58127.19
TXN_00003933,CUST_0195,222.66,USD,TRANSFER,TRAVEL,2024-06-06 19:45:11,False,38540.69
TXN_00001319,CUST_0083,1924.22,USD,WITHDRAWAL,DINING,2024-06-07 01:34:56,False,86329.0
TXN_00005389,CUST_0149,10.4,USD,WITHDRAWAL,HEALTHCARE,2024-06-07 04:50:39,False,42738.77
TXN_00009017,CUST_0129,-134.18,GBP,REFUND,ELECTRONICS,2024-06-07 05:47:25,False,42857.8
TXN_00000431,CUST_0155,54.68,USD,TRANSFER,UTILITIES,2024-06-07 06:57:23,False,8200.74
TXN_00002254,CUST_0020,15.1,EUR,PURCHASE,TRAVEL,2024-06-07 07:05:13,False,79171.9
TXN_00000901,CUST_0028,3869.67,GBP,PURCHASE,HEALTHCARE,2024-06-07 09:40:45,False,31125.63
TXN_00006274,CUST_0081,393.18,EUR,WITHDRAWAL,HEALTHCARE,2024-06-07 10:52:41,False,37263.21
TXN_00008569,CUST_0039,39.57,EUR,PURCHASE,UTILITIES,2024-06-07 11:00:38,False,60107.87
TXN_00005687,CUST_0066,170.54,EUR,PURCHASE,ELECTRONICS,2024-06-07 11:36:19,False,73753.97
TXN_00008198,CUST_0060,-1050.44,GBP,REFUND,UTILITIES,2024-06-07 11:44:43,False,80083.24
TXN_00007018,CUST_0177,497.84,EUR,PURCHASE,DINING,2024-06-07 12:08:21,False,18293.84
TXN_00009268,CUST_0176,4775.96,EUR,PURCHASE,DINING,2024-06-07 12:08:27,False,35233.25
TXN_00003855,CUST_0177,1065.83,EUR,TRANSFER,GROCERY,2024-06-07 12:20:59,False,14054.44
TXN_00002260,CUST_0002,169.86,EUR,PURCHASE,DINING,2024-06-07 13:22:46,False,64196.71
TXN_00002420,CUST_0192,6495.05,EUR,PURCHASE,ELECTRONICS,2024-06-07 13:53:53,False,64297.51
TXN_00007601,CUST_0100,1096.65,USD,PURCHASE,DINING,2024-06-07 13:57:22,False,54860.49
TXN_00004400,CUST_0030,6096.87,EUR,PURCHASE,DINING,2024-06-07 14:04:06,False,87207.11
TXN_00003353,CUST_0085,210.66,EUR,PURCHASE,,2024-06-07 14:23:06,False,56886.5
TXN_00003390,CUST_0022,502.36,GBP,TRANSFER,GROCERY,2024-06-07 14:26:12,False,87527.02
TXN_00001085,CUST_0013,2569.35,EUR,TRANSFER,TRAVEL,2024-06-07 14:59:33,False,21476.88
TXN_00009635,CUST_0038,315.31,EUR,WITHDRAWAL,DINING,2024-06-07 16:13:51,False,50933.06
TXN_00008460,CUST_0062,323.93,EUR,PURCHASE,HEALTHCARE,2024-06-07 17:34:15,False,9984.36
TXN_00008335,CUST_0170,50.53,EUR,TRANSFER,DINING,2024-06-07 17:55:22,False,70525.61
TXN_00009407,CUST_0038,53.64,EUR,PURCHASE,DINING,2024-06-07 18:36:21,False,67437.78
TXN_00006430,CUST_0149,473.88,USD,PURCHASE,ELECTRONICS,2024-06-07 19:11:33,False,96311.61
TXN_00008826,CUST_0132,194.76,USD,PURCHASE,GROCERY,2024-06-07 19:25:35,False,77584.4
TXN_00006997,CUST_0136,-1964.61,EUR,REFUND,GROCERY,2024-06-07 20:31:40,False,3747.79
TXN_00008774,CUST_0146,-119.18,EUR,REFUND,GROCERY,2024-06-08 06:45:13,False,14102.54
TXN_00005999,CUST_0134,734.38,EUR,WITHDRAWAL,DINING,2024-06-08 07:07:19,False,55252.99
TXN_00007280,CUST_0051,399.37,EUR,PURCHASE,HEALTHCARE,2024-06-08 08:23:12,False,8780.93
TXN_00005283,CUST_0001,648.44,EUR,PURCHASE,DINING,2024-06-08 08:59:41,False,86927.12
TXN_00008356,CUST_0181,42.16,USD,PURCHASE,GROCERY,2024-06-08 09:13:05,False,50972.14
TXN_00002903,CUST_0138,487.19,EUR,PURCHASE,GROCERY,2024-06-08 09:37:57,False,12669.49
TXN_00004434,CUST_0187,17.02,USD,WITHDRAWAL,ELECTRONICS,2024-06-08 10:05:54,True,10827.53
TXN_00007008,CUST_0194,347.65,EUR,PURCHASE,TRAVEL,2024-06-08 11:57:25,False,75402.71
TXN_00006436,CUST_0020,322.94,USD,PURCHASE,HEALTHCARE,2024-06-08 12:35:14,False,33175.64
TXN_00004070,CUST_0154,319.28,USD,WITHDRAWAL,HEALTHCARE,2024-06-08 12:56:41,False,45353.51
TXN_00008207,CUST_0105,1183.66,EUR,PURCHASE,DINING,2024-06-08 13:13:47,False,92676.21
TXN_00004170,CUST_0020,463.22,EUR,TRANSFER,GROCERY,2024-06-08 13:24:44,False,57984.92
TXN_00000888,CUST_0037,80.61,EUR,PURCHASE,UTILITIES,2024-06-08 13:24:55,False,18796.25
TXN_00009232,CUST_0058,63.33,EUR,TRANSFER,DINING,2024-06-08 13:26:54,False,12684.71
TXN_00000775,CUST_0071,1840.9,USD,TRANSFER,ELECTRONICS,2024-06-08 13:57:58,False,40586.56
TXN_00005767,CUST_0099,195.43,EUR,PURCHASE,GROCERY,2024-06-08 14:12:37,False,57895.08
TXN_00008687,CUST_0072,691.08,EUR,TRANSFER,GROCERY,2024-06-08 14:39:40,False,78234.85
TXN_00009049,CUST_0144,123.6,USD,PURCHASE,DINING,2024-06-08 14:55:13,False,41170.36
TXN_00000567,CUST_0094,1071.57,EUR,PURCHASE,GROCERY,2024-06-08 15:35:16,False,62050.8
TXN_00000375,CUST_0018,1222.01,GBP,WITHDRAWAL,HEALTHCARE,2024-06-08 15:42:52,False,21488.29
TXN_00009798,CUST_0033,10.37,EUR,PURCHASE,DINING,2024-06-08 15:45:47,False,22743.05
TXN_00007467,CUST_0184,2576.05,GBP,PURCHASE,ELECTRONICS,2024-06-08 16:22:10,False,79145.21
TXN_00008754,CUST_0031,315.32,USD,PURCHASE,GROCERY,2024-06-08 16:24:20,False,5399.5
TXN_00001334,CUST_0027,105.02,EUR,PURCHASE,GROCERY,2024-06-08 16:39:08,False,23497.0
TXN_00002913,CUST_0056,73.16,EUR,PURCHASE,UTILITIES,2024-06-08 19:47:02,False,94415.02
TXN_00005114,CUST_0075,214.41,EUR,PURCHASE,GROCERY,2024-06-08 20:23:00,False,90012.17
TXN_00006671,CUST_0142,-2267.9,USD,REFUND,GROCERY,2024-06-08 20:35:08,False,28741.47
TXN_00000044,CUST_0068,1471.06,EUR,TRANSFER,GROCERY,2024-06-08 20:48:48,False,42297.4
TXN_00009861,CUST_0197,891.56,EUR,PURCHASE,TRAVEL,2024-06-09 07:04:17,False,11174.02
TXN_00007007,CUST_0093,724.08,GBP,TRANSFER,ELECTRONICS,2024-06-09 08:39:27,False,31187.72
TXN_00009523,CUST_0111,759.65,EUR,PURCHASE,DINING,2024-06-09 08:39:45,False,16705.23
TXN_00000067,CUST_0045,283.57,USD,TRANSFER,ELECTRONICS,2024-06-09 09:03:32,False,86439.52
TXN_00006577,CUST_0010,755.46,EUR,PURCHASE,ELECTRONICS,2024-06-09 09:14:49,False,37362.55
TXN_00001019,CUST_0159,136.44,EUR,PURCHASE,GROCERY,2024-06-09 10:10:15,False,1569.05
TXN_00003759,CUST_0033,491.52,USD,PURCHASE,UTILITIES,2024-06-09 10:13:47,False,36360.57
TXN_00001550,CUST_0190,650.71,USD,PURCHASE,ELECTRONICS,2024-06-09 10:35:59,False,64363.03
TXN_00006380,CUST_0160,30.58,EUR,TRANSFER,GROCERY,2024-06-09 10:42:27,False,40102.63
TXN_00000909,CUST_0173,231.53,EUR,PURCHASE,GROCERY,2024-06-09 11:16:47,False,7097.47
TXN_00007556,CUST_0133,501.74,EUR,PURCHASE,UTILITIES,2024-06-09 11:18:56,False,53640.23
TXN_00000291,CUST_0111,337.46,EUR,PURCHASE,TRAVEL,2024-06-09 11:22:20,False,7347.6
TXN_00000658,CUST_0033,21.33,USD,PURCHASE,GROCERY,2024-06-09 11:41:56,False,88981.06
TXN_00006005,CUST_0148,-109.46,EUR,REFUND,HEALTHCARE,2024-06-09 13:02:35,False,32438.55
TXN_00007981,CUST_0154,563.38,EUR,WITHDRAWAL,TRAVEL,2024-06-09 13:03:17,False,44882.81
TXN_00002464,CUST_0191,59.31,EUR,PURCHASE,TRAVEL,2024-06-09 13:45:32,False,85043.51
TXN_00004696,CUST_0153,-153.45,EUR,REFUND,UTILITIES,2024-06-09 13:46:42,False,85573.07
TXN_00006382,CUST_0147,756.48,EUR,TRANSFER,DINING,2024-06-09 13:56:07,False,64056.91
TXN_00004069,CUST_0010,704.77,GBP,WITHDRAWAL,HEALTHCARE,2024-06-09 13:58:49,False,2067.99
TXN_00007327,CUST_0059,86.58,EUR,PURCHASE,HEALTHCARE,2024-06-09 14:12:37,False,19826.37
TXN_00008128,CUST_0160,170.37,EUR,PURCHASE,TRAVEL,2024-06-09 14:22:02,False,71275.35
TXN_00002476,CUST_0197,6468.99,EUR,PURCHASE,HEALTHCARE,2024-06-09 14:30:51,False,96205.91
TXN_00004945,CUST_0065,262.24,GBP,PURCHASE,GROCERY,2024-06-09 14:40:42,False,53932.86
TXN_00008025,CUST_0070,2459.35,EUR,PURCHASE,TRAVEL,2024-06-09 14:42:15,False,3376.77
TXN_00008541,CUST_0054,235.77,EUR,TRANSFER,HEALTHCARE,2024-06-09 15:30:24,False,23551.48
TXN_00003287,CUST_0024,880.39,USD,PURCHASE,UTILITIES,2024-06-09 15:32:38,False,79976.12
TXN_00008158,CUST_0087,940.25,EUR,PURCHASE,ELECTRONICS,2024-06-09 15:56:32,True,40890.62
TXN_00000081,CUST_0089,24.85,EUR,PURCHASE,UTILITIES,2024-06-09 16:02:17,False,42065.15
TXN_00003917,CUST_0137,-596.56,EUR,REFUND,UTILITIES,2024-06-09 16:31:55,False,54636.52
TXN_00004049,CUST_0030,302.8,EUR,PURCHASE,ELECTRONICS,2024-06-09 17:06:23,False,46895.49
TXN_00000468,CUST_0064,825.08,EUR,PURCHASE,TRAVEL,2024-06-09 17:08:52,False,33229.89
TXN_00005058,CUST_0193,263.61,EUR,PURCHASE,TRAVEL,2024-06-09 17:10:37,False,23427.3
TXN_00009422,CUST_0087,1266.93,USD,PURCHASE,HEALTHCARE,2024-06-09 18:19:44,False,41774.42
TXN_00002937,CUST_0058,1042.23,EUR,TRANSFER,HEALTHCARE,2024-06-09 23:22:20,False,2433.7
TXN_00007576,CUST_0160,4983.26,EUR,TRANSFER,UTILITIES,2024-06-09 23:43:16,False,79219.9
TXN_00007685,CUST_0009,83.99,EUR,TRANSFER,GROCERY,2024-06-10 06:03:27,False,54111.91
TXN_00001055,CUST_0082,166.4,EUR,TRANSFER,ELECTRONICS,2024-06-10 07:08:41,False,60387.02
TXN_00004440,CUST_0081,3292.64,USD,TRANSFER,ELECTRONICS,2024-06-10 08:12:30,False,21170.29
TXN_00007254,CUST_0178,526.09,EUR,PURCHASE,TRAVEL,2024-06-10 08:16:37,False,86089.72
TXN_00007302,CUST_0121,105.6,EUR,WITHDRAWAL,HEALTHCARE,2024-06-10 09:04:43,False,8446.2
TXN_00009899,CUST_0184,967.01,EUR,WITHDRAWAL,TRAVEL,2024-06-10 09:15:36,False,29585.63
TXN_00002644,CUST_0084,18.36,EUR,PURCHASE,TRAVEL,2024-06-10 10:07:06,False,14897.17
TXN_00001911,CUST_0042,2952.08,EUR,WITHDRAWAL,ELECTRONICS,2024-06-10 10:36:29,False,89871.07
TXN_00009676,CUST_0120,149.2,EUR,PURCHASE,TRAVEL,2024-06-10 10:43:31,False,59336.79
TXN_00009946,CUST_0114,3329.9,USD,PURCHASE,ELECTRONICS,2024-06-10 11:03:20,False,64127.9
TXN_00009691,CUST_0024,126.59,EUR,PURCHASE,HEALTHCARE,2024-06-10 11:03:54,False,8807.71
TXN_00001224,CUST_0006,1177.97,USD,PURCHASE,TRAVEL,2024-06-10 11:11:22,False,38236.23
TXN_00006955,CUST_0059,-72.84,EUR,REFUND,UTILITIES,2024-06-10 11:12:44,False,71068.77
TXN_00003007,CUST_0046,610.37,EUR,WITHDRAWAL,GROCERY,2024-06-10 12:55:05,False,60083.82
TXN_00005989,CUST_0176,261.71,EUR,PURCHASE,TRAVEL,2024-06-10 12:59:58,True,40940.41
TXN_00000738,CUST_0036,27.76,USD,PURCHASE,GROCERY,2024-06-10 14:07:22,False,33648.6
TXN_00003303,CUST_0095,69.0,EUR,PURCHASE,HEALTHCARE,2024-06-10 14:52:21,False,37783.53
TXN_00005898,CUST_0032,222.69,USD,WITHDRAWAL,ELECTRONICS,2024-06-10 15:46:19,False,89582.39
TXN_00006108,CUST_0056,38.2,EUR,PURCHASE,UTILITIES,2024-06-10 16:35:53,False,95394.14
TXN_00007971,CUST_0088,671.39,EUR,PURCHASE,UTILITIES,2024-06-10 16:51:38,False,88888.2
TXN_00001781,CUST_0086,140.47,USD,PURCHASE,DINING,2024-06-10 17:05:49,False,13220.53
TXN_00007154,CUST_0050,145.12,USD,WITHDRAWAL,DINING,2024-06-10 17:20:33,False,82569.47
TXN_00006421,CUST_0004,330.46,USD,WITHDRAWAL,HEALTHCARE,2024-06-10 17:38:25,False,66911.11
TXN_00004326,CUST_0173,24.12,EUR,PURCHASE,GROCERY,2024-06-10 20:53:03,False,29050.05
TXN_00000876,CUST_0020,7.67,EUR,TRANSFER,DINING,2024-06-11 02:16:11,False,91620.56
TXN_00007607,CUST_0173,266.11,GBP,TRANSFER,TRAVEL,2024-06-11 04:45:07,False,59434.21
TXN_00008341,CUST_0076,8.63,EUR,PURCHASE,GROCERY,2024-06-11 08:19:34,False,46574.8
TXN_00000822,CUST_0197,116.81,EUR,PURCHASE,UTILITIES,2024-06-11 10:06:02,False,34193.78
TXN_00001250,CUST_0081,633.36,EUR,TRANSFER,DINING,2024-06-11 10:14:53,False,64283.84
TXN_00005713,CUST_0171,30.31,EUR,PURCHASE,DINING,2024-06-11 10:19:43,False,23144.96
TXN_00007435,CUST_0013,6.53,EUR,WITHDRAWAL,UTILITIES,2024-06-11 10:33:20,False,15937.17
TXN_00007412,CUST_0197,1683.7,EUR,PURCHASE,TRAVEL,2024-06-11 10:41:23,False,36459.71
TXN_00000118,CUST_0191,424.95,EUR,PURCHASE,GROCERY,2024-06-11 10:50:42,False,31440.86
TXN_00007364,CUST_0194,403.74,EUR,TRANSFER,GROCERY,2024-06-11 10:59:41,False,36567.56
TXN_00000539,CUST_0044,138.09,EUR,PURCHASE,ELECTRONICS,2024-06-11 11:01:26,False,92201.35
TXN_00000380,CUST_0088,28.17,EUR,TRANSFER,DINING,2024-06-11 11:06:09,True,62995.07
TXN_00006149,CUST_0030,669.41,USD,TRANSFER,ELECTRONICS,2024-06-11 11:10:06,False,49126.55
TXN_00002355,CUST_0047,909.47,EUR,TRANSFER,ELECTRONICS,2024-06-11 11:14:55,False,45537.06
TXN_00007215,CUST_0089,302.36,EUR,PURCHASE,TRAVEL,2024-06-11 12:30:41,False,81577.47
TXN_00007147,CUST_0189,42.54,EUR,PURCHASE,,2024-06-11 12:48:10,False,57066.85
TXN_00005788,CUST_0131,616.44,EUR,PURCHASE,UTILITIES,2024-06-11 12:48:24,False,9895.69
TXN_00005938,CUST_0169,151.14,EUR,PURCHASE,GROCERY,2024-06-11 16:20:47,False,4345.2
TXN_00002639,CUST_0105,348.65,USD,PURCHASE,HEALTHCARE,2024-06-11 17:43:53,False,71394.66
TXN_00007729,CUST_0011,107.46,USD,PURCHASE,UTILITIES,2024-06-11 18:58:36,False,47109.79
TXN_00007813,CUST_0011,387.3,USD,PURCHASE,DINING,2024-06-11 20:35:58,False,535.0
TXN_00003328,CUST_0037,261.57,EUR,PURCHASE,ELECTRONICS,2024-06-12 02:47:53,False,99108.07
TXN_00000158,CUST_0115,1745.82,USD,PURCHASE,DINING,2024-06-12 04:49:27,False,64878.62
TXN_00002442,CUST_0099,473.47,EUR,TRANSFER,UTILITIES,2024-06-12 04:56:16,False,82070.37
TXN_00008634,CUST_0174,278.13,EUR,PURCHASE,UTILITIES,2024-06-12 05:57:21,False,14559.92
TXN_00005226,CUST_0151,18.57,EUR,WITHDRAWAL,UTILITIES,2024-06-12 06:06:55,False,24430.07
TXN_00002131,CUST_0149,448.54,GBP,PURCHASE,DINING,2024-06-12 06:20:36,False,20784.79
TXN_00009811,CUST_0173,3276.99,EUR,PURCHASE,UTILITIES,2024-06-12 07:41:39,False,16347.68
TXN_00001829,CUST_0174,76.84,GBP,WITHDRAWAL,GROCERY,2024-06-12 08:10:46,False,98509.13
TXN_00000542,CUST_0096,554.82,GBP,PURCHASE,HEALTHCARE,2024-06-12 08:15:53,False,28411.7
TXN_00009932,CUST_0100,120.15,EUR,PURCHASE,HEALTHCARE,2024-06-12 08:21:30,False,74733.38
TXN_00009993,CUST_0137,395.59,EUR,PURCHASE,DINING,2024-06-12 08:44:56,False,81052.21
TXN_00003688,CUST_0074,344.53,EUR,PURCHASE,HEALTHCARE,2024-06-12 09:43:02,False,98884.51
TXN_00001390,CUST_0146,86.84,USD,PURCHASE,DINING,2024-06-12 09:45:29,False,97274.14
TXN_00001836,CUST_0041,16.52,EUR,PURCHASE,DINING,2024-06-12 10:05:47,False,52130.25
TXN_00000826,CUST_0078,1746.85,GBP,TRANSFER,TRAVEL,2024-06-12 10:22:08,False,54932.95
TXN_00005222,CUST_0022,-93.18,EUR,REFUND,,2024-06-12 12:31:28,False,40349.24
TXN_00002619,CUST_0036,6900.39,EUR,PURCHASE,GROCERY,2024-06-12 13:18:06,False,28504.58
TXN_00000677,CUST_0032,307.99,GBP,PURCHASE,GROCERY,2024-06-12 13:36:20,False,37784.87
TXN_00002586,CUST_0067,114.68,EUR,PURCHASE,UTILITIES,2024-06-12 14:06:14,False,2387.73
TXN_00006390,CUST_0107,188.62,EUR,PURCHASE,HEALTHCARE,2024-06-12 14:20:12,True,931.46
TXN_00006789,CUST_0164,7237.34,EUR,PURCHASE,GROCERY,2024-06-12 14:44:21,False,28878.34
TXN_00000125,CUST_0059,112.85,EUR,PURCHASE,ELECTRONICS,2024-06-12 15:09:36,False,66033.8
TXN_00003653,CUST_0054,185.16,EUR,TRANSFER,TRAVEL,2024-06-12 15:32:22,False,14674.09
TXN_00009542,CUST_0019,109.53,EUR,PURCHASE,HEALTHCARE,2024-06-12 15:55:02,False,11885.87
TXN_00001856,CUST_0103,891.91,USD,WITHDRAWAL,TRAVEL,2024-06-12 16:01:24,False,28225.7
TXN_00005929,CUST_0131,364.85,USD,PURCHASE,ELECTRONICS,2024-06-12 16:59:39,False,47707.78
TXN_00005450,CUST_0047,282.78,EUR,TRANSFER,ELECTRONICS,2024-06-12 17:30:16,False,45206.29
TXN_00004988,CUST_0167,356.65,EUR,PURCHASE,TRAVEL,2024-06-12 18:06:57,False,84276.68
TXN_00007657,CUST_0124,283.85,EUR,PURCHASE,ELECTRONICS,2024-06-12 18:48:38,False,52188.98
TXN_00005956,CUST_0087,821.03,USD,PURCHASE,HEALTHCARE,2024-06-12 20:39:32,False,92459.47
TXN_00009510,CUST_0075,1445.68,GBP,PURCHASE,DINING,2024-06-13 04:40:44,False,7248.35
TXN_00002276,CUST_0183,2699.89,EUR,PURCHASE,TRAVEL,2024-06-13 08:51:07,False,40932.09
TXN_00007350,CUST_0031,27.88,EUR,PURCHASE,UTILITIES,2024-06-13 09:56:06,False,19399.55
TXN_00006981,CUST_0058,363.04,GBP,PURCHASE,TRAVEL,2024-06-13 10:13:28,False,57978.33
TXN_00007825,CUST_0163,492.22,EUR,PURCHASE,UTILITIES,2024-06-13 10:28:18,False,75725.46
TXN_00006327,CUST_0002,272.86,EUR,PURCHASE,DINING,2024-06-13 10:47:02,False,65897.47
TXN_00002197,CUST_0093,360.35,EUR,PURCHASE,TRAVEL,2024-06-13 11:16:57,False,38420.92
TXN_00002705,CUST_0168,379.96,EUR,WITHDRAWAL,UTILITIES,2024-06-13 11:28:59,False,40196.95
TXN_00004859,CUST_0142,6134.53,USD,PURCHASE,UTILITIES,2024-06-13 11:32:40,False,88142.2
TXN_00009991,CUST_0131,6.62,EUR,TRANSFER,TRAVEL,2024-06-13 12:09:40,False,32457.8
TXN_00009297,CUST_0009,1358.96,EUR,WITHDRAWAL,DINING,2024-06-13 12:27:51,False,26887.44
TXN_00006237,CUST_0163,262.21,GBP,PURCHASE,GROCERY,2024-06-13 12:33:47,False,23990.86
TXN_00009098,CUST_0094,69.53,EUR,PURCHASE,ELECTRONICS,2024-06-13 12:40:53,False,58683.27
TXN_00007747,CUST_0189,-95.63,GBP,REFUND,GROCERY,2024-06-13 13:23:37,False,61747.51
TXN_00000289,CUST_0094,69.74,USD,PURCHASE,HEALTHCARE,2024-06-13 13:53:20,False,51355.99
TXN_00002544,CUST_0122,991.83,EUR,PURCHASE,TRAVEL,2024-06-13 14:01:44,True,89111.62
TXN_00001105,CUST_0036,309.04,EUR,PURCHASE,DINING,2024-06-13 14:21:05,False,21600.69
TXN_00002998,CUST_0098,606.58,EUR,PURCHASE,GROCERY,2024-06-13 14:23:06,False,14583.73
TXN_00003333,CUST_0135,2482.21,EUR,TRANSFER,UTILITIES,2024-06-13 14:57:53,False,68820.48
TXN_00007994,CUST_0019,7028.11,EUR,PURCHASE,TRAVEL,2024-06-13 15:20:47,False,7848.62
TXN_00001525,CUST_0154,225.05,USD,PURCHASE,ELECTRONICS,2024-06-13 17:40:58,False,46068.57
TXN_00002878,CUST_0185,55.65,EUR,TRANSFER,DINING,2024-06-13 17:43:32,False,80806.41
TXN_00003551,CUST_0063,394.24,EUR,TRANSFER,ELECTRONICS,2024-06-13 19:12:26,False,43435.76
TXN_00005797,CUST_0113,580.19,GBP,TRANSFER,GROCERY,2024-06-13 19:52:22,False,90630.16
TXN_00005656,CUST_0126,333.25,USD,PURCHASE,ELECTRONICS,2024-06-13 19:57:00,False,87935.66
TXN_00004206,CUST_0124,173.62,EUR,WITHDRAWAL,UTILITIES,2024-06-13 20:59:51,False,18979.71
TXN_00001852,CUST_0180,60.11,EUR,PURCHASE,ELECTRONICS,2024-06-14 05:26:23,False,94305.53
TXN_00002102,CUST_0167,246.59,USD,PURCHASE,GROCERY,2024-06-14 06:35:25,False,12871.29
TXN_00002848,CUST_0031,149.68,EUR,TRANSFER,GROCERY,2024-06-14 06:42:02,False,75888.12
TXN_00002958,CUST_0176,726.45,EUR,PURCHASE,UTILITIES,2024-06-14 07:41:21,False,87388.92
TXN_00003624,CUST_0168,1330.15,GBP,PURCHASE,GROCERY,2024-06-14 08:54:16,False,8201.46
TXN_00003244,CUST_0069,1161.05,EUR,TRANSFER,HEALTHCARE,2024-06-14 09:00:13,False,93602.04
TXN_00001708,CUST_0028,1200.67,USD,PURCHASE,TRAVEL,2024-06-14 09:53:50,False,91978.7
TXN_00008641,CUST_0040,578.53,EUR,PURCHASE,GROCERY,2024-06-14 09:54:28,False,8487.68
TXN_00001010,CUST_0051,-4143.07,GBP,REFUND,GROCERY,2024-06-14 09:58:20,False,67488.39
TXN_00005806,CUST_0052,218.17,EUR,PURCHASE,DINING,2024-06-14 10:09:34,False,93104.58
TXN_00007917,CUST_0119,561.05,USD,TRANSFER,TRAVEL,2024-06-14 10:25:05,False,41117.6
TXN_00006063,CUST_0066,157.41,EUR,PURCHASE,TRAVEL,2024-06-14 11:05:43,False,45581.91
TXN_00000280,CUST_0006,400.54,EUR,PURCHASE,UTILITIES,2024-06-14 11:07:28,False,84422.13
TXN_00007326,CUST_0092,87.95,EUR,WITHDRAWAL,DINING,2024-06-14 11:12:41,False,40244.61
TXN_00006597,CUST_0064,591.1,EUR,PURCHASE,ELECTRONICS,2024-06-14 11:19:01,False,19503.81
TXN_00002596,CUST_0060,231.12,EUR,PURCHASE,GROCERY,2024-06-14 11:23:27,False,46727.73
TXN_00002947,CUST_0060,182.87,EUR,PURCHASE,ELECTRONICS,2024-06-14 11:42:48,False,96045.22
TXN_00009584,CUST_0025,45.17,USD,PURCHASE,GROCERY,2024-06-14 12:04:23,False,40146.92
TXN_00009960,CUST_0168,16.85,EUR,PURCHASE,TRAVEL,2024-06-14 12:09:33,False,82573.78
TXN_00001516,CUST_0058,1612.13,EUR,TRANSFER,UTILITIES,2024-06-14 12:47:20,False,4564.27
TXN_00003016,CUST_0070,27.28,EUR,WITHDRAWAL,TRAVEL,2024-06-14 12:58:25,False,74638.78
TXN_00005595,CUST_0131,402.6,EUR,WITHDRAWAL,TRAVEL,2024-06-14 13:03:03,False,62078.51
TXN_00005662,CUST_0087,271.42,EUR,PURCHASE,DINING,2024-06-14 13:13:36,False,25784.26
TXN_00004124,CUST_0054,1754.53,EUR,PURCHASE,GROCERY,2024-06-14 14:23:50,False,32867.48
TXN_00001810,CUST_0050,1285.03,EUR,WITHDRAWAL,HEALTHCARE,2024-06-14 15:24:14,False,78776.59
TXN_00004349,CUST_0049,108.79,EUR,PURCHASE,GROCERY,2024-06-14 18:00:06,False,71870.49
TXN_00005498,CUST_0140,419.44,EUR,TRANSFER,HEALTHCARE,2024-06-14 18:11:21,False,63320.29
TXN_00006793,CUST_0133,183.11,GBP,PURCHASE,ELECTRONICS,2024-06-14 18:44:24,False,75676.58
TXN_00009872,CUST_0039,308.86,EUR,PURCHASE,GROCERY,2024-06-14 19:12:19,False,13677.18
TXN_00002963,CUST_0059,224.22,USD,TRANSFER,GROCERY,2024-06-14 19:21:42,False,34406.16
TXN_00006202,CUST_0154,624.92,EUR,TRANSFER,HEALTHCARE,2024-06-14 23:00:13,False,3071.02
TXN_00006967,CUST_0123,348.63,USD,PURCHASE,GROCERY,2024-06-15 06:08:39,False,87593.43
TXN_00002483,CUST_0016,465.32,USD,WITHDRAWAL,ELECTRONICS,2024-06-15 06:19:07,False,42978.82
TXN_00001661,CUST_0186,146.23,EUR,TRANSFER,TRAVEL,2024-06-15 06:19:23,False,78409.93
TXN_00007565,CUST_0161,82.52,GBP,PURCHASE,ELECTRONICS,2024-06-15 07:06:22,False,93992.95
TXN_00009699,CUST_0129,227.67,GBP,TRANSFER,ELECTRONICS,2024-06-15 09:09:45,False,20767.81
TXN_00009357,CUST_0013,190.89,EUR,PURCHASE,DINING,2024-06-15 09:16:22,False,83770.19
TXN_00007387,CUST_0035,1635.09,EUR,PURCHASE,HEALTHCARE,2024-06-15 10:01:50,False,36675.22
TXN_00005418,CUST_0022,56.2,EUR,TRANSFER,TRAVEL,2024-06-15 12:24:16,False,52944.13
TXN_00005262,CUST_0121,165.24,EUR,PURCHASE,TRAVEL,2024-06-15 12:39:55,False,55395.49
TXN_00000987,CUST_0137,255.31,EUR,WITHDRAWAL,DINING,2024-06-15 13:03:32,False,29959.59
TXN_00003790,CUST_0040,2106.12,EUR,PURCHASE,GROCERY,2024-06-15 13:08:27,False,70482.75
TXN_00004052,CUST_0195,127.32,USD,PURCHASE,DINING,2024-06-15 14:05:56,False,55962.86
TXN_00003015,CUST_0189,245.68,EUR,WITHDRAWAL,DINING,2024-06-15 14:44:31,False,30700.57
TXN_00006136,CUST_0066,129.93,USD,TRANSFER,TRAVEL,2024-06-15 15:10:00,False,7998.2
TXN_00003906,CUST_0053,105.58,EUR,PURCHASE,HEALTHCARE,2024-06-15 15:41:17,False,23577.28
TXN_00004914,CUST_0025,3039.04,EUR,PURCHASE,HEALTHCARE,2024-06-15 15:56:03,False,2070.33
TXN_00008836,CUST_0064,6276.28,USD,PURCHASE,DINING,2024-06-15 16:45:53,False,11016.59
TXN_00003832,CUST_0037,1354.45,EUR,TRANSFER,GROCERY,2024-06-15 16:46:51,True,6917.82
TXN_00006692,CUST_0097,215.97,GBP,TRANSFER,ELECTRONICS,2024-06-15 16:52:02,False,55018.09
TXN_00007466,CUST_0162,31.78,EUR,PURCHASE,UTILITIES,2024-06-15 17:36:14,False,55749.23
TXN_00002155,CUST_0022,344.37,EUR,WITHDRAWAL,HEALTHCARE,2024-06-15 18:19:32,False,28503.54
TXN_00008145,CUST_0089,160.29,EUR,TRANSFER,ELECTRONICS,2024-06-15 19:10:45,False,92068.99
TXN_00000967,CUST_0023,307.32,EUR,WITHDRAWAL,GROCERY,2024-06-15 20:56:16,False,33410.17
TXN_00009650,CUST_0197,21.64,EUR,PURCHASE,HEALTHCARE,2024-06-15 21:17:54,False,86734.55
TXN_00001923,CUST_0050,165.1,EUR,PURCHASE,TRAVEL,2024-06-15 22:59:40,False,56078.74
TXN_00007212,CUST_0092,-912.96,EUR,REFUND,TRAVEL,2024-06-15 23:00:26,False,24409.29
TXN_00003428,CUST_0131,335.68,EUR,PURCHASE,TRAVEL,2024-06-16 05:04:37,False,76968.88
TXN_00009537,CUST_0123,71.54,USD,TRANSFER,UTILITIES,2024-06-16 07:10:05,False,57548.14
TXN_00006904,CUST_0148,417.06,EUR,TRANSFER,ELECTRONICS,2024-06-16 07:55:36,False,66262.89
TXN_00008458,CUST_0094,154.75,GBP,PURCHASE,ELECTRONICS,2024-06-16 08:18:41,False,59005.99
TXN_00007359,CUST_0023,179.71,EUR,PURCHASE,GROCERY,2024-06-16 08:23:40,False,74236.74
TXN_00001608,CUST_0016,273.69,EUR,TRANSFER,UTILITIES,2024-06-16 09:17:54,False,3493.48
TXN_00007539,CUST_0022,-478.46,GBP,REFUND,TRAVEL,2024-06-16 11:07:33,False,69404.55
TXN_00005350,CUST_0061,21.91,GBP,PURCHASE,TRAVEL,2024-06-16 11:08:05,False,53410.66
TXN_00007681,CUST_0090,57.95,EUR,PURCHASE,TRAVEL,2024-06-16 12:09:09,False,67734.38
TXN_00008034,CUST_0063,152.81,EUR,WITHDRAWAL,ELECTRONICS,2024-06-16 13:20:17,False,7720.08
TXN_00001476,CUST_0034,89.95,EUR,PURCHASE,GROCERY,2024-06-16 13:32:23,False,3753.67
TXN_00001723,CUST_0035,1062.21,USD,TRANSFER,TRAVEL,2024-06-16 13:47:50,False,74875.42
TXN_00007741,CUST_0081,133.0,EUR,TRANSFER,HEALTHCARE,2024-06-16 14:00:56,False,38786.57
TXN_00001467,CUST_0070,67.39,USD,WITHDRAWAL,TRAVEL,2024-06-16 14:50:41,False,82190.76
TXN_00000671,CUST_0032,144.38,EUR,PURCHASE,GROCERY,2024-06-16 14:57:27,False,45011.11
TXN_00002992,CUST_0176,249.21,EUR,PURCHASE,TRAVEL,2024-06-16 15:17:31,False,46435.97
TXN_00009263,CUST_0175,79.39,EUR,WITHDRAWAL,UTILITIES,2024-06-16 15:27:55,False,998.59
TXN_00001015,CUST_0184,130.19,EUR,PURCHASE,TRAVEL,2024-06-16 15:38:48,False,46885.84
TXN_00008028,CUST_0118,129.8,GBP,PURCHASE,GROCERY,2024-06-16 16:19:59,False,43733.06
TXN_00006383,CUST_0097,284.92,USD,PURCHASE,ELECTRONICS,2024-06-16 17:27:45,False,59556.71
TXN_00009756,CUST_0198,108.42,EUR,TRANSFER,ELECTRONICS,2024-06-16 17:40:50,False,95554.69
TXN_00002266,CUST_0076,26.97,EUR,WITHDRAWAL,UTILITIES,2024-06-16 17:46:10,False,69978.01
TXN_00005342,CUST_0041,2601.13,EUR,PURCHASE,HEALTHCARE,2024-06-16 18:51:30,False,57731.81
TXN_00003367,CUST_0180,168.37,EUR,PURCHASE,GROCERY,2024-06-16 19:01:50,False,2741.5
TXN_00001030,CUST_0069,471.66,EUR,PURCHASE,TRAVEL,2024-06-16 20:36:14,False,94655.44
TXN_00003284,CUST_0098,227.99,EUR,PURCHASE,ELECTRONICS,2024-06-16 21:26:34,False,6957.43
TXN_00000975,CUST_0066,11.83,USD,WITHDRAWAL,ELECTRONICS,2024-06-16 23:18:52,False,34901.12
TXN_00005128,CUST_0116,159.1,EUR,WITHDRAWAL,UTILITIES,2024-06-17 04:06:09,False,21721.98
TXN_00001979,CUST_0097,240.96,EUR,PURCHASE,ELECTRONICS,2024-06-17 07:09:23,False,99003.7
TXN_00008782,CUST_0003,187.36,EUR,TRANSFER,TRAVEL,2024-06-17 07:23:07,False,5196.13
TXN_00003440,CUST_0060,317.68,EUR,PURCHASE,UTILITIES,2024-06-17 07:55:31,False,56722.0
TXN_00008127,CUST_0197,2352.31,USD,PURCHASE,GROCERY,2024-06-17 08:57:04,False,43272.13
TXN_00004483,CUST_0113,48.5,USD,PURCHASE,GROCERY,2024-06-17 08:58:15,False,14466.89
TXN_00006899,CUST_0066,25.95,EUR,WITHDRAWAL,ELECTRONICS,2024-06-17 09:15:04,False,63004.75
TXN_00005432,CUST_0124,219.81,EUR,PURCHASE,UTILITIES,2024-06-17 09:16:50,False,74136.08
TXN_00008163,CUST_0007,383.88,USD,PURCHASE,ELECTRONICS,2024-06-17 09:35:36,False,48652.64
TXN_00007061,CUST_0107,110.59,EUR,PURCHASE,TRAVEL,2024-06-17 09:56:41,False,51470.11
TXN_00006319,CUST_0197,323.68,EUR,PURCHASE,HEALTHCARE,2024-06-17 11:13:57,False,36200.23
TXN_00009060,CUST_0132,95.37,USD,PURCHASE,GROCERY,2024-06-17 12:17:14,False,39570.41
TXN_00006069,CUST_0130,789.73,EUR,TRANSFER,GROCERY,2024-06-17 12:24:33,False,49609.65
TXN_00000590,CUST_0105,79.79,EUR,TRANSFER,ELECTRONICS,2024-06-17 12:49:09,False,47466.49
TXN_00004421,CUST_0157,2649.26,EUR,PURCHASE,DINING,2024-06-17 12:50:52,False,99742.9
TXN_00005121,CUST_0182,60.32,EUR,PURCHASE,HEALTHCARE,2024-06-17 13:01:18,False,24328.82
TXN_00007014,CUST_0176,179.97,EUR,PURCHASE,GROCERY,2024-06-17 13:04:21,True,24392.52
TXN_00009071,CUST_0003,-89.51,EUR,REFUND,HEALTHCARE,2024-06-17 13:05:42,False,37734.46
TXN_00006518,CUST_0039,40.85,USD,PURCHASE,ELECTRONICS,2024-06-17 13:06:13,False,65948.14
TXN_00004166,CUST_0128,70.12,EUR,PURCHASE,DINING,2024-06-17 14:03:07,False,42943.15
TXN_00004919,CUST_0084,3989.96,USD,PURCHASE,TRAVEL,2024-06-17 14:04:04,False,43509.76
TXN_00000371,CUST_0030,288.03,EUR,PURCHASE,ELECTRONICS,2024-06-17 14:12:42,False,54199.93
TXN_00008712,CUST_0050,109.78,EUR,PURCHASE,GROCERY,2024-06-17 14:35:01,False,56436.59
TXN_00009456,CUST_0178,94.18,EUR,WITHDRAWAL,TRAVEL,2024-06-17 14:54:52,False,35727.7
TXN_00008519,CUST_0180,171.44,EUR,PURCHASE,UTILITIES,2024-06-17 17:52:12,False,9993.2
TXN_00002380,CUST_0095,116.13,EUR,PURCHASE,UTILITIES,2024-06-17 17:56:16,False,66187.19
TXN_00007307,CUST_0079,318.1,EUR,PURCHASE,HEALTHCARE,2024-06-17 18:45:00,False,90639.04
TXN_00007932,CUST_0110,83.73,EUR,TRANSFER,UTILITIES,2024-06-17 19:25:55,False,56809.45
TXN_00002225,CUST_0006,1041.47,GBP,TRANSFER,TRAVEL,2024-06-17 19:28:57,False,82611.79
TXN_00009907,CUST_0175,135.52,EUR,PURCHASE,UTILITIES,2024-06-18 02:53:15,False,87780.4
TXN_00007677,CUST_0155,45.08,USD,TRANSFER,UTILITIES,2024-06-18 03:26:37,False,35398.52
TXN_00002745,CUST_0045,-3061.8,EUR,REFUND,DINING,2024-06-18 07:49:03,False,59017.05
TXN_00005399,CUST_0146,20.04,USD,PURCHASE,ELECTRONICS,2024-06-18 08:21:38,False,33217.85
TXN_00005340,CUST_0016,786.46,USD,TRANSFER,ELECTRONICS,2024-06-18 09:03:53,False,47744.92
TXN_00004299,CUST_0047,7990.46,EUR,WITHDRAWAL,UTILITIES,2024-06-18 09:45:52,False,69852.85
TXN_00008612,CUST_0087,371.17,USD,WITHDRAWAL,GROCERY,2024-06-18 09:59:57,False,55541.5
TXN_00001816,CUST_0131,-19.52,EUR,REFUND,DINING,2024-06-18 11:37:34,False,54544.49
TXN_00000006,CUST_0044,476.92,EUR,TRANSFER,GROCERY,2024-06-18 11:50:43,False,2102.47
TXN_00001896,CUST_0103,-131.05,EUR,REFUND,TRAVEL,2024-06-18 12:17:49,False,19934.5
TXN_00002557,CUST_0038,51.52,EUR,WITHDRAWAL,UTILITIES,2024-06-18 12:45:21,False,21093.27
TXN_00002768,CUST_0152,331.78,USD,PURCHASE,ELECTRONICS,2024-06-18 13:13:38,False,66087.58
TXN_00009143,CUST_0086,2777.5,EUR,TRANSFER,GROCERY,2024-06-18 14:01:34,False,92388.23
TXN_00007945,CUST_0195,59.37,USD,PURCHASE,ELECTRONICS,2024-06-18 14:07:31,False,42832.94
TXN_00004525,CUST_0038,22.31,EUR,TRANSFER,ELECTRONICS,2024-06-18 14:44:53,False,56301.69
TXN_00005625,CUST_0098,55.51,EUR,WITHDRAWAL,HEALTHCARE,2024-06-18 14:50:23,False,53469.06
TXN_00007006,CUST_0086,95.43,EUR,PURCHASE,GROCERY,2024-06-18 15:12:20,False,6250.62
TXN_00009203,CUST_0106,140.66,EUR,TRANSFER,ELECTRONICS,2024-06-18 15:16:54,False,72505.1
TXN_00006424,CUST_0112,911.0,EUR,PURCHASE,GROCERY,2024-06-18 15:49:19,False,69008.4
TXN_00009333,CUST_0061,231.49,EUR,PURCHASE,DINING,2024-06-18 15:51:01,False,33545.05
TXN_00007409,CUST_0085,-38.04,EUR,REFUND,DINING,2024-06-18 18:34:10,False,55042.21
TXN_00004360,CUST_0056,185.44,EUR,WITHDRAWAL,HEALTHCARE,2024-06-18 20:16:28,False,17092.51
TXN_00003469,CUST_0169,219.36,EUR,TRANSFER,GROCERY,2024-06-19 08:04:29,False,11050.55
TXN_00005160,CUST_0122,-626.69,EUR,REFUND,ELECTRONICS,2024-06-19 09:08:46,False,88110.58
TXN_00004149,CUST_0196,1927.7,USD,TRANSFER,ELECTRONICS,2024-06-19 10:28:07,False,26306.6
TXN_00005481,CUST_0086,282.65,EUR,TRANSFER,TRAVEL,2024-06-19 11:51:06,False,17952.8
TXN_00009595,CUST_0160,239.57,USD,TRANSFER,TRAVEL,2024-06-19 12:11:19,False,89889.06
TXN_00009229,CUST_0176,8.72,USD,PURCHASE,UTILITIES,2024-06-19 12:15:58,False,37013.21
TXN_00004219,CUST_0004,4048.66,EUR,PURCHASE,GROCERY,2024-06-19 12:26:06,False,47276.48
TXN_00004738,CUST_0010,80.58,EUR,TRANSFER,HEALTHCARE,2024-06-19 13:27:45,False,75187.59
TXN_00004828,CUST_0011,198.09,USD,PURCHASE,HEALTHCARE,2024-06-19 13:55:01,False,58044.93
TXN_00006502,CUST_0187,655.48,EUR,WITHDRAWAL,DINING,2024-06-19 14:01:59,False,52906.43
TXN_00002522,CUST_0053,40.61,USD,PURCHASE,UTILITIES,2024-06-19 15:16:11,False,57318.24
TXN_00002688,CUST_0036,1498.54,EUR,PURCHASE,DINING,2024-06-19 15:18:33,True,25253.9
TXN_00006341,CUST_0179,2548.28,EUR,PURCHASE,UTILITIES,2024-06-19 15:40:13,False,17745.4
TXN_00004643,CUST_0120,615.02,EUR,PURCHASE,ELECTRONICS,2024-06-19 16:18:13,False,44798.7
TXN_00003435,CUST_0116,392.85,EUR,PURCHASE,ELECTRONICS,2024-06-19 16:20:14,False,80332.64
TXN_00001707,CUST_0174,1269.86,EUR,PURCHASE,DINING,2024-06-19 16:56:14,False,36559.7
TXN_00004384,CUST_0199,1978.32,EUR,PURCHASE,ELECTRONICS,2024-06-19 17:20:03,False,76019.69
TXN_00001549,CUST_0082,1061.28,EUR,WITHDRAWAL,GROCERY,2024-06-19 17:58:31,False,52838.98
TXN_00008840,CUST_0165,55.9,EUR,TRANSFER,HEALTHCARE,2024-06-19 20:33:00,False,36165.65
TXN_00007445,CUST_0004,3325.11,USD,TRANSFER,HEALTHCARE,2024-06-19 20:38:09,False,96257.64
TXN_00008061,CUST_0110,85.14,GBP,PURCHASE,UTILITIES,2024-06-19 22:17:55,False,73224.1
TXN_00002327,CUST_0071,59.72,EUR,PURCHASE,GROCERY,2024-06-20 03:15:13,False,84088.87
TXN_00007323,CUST_0152,18.47,EUR,TRANSFER,DINING,2024-06-20 08:02:57,False,35403.51
TXN_00007253,CUST_0098,1197.43,EUR,PURCHASE,HEALTHCARE,2024-06-20 08:15:31,False,48777.98
TXN_00001421,CUST_0020,141.81,USD,PURCHASE,TRAVEL,2024-06-20 10:05:41,False,32093.02
TXN_00003863,CUST_0086,45.02,EUR,PURCHASE,HEALTHCARE,2024-06-20 10:24:08,False,18013.18
TXN_00008538,CUST_0136,115.75,EUR,PURCHASE,ELECTRONICS,2024-06-20 10:41:46,False,89279.38
TXN_00003597,CUST_0009,235.13,EUR,PURCHASE,DINING,2024-06-20 10:50:18,False,19857.31
TXN_00001897,CUST_0141,1238.28,EUR,PURCHASE,GROCERY,2024-06-20 11:38:15,False,46055.32
TXN_00003684,CUST_0181,106.81,EUR,PURCHASE,UTILITIES,2024-06-20 11:42:43,False,35659.96
TXN_00009648,CUST_0122,744.88,EUR,WITHDRAWAL,GROCERY,2024-06-20 12:25:55,False,88995.89
TXN_00008407,CUST_0067,44.35,USD,PURCHASE,UTILITIES,2024-06-20 13:28:00,False,67641.76
TXN_00001416,CUST_0134,1222.11,USD,WITHDRAWAL,HEALTHCARE,2024-06-20 13:42:17,False,44133.36
TXN_00006410,CUST_0038,377.71,EUR,TRANSFER,DINING,2024-06-20 14:10:48,False,25951.17
TXN_00002618,CUST_0026,139.73,EUR,PURCHASE,HEALTHCARE,2024-06-20 14:28:01,False,53318.36
TXN_00009761,CUST_0155,2426.49,GBP,WITHDRAWAL,ELECTRONICS,2024-06-20 15:08:41,False,41604.83
TXN_00004129,CUST_0190,133.59,GBP,PURCHASE,ELECTRONICS,2024-06-20 15:30:54,False,15307.45
TXN_00005500,CUST_0021,200.33,EUR,TRANSFER,DINING,2024-06-20 15:54:16,False,10261.85
TXN_00005280,CUST_0149,418.29,EUR,PURCHASE,UTILITIES,2024-06-20 15:55:37,False,50168.26
TXN_00008447,CUST_0173,-222.21,EUR,REFUND,HEALTHCARE,2024-06-20 15:56:03,False,58238.7
TXN_00007480,CUST_0136,1628.9,USD,TRANSFER,GROCERY,2024-06-20 16:07:02,False,40693.61
TXN_00003226,CUST_0130,-359.15,EUR,REFUND,HEALTHCARE,2024-06-20 18:41:53,False,70992.48
TXN_00001751,CUST_0198,79.95,EUR,PURCHASE,UTILITIES,2024-06-20 18:44:33,False,3521.33
TXN_00001523,CUST_0087,26.03,EUR,PURCHASE,UTILITIES,2024-06-20 20:22:40,False,92563.2
TXN_00000048,CUST_0162,40.62,EUR,TRANSFER,DINING,2024-06-20 20:54:03,False,34654.68
TXN_00008089,CUST_0162,1242.04,EUR,PURCHASE,TRAVEL,2024-06-21 06:32:37,False,55877.85
TXN_00006253,CUST_0146,150.87,USD,WITHDRAWAL,HEALTHCARE,2024-06-21 10:20:13,False,54441.92
TXN_00000830,CUST_0061,282.01,USD,PURCHASE,DINING,2024-06-21 10:33:41,False,34814.43
TXN_00001459,CUST_0062,63.5,EUR,PURCHASE,UTILITIES,2024-06-21 10:45:07,False,3204.31
TXN_00000931,CUST_0133,285.12,GBP,PURCHASE,ELECTRONICS,2024-06-21 11:51:28,False,64567.27
TXN_00000630,CUST_0147,148.75,GBP,PURCHASE,TRAVEL,2024-06-21 11:54:32,False,56033.41
TXN_00000310,CUST_0082,47.12,EUR,PURCHASE,UTILITIES,2024-06-21 11:57:45,True,22807.9
TXN_00004954,CUST_0154,404.67,EUR,PURCHASE,HEALTHCARE,2024-06-21 12:32:32,False,31302.83
TXN_00000495,CUST_0080,91.48,EUR,TRANSFER,UTILITIES,2024-06-21 12:41:46,False,21928.15
TXN_00002748,CUST_0044,44.92,GBP,WITHDRAWAL,HEALTHCARE,2024-06-21 12:52:32,False,44712.06
TXN_00008242,CUST_0103,665.7,EUR,PURCHASE,GROCERY,2024-06-21 12:56:54,False,24273.57
TXN_00006626,CUST_0102,227.09,EUR,TRANSFER,DINING,2024-06-21 13:27:46,True,78084.32
TXN_00004581,CUST_0071,34.31,GBP,PURCHASE,TRAVEL,2024-06-21 13:54:51,False,85357.2
TXN_00007461,CUST_0139,35.28,GBP,PURCHASE,GROCERY,2024-06-21 13:55:16,False,40703.94
TXN_00003480,CUST_0086,15.14,GBP,PURCHASE,GROCERY,2024-06-21 14:05:26,False,16454.92
TXN_00002490,CUST_0177,-257.63,EUR,REFUND,UTILITIES,2024-06-21 14:31:23,False,43242.51
TXN_00009406,CUST_0044,182.03,EUR,PURCHASE,HEALTHCARE,2024-06-21 14:51:21,False,65953.13
TXN_00009630,CUST_0140,1764.38,USD,WITHDRAWAL,HEALTHCARE,2024-06-21 15:24:24,False,33389.2
TXN_00000546,CUST_0105,2246.96,EUR,PURCHASE,UTILITIES,2024-06-21 15:31:27,True,20570.93
TXN_00000250,CUST_0101,1343.86,EUR,PURCHASE,ELECTRONICS,2024-06-21 16:50:35,False,90215.11
TXN_00000425,CUST_0067,7.47,USD,PURCHASE,DINING,2024-06-21 17:07:28,True,82273.17
TXN_00008958,CUST_0025,673.91,GBP,PURCHASE,ELECTRONICS,2024-06-21 17:09:44,False,18834.78
TXN_00000149,CUST_0098,113.86,EUR,TRANSFER,HEALTHCARE,2024-06-21 17:31:44,False,12222.19
TXN_00006701,CUST_0125,196.79,USD,PURCHASE,UTILITIES,2024-06-21 17:35:03,False,27816.16
TXN_00002967,CUST_0150,724.48,EUR,WITHDRAWAL,UTILITIES,2024-06-21 17:42:08,False,41441.47
TXN_00001271,CUST_0140,838.71,USD,PURCHASE,TRAVEL,2024-06-21 18:22:04,False,56172.2
TXN_00004673,CUST_0180,284.88,EUR,TRANSFER,DINING,2024-06-21 19:44:23,False,57384.53
TXN_00006030,CUST_0191,-185.45,EUR,REFUND,DINING,2024-06-21 20:27:02,False,12562.8
TXN_00002460,CUST_0037,943.22,EUR,PURCHASE,UTILITIES,2024-06-22 03:56:58,False,82377.48
TXN_00008574,CUST_0167,16.49,EUR,TRANSFER,TRAVEL,2024-06-22 04:38:23,True,43064.47
TXN_00007821,CUST_0069,91.01,EUR,PURCHASE,DINING,2024-06-22 07:11:40,False,84364.56
TXN_00000598,CUST_0105,1629.0,EUR,PURCHASE,ELECTRONICS,2024-06-22 08:38:48,False,49541.44
TXN_00006426,CUST_0120,211.41,EUR,PURCHASE,ELECTRONICS,2024-06-22 09:17:40,False,35908.44
TXN_00000083,CUST_0184,736.57,USD,PURCHASE,UTILITIES,2024-06-22 11:23:49,False,86450.28
TXN_00003828,CUST_0089,562.2,EUR,PURCHASE,HEALTHCARE,2024-06-22 11:55:18,False,60914.42
TXN_00003806,CUST_0181,1264.3,EUR,PURCHASE,,2024-06-22 12:58:38,False,28563.33
TXN_00005111,CUST_0081,360.24,EUR,TRANSFER,ELECTRONICS,2024-06-22 13:56:53,False,68348.41
TXN_00004743,CUST_0097,90.56,EUR,WITHDRAWAL,UTILITIES,2024-06-22 15:25:20,False,58909.99
TXN_00000732,CUST_0061,49.0,EUR,PURCHASE,TRAVEL,2024-06-22 15:25:51,False,38995.9
TXN_00006776,CUST_0015,77.91,EUR,PURCHASE,ELECTRONICS,2024-06-22 15:33:08,False,20489.74
TXN_00003897,CUST_0040,401.66,EUR,PURCHASE,ELECTRONICS,2024-06-22 16:23:28,True,25685.53
TXN_00008927,CUST_0093,608.91,USD,PURCHASE,UTILITIES,2024-06-22 17:30:44,False,81807.27
TXN_00008036,CUST_0081,4552.55,EUR,PURCHASE,HEALTHCARE,2024-06-22 19:20:31,False,79468.15
TXN_00008150,CUST_0161,8.51,USD,WITHDRAWAL,DINING,2024-06-23 06:24:06,False,62934.76
TXN_00001060,CUST_0040,584.66,EUR,TRANSFER,HEALTHCARE,2024-06-23 09:33:50,False,62076.99
TXN_00004720,CUST_0168,1114.56,EUR,PURCHASE,ELECTRONICS,2024-06-23 09:39:55,False,1329.59
TXN_00008312,CUST_0015,5.06,EUR,PURCHASE,DINING,2024-06-23 09:55:04,False,40218.62
TXN_00005028,CUST_0127,495.96,USD,PURCHASE,,2024-06-23 10:35:24,False,21353.02
TXN_00008618,CUST_0162,1007.23,EUR,PURCHASE,HEALTHCARE,2024-06-23 10:45:23,False,99712.65
TXN_00000450,CUST_0171,898.22,EUR,PURCHASE,GROCERY,2024-06-23 11:48:55,False,15568.83
TXN_00003141,CUST_0060,322.5,EUR,PURCHASE,UTILITIES,2024-06-23 12:02:23,False,70400.42
TXN_00001527,CUST_0185,160.48,EUR,WITHDRAWAL,ELECTRONICS,2024-06-23 12:34:51,False,41463.41
TXN_00006840,CUST_0073,88.71,EUR,PURCHASE,TRAVEL,2024-06-23 13:49:44,False,25643.31
TXN_00001431,CUST_0104,399.2,EUR,PURCHASE,HEALTHCARE,2024-06-23 15:03:50,False,71386.15
TXN_00000856,CUST_0139,74.99,EUR,PURCHASE,DINING,2024-06-23 15:12:36,False,82474.88
TXN_00007853,CUST_0194,578.67,EUR,PURCHASE,UTILITIES,2024-06-23 15:43:25,False,87378.54
TXN_00005831,CUST_0008,274.4,EUR,PURCHASE,TRAVEL,2024-06-23 16:32:02,False,71566.11
TXN_00008311,CUST_0144,51.37,EUR,PURCHASE,HEALTHCARE,2024-06-23 16:32:58,False,3521.06
TXN_00004422,CUST_0171,667.84,GBP,TRANSFER,HEALTHCARE,2024-06-23 16:58:03,False,10899.3
TXN_00001447,CUST_0054,25.34,EUR,PURCHASE,DINING,2024-06-23 17:11:46,False,84162.14
TXN_00009725,CUST_0155,1160.15,GBP,PURCHASE,TRAVEL,2024-06-23 17:19:31,False,29625.66
TXN_00005426,CUST_0089,51.01,EUR,TRANSFER,DINING,2024-06-23 17:37:14,False,50525.88
TXN_00003445,CUST_0191,65.36,EUR,PURCHASE,GROCERY,2024-06-23 18:38:19,False,8041.52
TXN_00006164,CUST_0112,237.79,EUR,TRANSFER,HEALTHCARE,2024-06-23 19:12:32,False,33666.03
TXN_00000970,CUST_0175,186.6,GBP,PURCHASE,TRAVEL,2024-06-23 19:16:02,False,42484.52
TXN_00004549,CUST_0046,509.22,EUR,PURCHASE,HEALTHCARE,2024-06-24 02:02:01,False,35701.67
TXN_00001165,CUST_0133,130.04,EUR,TRANSFER,DINING,2024-06-24 03:17:50,True,58448.0
TXN_00002173,CUST_0085,278.66,EUR,PURCHASE,ELECTRONICS,2024-06-24 03:37:05,False,5504.66
TXN_00003187,CUST_0176,310.05,GBP,TRANSFER,GROCERY,2024-06-24 04:21:16,False,28446.18
TXN_00004387,CUST_0190,3398.51,EUR,PURCHASE,ELECTRONICS,2024-06-24 07:56:41,False,55960.75
TXN_00004899,CUST_0064,-224.8,EUR,REFUND,UTILITIES,2024-06-24 09:32:03,False,25226.23
TXN_00002068,CUST_0129,218.33,EUR,PURCHASE,UTILITIES,2024-06-24 10:48:45,False,66470.09
TXN_00004711,CUST_0051,611.76,EUR,PURCHASE,DINING,2024-06-24 11:12:55,False,9588.95
TXN_00003890,CUST_0017,386.32,EUR,PURCHASE,ELECTRONICS,2024-06-24 11:22:12,False,1547.59
TXN_00000684,CUST_0129,187.14,EUR,WITHDRAWAL,DINING,2024-06-24 12:05:45,True,17450.88
TXN_00002437,CUST_0105,6.49,EUR,PURCHASE,TRAVEL,2024-06-24 12:45:46,False,98416.33
TXN_00000070,CUST_0077,65.78,EUR,PURCHASE,HEALTHCARE,2024-06-24 12:54:21,False,20984.94
TXN_00007053,CUST_0041,614.21,EUR,PURCHASE,HEALTHCARE,2024-06-24 13:11:17,False,68586.23
TXN_00003911,CUST_0074,315.69,EUR,PURCHASE,UTILITIES,2024-06-24 13:39:50,False,70772.95
TXN_00008031,CUST_0166,2060.29,USD,PURCHASE,TRAVEL,2024-06-24 13:59:15,False,12619.06
TXN_00005328,CUST_0016,704.88,EUR,TRANSFER,ELECTRONICS,2024-06-24 14:05:48,False,98070.13
TXN_00003893,CUST_0103,587.76,EUR,WITHDRAWAL,GROCERY,2024-06-24 14:29:43,False,63029.25
TXN_00008197,CUST_0045,252.96,EUR,PURCHASE,GROCERY,2024-06-24 15:35:48,False,24531.17
TXN_00003707,CUST_0063,35.19,GBP,TRANSFER,ELECTRONICS,2024-06-24 16:20:49,False,84560.43
TXN_00008577,CUST_0122,47.61,EUR,PURCHASE,UTILITIES,2024-06-24 16:38:18,False,8031.76
TXN_00003102,CUST_0116,76.01,EUR,WITHDRAWAL,TRAVEL,2024-06-24 16:39:12,False,44394.9
TXN_00004405,CUST_0073,498.18,EUR,PURCHASE,UTILITIES,2024-06-24 16:44:54,True,51180.19
TXN_00006294,CUST_0098,43.04,EUR,PURCHASE,DINING,2024-06-24 20:12:31,False,2521.78
TXN_00005448,CUST_0124,31.99,EUR,PURCHASE,UTILITIES,2024-06-24 21:05:48,False,89700.33
TXN_00000343,CUST_0040,853.43,USD,PURCHASE,UTILITIES,2024-06-25 05:02:44,False,81716.2
TXN_00003952,CUST_0104,342.86,EUR,PURCHASE,TRAVEL,2024-06-25 06:49:01,False,24741.04
TXN_00004808,CUST_0102,1853.01,EUR,TRANSFER,HEALTHCARE,2024-06-25 09:14:22,False,89791.39
TXN_00007052,CUST_0188,52.16,EUR,TRANSFER,HEALTHCARE,2024-06-25 10:08:26,False,31277.35
TXN_00001927,CUST_0191,515.16,GBP,PURCHASE,TRAVEL,2024-06-25 10:25:04,False,77164.1
TXN_00007181,CUST_0116,37.69,USD,PURCHASE,ELECTRONICS,2024-06-25 11:39:43,False,80277.07
TXN_00002322,CUST_0095,213.97,GBP,PURCHASE,ELECTRONICS,2024-06-25 11:58:07,False,8204.42
TXN_00009998,CUST_0035,221.51,USD,PURCHASE,DINING,2024-06-25 11:58:13,False,55714.33
TXN_00007255,CUST_0197,18.4,EUR,PURCHASE,,2024-06-25 12:01:07,False,90963.5
TXN_00005717,CUST_0191,895.45,USD,PURCHASE,TRAVEL,2024-06-25 12:01:16,False,31470.78
TXN_00005374,CUST_0000,1118.61,EUR,PURCHASE,GROCERY,2024-06-25 12:01:52,False,50523.17
TXN_00005558,CUST_0055,1329.11,USD,PURCHASE,TRAVEL,2024-06-25 12:28:20,False,91457.17
TXN_00009869,CUST_0089,25.26,GBP,PURCHASE,GROCERY,2024-06-25 12:30:59,False,80415.95
TXN_00000744,CUST_0188,1062.35,GBP,PURCHASE,UTILITIES,2024-06-25 12:45:48,False,7296.74
TXN_00001837,CUST_0045,497.18,EUR,PURCHASE,GROCERY,2024-06-25 13:02:09,False,69329.18
TXN_00004407,CUST_0017,1972.94,EUR,WITHDRAWAL,TRAVEL,2024-06-25 13:07:57,False,47511.09
TXN_00006162,CUST_0169,144.69,EUR,PURCHASE,DINING,2024-06-25 13:35:14,False,65154.08
TXN_00006026,CUST_0051,5904.91,EUR,PURCHASE,GROCERY,2024-06-25 13:40:13,False,99298.3
TXN_00009434,CUST_0173,93.34,EUR,TRANSFER,UTILITIES,2024-06-25 14:01:14,False,28005.33
TXN_00001182,CUST_0024,-95.38,USD,REFUND,TRAVEL,2024-06-25 15:04:51,False,21281.58
TXN_00002078,CUST_0000,1767.22,USD,PURCHASE,TRAVEL,2024-06-25 15:25:13,False,51467.79
TXN_00009763,CUST_0160,237.28,EUR,WITHDRAWAL,GROCERY,2024-06-25 15:42:10,False,29213.98
TXN_00003618,CUST_0016,34.03,USD,PURCHASE,UTILITIES,2024-06-25 15:42:10,False,30822.01
TXN_00007489,CUST_0161,432.62,EUR,WITHDRAWAL,GROCERY,2024-06-25 16:10:50,False,21406.81
TXN_00005820,CUST_0043,292.22,GBP,PURCHASE,TRAVEL,2024-06-25 16:11:57,True,90044.12
TXN_00005249,CUST_0195,28.65,USD,WITHDRAWAL,DINING,2024-06-25 16:12:31,False,25075.98
TXN_00006850,CUST_0054,145.49,EUR,PURCHASE,DINING,2024-06-25 16:54:03,False,46396.78
TXN_00009433,CUST_0105,170.63,GBP,PURCHASE,GROCERY,2024-06-25 18:03:01,False,95079.63
TXN_00009116,CUST_0017,46.97,USD,PURCHASE,ELECTRONICS,2024-06-25 18:26:02,False,90220.1
TXN_00008467,CUST_0158,80.77,EUR,PURCHASE,GROCERY,2024-06-25 20:23:04,False,29872.05
TXN_00009889,CUST_0094,86.12,GBP,PURCHASE,TRAVEL,2024-06-25 22:50:12,False,47037.64
TXN_00003639,CUST_0037,387.04,EUR,PURCHASE,TRAVEL,2024-06-26 04:56:14,False,80751.66
TXN_00002116,CUST_0164,185.57,EUR,WITHDRAWAL,UTILITIES,2024-06-26 06:43:33,False,75065.89
TXN_00001107,CUST_0022,174.15,EUR,PURCHASE,UTILITIES,2024-06-26 06:47:05,False,70281.2
TXN_00009597,CUST_0019,145.17,EUR,PURCHASE,DINING,2024-06-26 07:29:00,False,33757.59
TXN_00005756,CUST_0039,58.65,USD,PURCHASE,UTILITIES,2024-06-26 07:34:48,False,76801.17
TXN_00000675,CUST_0088,49.8,EUR,PURCHASE,DINING,2024-06-26 09:42:18,False,85188.25
TXN_00008580,CUST_0069,-43.02,USD,REFUND,ELECTRONICS,2024-06-26 10:15:53,False,90752.56
TXN_00003191,CUST_0112,208.55,EUR,WITHDRAWAL,DINING,2024-06-26 10:34:23,False,68015.0
TXN_00003542,CUST_0026,1806.55,EUR,PURCHASE,HEALTHCARE,2024-06-26 11:13:13,True,96845.74
TXN_00008214,CUST_0027,88.14,EUR,PURCHASE,HEALTHCARE,2024-06-26 11:48:56,False,69638.29
TXN_00007141,CUST_0167,630.15,EUR,PURCHASE,HEALTHCARE,2024-06-26 12:00:19,False,27764.28
TXN_00002410,CUST_0144,368.32,EUR,WITHDRAWAL,,2024-06-26 12:32:15,False,80028.32
TXN_00006131,CUST_0191,1093.92,EUR,PURCHASE,HEALTHCARE,2024-06-26 12:39:02,False,23263.46
TXN_00001977,CUST_0168,164.36,EUR,PURCHASE,DINING,2024-06-26 13:12:59,False,49555.94
TXN_00004193,CUST_0191,117.3,EUR,TRANSFER,TRAVEL,2024-06-26 13:16:59,False,12264.2
TXN_00008486,CUST_0102,56.58,USD,PURCHASE,,2024-06-26 13:37:45,False,99751.52
TXN_00005959,CUST_0185,881.67,EUR,PURCHASE,UTILITIES,2024-06-26 13:43:39,False,66255.49
TXN_00009497,CUST_0029,78.35,EUR,TRANSFER,TRAVEL,2024-06-26 14:00:41,False,56282.41
TXN_00000457,CUST_0025,-1765.74,EUR,REFUND,TRAVEL,2024-06-26 14:22:43,False,62137.5
TXN_00002733,CUST_0041,1869.63,USD,PURCHASE,HEALTHCARE,2024-06-26 14:40:44,False,55987.83
TXN_00007490,CUST_0125,18.15,EUR,WITHDRAWAL,DINING,2024-06-26 14:55:56,False,68877.87
TXN_00009847,CUST_0110,134.0,EUR,PURCHASE,TRAVEL,2024-06-26 15:20:39,False,5967.49
TXN_00007551,CUST_0099,66.32,EUR,TRANSFER,ELECTRONICS,2024-06-26 16:53:31,False,92499.77
TXN_00005264,CUST_0022,696.3,EUR,PURCHASE,TRAVEL,2024-06-26 17:02:47,False,35606.73
TXN_00003356,CUST_0134,505.09,GBP,PURCHASE,ELECTRONICS,2024-06-26 17:03:20,False,52245.54
TXN_00005711,CUST_0018,149.76,EUR,WITHDRAWAL,ELECTRONICS,2024-06-26 17:15:27,False,96019.72
TXN_00003539,CUST_0018,84.94,EUR,TRANSFER,GROCERY,2024-06-26 18:02:00,False,1272.26
TXN_00004104,CUST_0047,1373.52,EUR,PURCHASE,TRAVEL,2024-06-26 18:37:21,False,8139.6
TXN_00001778,CUST_0161,541.09,EUR,PURCHASE,TRAVEL,2024-06-26 19:14:29,False,19090.23
TXN_00004537,CUST_0135,133.83,EUR,PURCHASE,GROCERY,2024-06-26 19:41:02,False,24125.69
TXN_00000226,CUST_0161,-42.47,EUR,REFUND,GROCERY,2024-06-26 21:09:43,False,62658.96
TXN_00007836,CUST_0006,435.25,USD,PURCHASE,ELECTRONICS,2024-06-26 21:14:57,False,67166.11
TXN_00000651,CUST_0076,253.79,EUR,PURCHASE,DINING,2024-06-26 21:32:26,False,63232.65
TXN_00000357,CUST_0040,1778.99,EUR,PURCHASE,UTILITIES,2024-06-26 22:17:16,False,46646.1
TXN_00004150,CUST_0137,177.33,EUR,TRANSFER,GROCERY,2024-06-27 07:25:17,False,84207.58
TXN_00009363,CUST_0028,123.28,USD,PURCHASE,UTILITIES,2024-06-27 07:28:18,False,86741.69
TXN_00009088,CUST_0020,588.35,EUR,TRANSFER,TRAVEL,2024-06-27 08:35:16,False,35621.4
TXN_00007803,CUST_0167,691.08,EUR,WITHDRAWAL,UTILITIES,2024-06-27 09:01:47,False,33809.75
TXN_00004552,CUST_0052,891.11,USD,PURCHASE,HEALTHCARE,2024-06-27 09:29:35,False,60564.14
TXN_00006761,CUST_0192,90.98,EUR,PURCHASE,ELECTRONICS,2024-06-27 09:53:37,False,88939.96
TXN_00001143,CUST_0074,175.32,EUR,WITHDRAWAL,DINING,2024-06-27 10:19:36,False,25799.58
TXN_00009931,CUST_0136,58.93,EUR,PURCHASE,ELECTRONICS,2024-06-27 11:04:46,False,70585.08
TXN_00005773,CUST_0032,112.31,GBP,PURCHASE,UTILITIES,2024-06-27 11:19:16,False,34481.93
TXN_00004829,CUST_0134,539.11,EUR,PURCHASE,GROCERY,2024-06-27 11:45:18,False,80792.88
TXN_00003752,CUST_0078,291.73,EUR,TRANSFER,DINING,2024-06-27 11:53:36,False,81401.16
TXN_00005992,CUST_0113,393.72,EUR,WITHDRAWAL,TRAVEL,2024-06-27 11:58:29,False,65047.78
TXN_00000853,CUST_0086,985.73,USD,WITHDRAWAL,ELECTRONICS,2024-06-27 12:36:16,False,89069.33
TXN_00006713,CUST_0136,2010.65,EUR,PURCHASE,DINING,2024-06-27 12:59:04,False,85056.76
TXN_00003954,CUST_0138,596.27,EUR,PURCHASE,DINING,2024-06-27 13:05:08,False,26934.88
TXN_00005208,CUST_0180,631.75,EUR,WITHDRAWAL,HEALTHCARE,2024-06-27 13:47:48,False,89676.66
TXN_00003503,CUST_0009,807.8,EUR,PURCHASE,TRAVEL,2024-06-27 14:36:34,False,66711.08
TXN_00000456,CUST_0112,85.6,USD,TRANSFER,TRAVEL,2024-06-27 16:30:55,False,7045.15
TXN_00003210,CUST_0123,308.98,EUR,PURCHASE,TRAVEL,2024-06-27 16:42:00,False,6278.47
TXN_00002971,CUST_0173,762.68,USD,PURCHASE,DINING,2024-06-27 17:03:22,False,74225.12
TXN_00001442,CUST_0096,102.18,EUR,TRANSFER,GROCERY,2024-06-27 17:08:39,False,45255.79
TXN_00009702,CUST_0043,99.08,EUR,PURCHASE,ELECTRONICS,2024-06-27 17:24:35,False,3380.62
TXN_00009152,CUST_0037,300.91,EUR,PURCHASE,UTILITIES,2024-06-27 17:34:07,False,76677.56
TXN_00006885,CUST_0133,73.73,USD,PURCHASE,,2024-06-27 20:28:41,False,21091.56
TXN_00001304,CUST_0015,57.92,EUR,PURCHASE,UTILITIES,2024-06-28 01:02:14,False,798.57
TXN_00008274,CUST_0097,1061.69,USD,WITHDRAWAL,GROCERY,2024-06-28 03:11:07,False,34764.06
TXN_00003913,CUST_0112,1317.04,EUR,PURCHASE,GROCERY,2024-06-28 04:14:17,False,62569.23
TXN_00001968,CUST_0144,128.46,EUR,PURCHASE,HEALTHCARE,2024-06-28 04:37:19,False,37061.57
TXN_00002656,CUST_0194,33.55,EUR,PURCHASE,GROCERY,2024-06-28 05:20:36,False,72809.79
TXN_00003603,CUST_0140,1442.45,GBP,PURCHASE,ELECTRONICS,2024-06-28 05:51:03,False,69210.12
TXN_00007162,CUST_0181,496.19,EUR,PURCHASE,GROCERY,2024-06-28 09:02:53,False,1164.18
TXN_00009882,CUST_0159,95.36,EUR,PURCHASE,ELECTRONICS,2024-06-28 09:29:17,False,5544.88
TXN_00006791,CUST_0092,128.77,EUR,PURCHASE,HEALTHCARE,2024-06-28 09:37:35,False,85136.9
TXN_00003485,CUST_0185,5135.56,EUR,TRANSFER,TRAVEL,2024-06-28 10:28:47,False,93117.26
TXN_00004973,CUST_0086,2799.01,USD,TRANSFER,ELECTRONICS,2024-06-28 10:33:41,False,69849.85
TXN_00001669,CUST_0063,19516.37,USD,WITHDRAWAL,GROCERY,2024-06-28 10:41:31,False,50074.71
TXN_00009726,CUST_0014,232.06,EUR,PURCHASE,HEALTHCARE,2024-06-28 10:56:03,False,5122.33
TXN_00004072,CUST_0013,5096.4,EUR,PURCHASE,HEALTHCARE,2024-06-28 11:09:40,False,69752.61
TXN_00009926,CUST_0132,82.68,EUR,PURCHASE,ELECTRONICS,2024-06-28 12:09:22,False,50593.03
TXN_00004760,CUST_0007,1849.4,EUR,WITHDRAWAL,TRAVEL,2024-06-28 13:24:45,False,42808.58
TXN_00001671,CUST_0187,39.98,USD,PURCHASE,TRAVEL,2024-06-28 13:39:22,False,55144.42
TXN_00000269,CUST_0026,850.13,EUR,PURCHASE,TRAVEL,2024-06-28 14:05:52,False,87814.89
TXN_00006239,CUST_0007,294.65,USD,TRANSFER,UTILITIES,2024-06-28 14:39:10,False,99248.12
TXN_00004529,CUST_0073,818.96,USD,WITHDRAWAL,ELECTRONICS,2024-06-28 14:43:12,False,55087.46
TXN_00005316,CUST_0187,2201.33,EUR,PURCHASE,DINING,2024-06-28 14:52:02,False,18871.28
TXN_00008642,CUST_0170,-560.94,EUR,REFUND,ELECTRONICS,2024-06-28 14:58:09,False,40055.49
TXN_00009394,CUST_0007,7591.83,GBP,TRANSFER,GROCERY,2024-06-28 15:04:01,False,85919.99
TXN_00001195,CUST_0000,501.65,EUR,PURCHASE,DINING,2024-06-28 15:09:43,False,27381.78
TXN_00004091,CUST_0168,44.42,USD,WITHDRAWAL,ELECTRONICS,2024-06-28 15:11:18,False,95637.97
TXN_00003875,CUST_0011,9.22,EUR,TRANSFER,GROCERY,2024-06-28 16:17:52,False,86890.11
TXN_00004354,CUST_0143,23.84,EUR,PURCHASE,UTILITIES,2024-06-28 16:20:07,False,10773.9
TXN_00005513,CUST_0194,189.66,EUR,PURCHASE,UTILITIES,2024-06-28 16:45:35,False,55990.82
TXN_00004282,CUST_0091,1251.53,EUR,TRANSFER,TRAVEL,2024-06-28 17:13:26,False,92960.35
TXN_00002679,CUST_0107,920.01,EUR,PURCHASE,HEALTHCARE,2024-06-28 18:21:04,False,85665.96
TXN_00009310,CUST_0143,13048.08,EUR,TRANSFER,ELECTRONICS,2024-06-28 18:30:40,False,70040.52
TXN_00005469,CUST_0069,140.19,USD,PURCHASE,HEALTHCARE,2024-06-28 19:11:15,False,22220.1
TXN_00006947,CUST_0023,252.73,EUR,PURCHASE,ELECTRONICS,2024-06-28 19:30:25,False,88176.43
TXN_00001986,CUST_0170,1034.79,EUR,TRANSFER,GROCERY,2024-06-29 00:22:45,False,27417.91
TXN_00005673,CUST_0128,211.13,EUR,WITHDRAWAL,UTILITIES,2024-06-29 04:02:40,False,12562.07
TXN_00006488,CUST_0090,1.99,EUR,TRANSFER,GROCERY,2024-06-29 08:09:17,False,33378.23
TXN_00001164,CUST_0198,237.75,USD,WITHDRAWAL,ELECTRONICS,2024-06-29 08:12:24,False,30626.97
TXN_00001328,CUST_0074,416.02,USD,TRANSFER,GROCERY,2024-06-29 09:23:03,False,50854.23
TXN_00009748,CUST_0098,674.91,USD,TRANSFER,TRAVEL,2024-06-29 09:47:27,False,61508.41
TXN_00000948,CUST_0197,48.96,EUR,PURCHASE,HEALTHCARE,2024-06-29 10:04:30,False,71759.57
TXN_00003233,CUST_0060,1725.33,EUR,PURCHASE,TRAVEL,2024-06-29 11:19:38,False,21262.52
TXN_00000882,CUST_0052,1133.89,EUR,PURCHASE,DINING,2024-06-29 12:40:33,False,73380.69
TXN_00005809,CUST_0082,155.12,EUR,PURCHASE,UTILITIES,2024-06-29 14:19:16,False,90868.75
TXN_00004126,CUST_0142,191.67,EUR,PURCHASE,ELECTRONICS,2024-06-29 14:32:53,False,63338.58
TXN_00003878,CUST_0034,281.65,EUR,PURCHASE,GROCERY,2024-06-29 15:18:03,False,65977.5
TXN_00007737,CUST_0040,404.02,EUR,PURCHASE,TRAVEL,2024-06-29 15:22:53,False,63396.77
TXN_00008735,CUST_0025,62.77,EUR,TRANSFER,HEALTHCARE,2024-06-29 15:33:57,False,3275.52
TXN_00003876,CUST_0194,1860.83,USD,PURCHASE,TRAVEL,2024-06-29 15:41:00,False,90825.55
TXN_00009786,CUST_0184,28.94,EUR,WITHDRAWAL,HEALTHCARE,2024-06-29 15:50:39,False,75442.61
TXN_00009411,CUST_0165,869.9,EUR,WITHDRAWAL,HEALTHCARE,2024-06-29 16:04:01,False,75535.65
TXN_00006407,CUST_0039,1475.45,EUR,WITHDRAWAL,HEALTHCARE,2024-06-29 16:26:16,False,96720.12
TXN_00001692,CUST_0166,144.24,USD,PURCHASE,GROCERY,2024-06-29 16:55:06,False,76075.31
TXN_00004773,CUST_0192,717.5,EUR,PURCHASE,UTILITIES,2024-06-29 17:12:53,False,37343.55
TXN_00000932,CUST_0006,29.02,GBP,TRANSFER,ELECTRONICS,2024-06-29 18:49:00,False,68003.37
TXN_00006058,CUST_0100,139.84,GBP,PURCHASE,DINING,2024-06-29 18:59:17,False,78796.02
TXN_00005385,CUST_0145,1584.47,EUR,PURCHASE,DINING,2024-06-29 20:05:32,False,7244.55
TXN_00008977,CUST_0004,177.1,EUR,PURCHASE,ELECTRONICS,2024-06-29 21:01:48,False,7232.22
TXN_00004810,CUST_0024,147.17,EUR,PURCHASE,TRAVEL,2024-06-30 06:22:49,False,59188.9
TXN_00005278,CUST_0016,182.48,EUR,PURCHASE,TRAVEL,2024-06-30 08:11:49,False,50198.11
TXN_00002264,CUST_0009,128.97,EUR,PURCHASE,DINING,2024-06-30 08:47:01,False,46355.61
TXN_00006934,CUST_0068,94.04,GBP,PURCHASE,HEALTHCARE,2024-06-30 09:10:17,False,9207.5
TXN_00007732,CUST_0003,287.08,USD,PURCHASE,UTILITIES,2024-06-30 09:23:40,False,2243.34
TXN_00001703,CUST_0095,204.55,EUR,PURCHASE,,2024-06-30 09:27:55,False,9847.47
TXN_00001129,CUST_0185,631.83,GBP,TRANSFER,DINING,2024-06-30 11:09:21,False,12948.78
TXN_00000261,CUST_0099,114.41,EUR,PURCHASE,UTILITIES,2024-06-30 11:22:56,False,84400.8
TXN_00002790,CUST_0024,1764.05,GBP,PURCHASE,,2024-06-30 11:26:46,False,22228.47
TXN_00001683,CUST_0121,98.12,EUR,TRANSFER,,2024-06-30 12:12:18,True,93491.1
TXN_00005890,CUST_0148,560.12,EUR,PURCHASE,,2024-06-30 12:51:22,False,20173.28
TXN_00000877,CUST_0019,121.01,EUR,WITHDRAWAL,HEALTHCARE,2024-06-30 12:51:23,False,93275.1
TXN_00005305,CUST_0189,162.01,EUR,TRANSFER,GROCERY,2024-06-30 13:17:36,True,33193.07
TXN_00009978,CUST_0103,466.51,EUR,PURCHASE,GROCERY,2024-06-30 13:38:52,False,33583.84
TXN_00002108,CUST_0110,-85.49,GBP,REFUND,HEALTHCARE,2024-06-30 14:15:07,False,53626.3
TXN_00001246,CUST_0041,126.7,EUR,PURCHASE,GROCERY,2024-06-30 14:21:37,False,46339.6
TXN_00005462,CUST_0104,205.63,EUR,PURCHASE,DINING,2024-06-30 14:37:35,True,7956.88
TXN_00001556,CUST_0094,1042.58,EUR,PURCHASE,,2024-06-30 14:55:17,False,37143.16
TXN_00001825,CUST_0039,84.0,GBP,TRANSFER,ELECTRONICS,2024-06-30 14:57:50,False,868.29
TXN_00009430,CUST_0059,539.37,EUR,PURCHASE,UTILITIES,2024-06-30 15:26:01,False,87593.64
TXN_00007365,CUST_0115,643.98,EUR,PURCHASE,TRAVEL,2024-06-30 15:34:46,False,19157.15
TXN_00008216,CUST_0075,-431.18,EUR,REFUND,HEALTHCARE,2024-06-30 15:39:09,False,17100.19
TXN_00005086,CUST_0050,49.85,EUR,PURCHASE,HEALTHCARE,2024-06-30 16:08:59,False,39583.2
TXN_00006040,CUST_0112,856.35,EUR,PURCHASE,TRAVEL,2024-06-30 16:25:53,False,12578.05
TXN_00006929,CUST_0091,661.42,GBP,PURCHASE,TRAVEL,2024-06-30 16:30:16,False,34459.01
TXN_00004113,CUST_0004,4623.83,EUR,PURCHASE,ELECTRONICS,2024-06-30 17:07:14,False,91536.53
TXN_00004645,CUST_0065,45.9,EUR,WITHDRAWAL,HEALTHCARE,2024-06-30 17:37:16,False,1572.97
TXN_00009653,CUST_0087,34.02,GBP,PURCHASE,DINING,2024-06-30 19:10:34,False,73850.76
TXN_00006406,CUST_0066,6976.49,EUR,PURCHASE,UTILITIES,2024-06-30 19:15:21,False,5336.08
TXN_00003338,CUST_0014,44.97,EUR,WITHDRAWAL,GROCERY,2024-06-30 19:17:19,False,17285.42
TXN_00005833,CUST_0136,935.76,EUR,WITHDRAWAL,GROCERY,2024-06-30 20:35:19,False,86345.48
TXN_00002001,CUST_0087,503.79,EUR,PURCHASE,DINING,2024-06-30 22:06:45,False,43423.63
TXN_00005645,CUST_0028,75.51,USD,PURCHASE,ELECTRONICS,2024-07-01 06:06:05,True,25806.67
TXN_00007709,CUST_0080,162.14,EUR,PURCHASE,HEALTHCARE,2024-07-01 06:41:43,False,75428.58
TXN_00009138,CUST_0189,12.47,EUR,PURCHASE,GROCERY,2024-07-01 07:02:04,False,29034.82
TXN_00003330,CUST_0198,119.61,EUR,PURCHASE,HEALTHCARE,2024-07-01 07:14:44,False,30328.25
TXN_00007881,CUST_0152,510.26,USD,PURCHASE,DINING,2024-07-01 08:43:21,False,56989.88
TXN_00001939,CUST_0198,34.76,USD,PURCHASE,TRAVEL,2024-07-01 09:58:08,False,65358.89
TXN_00001507,CUST_0129,26.02,EUR,PURCHASE,HEALTHCARE,2024-07-01 10:13:48,False,60950.28
TXN_00005079,CUST_0077,85.87,USD,PURCHASE,ELECTRONICS,2024-07-01 10:30:49,False,90411.07
TXN_00003838,CUST_0084,72.36,EUR,PURCHASE,HEALTHCARE,2024-07-01 11:26:12,False,86695.28
TXN_00001226,CUST_0026,327.65,EUR,TRANSFER,TRAVEL,2024-07-01 12:01:29,False,52095.01
TXN_00000750,CUST_0102,775.33,EUR,PURCHASE,DINING,2024-07-01 12:10:45,False,63005.5
TXN_00009634,CUST_0009,485.3,EUR,WITHDRAWAL,TRAVEL,2024-07-01 12:28:47,False,53118.45
TXN_00006303,CUST_0066,61.42,GBP,TRANSFER,HEALTHCARE,2024-07-01 13:52:03,False,81288.58
TXN_00000595,CUST_0040,48.94,GBP,PURCHASE,TRAVEL,2024-07-01 14:08:24,False,92245.13
TXN_00009124,CUST_0066,52.57,USD,PURCHASE,GROCERY,2024-07-01 14:21:19,False,12207.59
TXN_00009461,CUST_0070,173.81,EUR,PURCHASE,ELECTRONICS,2024-07-01 14:48:12,False,78884.3
TXN_00006481,CUST_0039,190.05,EUR,PURCHASE,HEALTHCARE,2024-07-01 14:48:12,False,9836.62
TXN_00006568,CUST_0127,800.12,EUR,PURCHASE,UTILITIES,2024-07-01 15:22:39,False,36498.37
TXN_00007962,CUST_0007,14.22,EUR,PURCHASE,TRAVEL,2024-07-01 15:35:43,False,78021.38
TXN_00002548,CUST_0045,475.82,EUR,WITHDRAWAL,TRAVEL,2024-07-01 15:42:59,False,13271.37
TXN_00008528,CUST_0173,2073.54,EUR,PURCHASE,GROCERY,2024-07-01 15:52:25,False,70965.1
TXN_00007383,CUST_0124,58.27,USD,PURCHASE,UTILITIES,2024-07-01 16:27:08,False,40884.53
TXN_00009188,CUST_0074,297.21,EUR,WITHDRAWAL,GROCERY,2024-07-01 17:48:07,False,88165.93
TXN_00008111,CUST_0176,269.01,EUR,TRANSFER,DINING,2024-07-01 18:12:54,False,94686.13
TXN_00006673,CUST_0165,65.53,EUR,PURCHASE,GROCERY,2024-07-01 18:18:01,False,86205.43
TXN_00003901,CUST_0081,218.38,EUR,PURCHASE,TRAVEL,2024-07-01 19:01:12,False,14878.99
TXN_00000607,CUST_0165,802.77,EUR,PURCHASE,HEALTHCARE,2024-07-02 05:02:53,False,39769.73
TXN_00003629,CUST_0017,30.46,EUR,WITHDRAWAL,ELECTRONICS,2024-07-02 06:03:30,False,50628.48
TXN_00008725,CUST_0117,112.5,EUR,PURCHASE,DINING,2024-07-02 06:53:51,False,7419.56
TXN_00007082,CUST_0030,701.5,EUR,PURCHASE,HEALTHCARE,2024-07-02 08:01:39,False,73909.25
TXN_00001218,CUST_0157,1697.17,EUR,PURCHASE,ELECTRONICS,2024-07-02 08:13:44,False,59364.25
TXN_00004450,CUST_0173,737.9,USD,TRANSFER,TRAVEL,2024-07-02 09:03:31,False,46485.34
TXN_00002450,CUST_0079,904.06,USD,WITHDRAWAL,UTILITIES,2024-07-02 09:52:57,False,35115.12
TXN_00001562,CUST_0037,2159.52,EUR,PURCHASE,TRAVEL,2024-07-02 10:23:26,False,99782.01
TXN_00007705,CUST_0071,128.81,EUR,TRANSFER,GROCERY,2024-07-02 10:40:48,False,84325.46
TXN_00003465,CUST_0193,24.26,EUR,TRANSFER,UTILITIES,2024-07-02 10:56:18,False,37234.19
TXN_00004484,CUST_0043,29.17,EUR,TRANSFER,DINING,2024-07-02 11:20:11,True,27981.53
TXN_00007873,CUST_0021,424.12,GBP,PURCHASE,,2024-07-02 12:28:49,False,33095.47
TXN_00007071,CUST_0036,1077.49,EUR,PURCHASE,GROCERY,2024-07-02 12:44:40,False,17318.8
TXN_00009547,CUST_0052,114.66,EUR,PURCHASE,ELECTRONICS,2024-07-02 12:47:18,True,11153.87
TXN_00006814,CUST_0078,48.69,USD,PURCHASE,UTILITIES,2024-07-02 13:11:57,False,70322.1
TXN_00003813,CUST_0071,271.34,EUR,WITHDRAWAL,GROCERY,2024-07-02 14:55:14,False,18336.24
TXN_00008161,CUST_0051,97.09,EUR,PURCHASE,GROCERY,2024-07-02 16:08:34,False,68414.26
TXN_00001752,CUST_0019,-273.15,EUR,REFUND,TRAVEL,2024-07-02 16:22:08,False,51517.1
TXN_00002606,CUST_0017,663.06,GBP,PURCHASE,ELECTRONICS,2024-07-02 17:00:06,False,90313.11
TXN_00005453,CUST_0091,276.01,EUR,PURCHASE,ELECTRONICS,2024-07-02 21:34:44,False,12889.81
TXN_00001545,CUST_0070,555.51,GBP,WITHDRAWAL,DINING,2024-07-03 05:01:08,False,90499.65
TXN_00004024,CUST_0124,60.66,EUR,PURCHASE,TRAVEL,2024-07-03 06:07:36,False,44654.22
TXN_00004667,CUST_0098,133.4,GBP,PURCHASE,DINING,2024-07-03 06:54:51,False,63288.43
TXN_00005336,CUST_0081,1585.09,USD,TRANSFER,UTILITIES,2024-07-03 09:39:21,False,83195.33
TXN_00007785,CUST_0053,552.59,EUR,PURCHASE,TRAVEL,2024-07-03 10:02:36,False,81336.85
TXN_00002591,CUST_0183,182.2,EUR,PURCHASE,TRAVEL,2024-07-03 10:05:27,False,67876.45
TXN_00007267,CUST_0194,161.37,EUR,PURCHASE,UTILITIES,2024-07-03 10:32:19,False,86754.23
TXN_00004844,CUST_0182,-671.06,EUR,REFUND,GROCERY,2024-07-03 11:07:31,False,53838.07
TXN_00003442,CUST_0189,141.09,EUR,TRANSFER,UTILITIES,2024-07-03 11:33:10,False,15929.89
TXN_00004562,CUST_0099,465.38,EUR,TRANSFER,DINING,2024-07-03 11:54:58,False,43481.62
TXN_00004936,CUST_0121,43.88,EUR,WITHDRAWAL,HEALTHCARE,2024-07-03 12:55:32,False,42955.82
TXN_00002787,CUST_0071,550.3,EUR,TRANSFER,HEALTHCARE,2024-07-03 12:57:34,False,71714.34
TXN_00005751,CUST_0083,244.44,EUR,PURCHASE,GROCERY,2024-07-03 13:06:38,False,81470.29
TXN_00007140,CUST_0027,533.68,EUR,PURCHASE,HEALTHCARE,2024-07-03 13:11:39,False,26056.18
TXN_00001586,CUST_0000,-83.18,USD,REFUND,DINING,2024-07-03 13:57:32,False,88038.4
TXN_00007765,CUST_0004,489.56,EUR,WITHDRAWAL,HEALTHCARE,2024-07-03 14:50:17,False,81282.85
TXN_00008088,CUST_0150,611.5,EUR,PURCHASE,HEALTHCARE,2024-07-03 15:13:13,False,42745.22
TXN_00009034,CUST_0130,49.07,USD,PURCHASE,UTILITIES,2024-07-03 15:36:18,False,54548.37
TXN_00008466,CUST_0086,29.58,EUR,PURCHASE,DINING,2024-07-03 16:52:15,False,26658.93
TXN_00002167,CUST_0021,69.09,EUR,PURCHASE,GROCERY,2024-07-03 16:56:33,False,69117.93
TXN_00006901,CUST_0085,82.5,EUR,PURCHASE,GROCERY,2024-07-03 17:04:06,False,62367.1
TXN_00007581,CUST_0147,188.4,USD,PURCHASE,ELECTRONICS,2024-07-03 17:46:45,False,67406.28
TXN_00007219,CUST_0059,9887.96,EUR,TRANSFER,HEALTHCARE,2024-07-03 18:19:58,False,9347.72
TXN_00007441,CUST_0152,447.99,USD,WITHDRAWAL,ELECTRONICS,2024-07-03 18:39:34,False,6485.45
TXN_00005049,CUST_0076,21.52,USD,PURCHASE,DINING,2024-07-03 21:32:09,False,44791.85
TXN_00006688,CUST_0138,1267.35,EUR,PURCHASE,GROCERY,2024-07-04 05:31:28,False,21534.92
TXN_00006765,CUST_0067,-503.32,EUR,REFUND,TRAVEL,2024-07-04 06:29:30,False,66541.49
TXN_00007843,CUST_0068,30.0,EUR,PURCHASE,UTILITIES,2024-07-04 07:54:32,False,32944.77
TXN_00003923,CUST_0160,577.92,USD,PURCHASE,DINING,2024-07-04 08:40:43,False,10656.78
TXN_00002855,CUST_0113,67.0,EUR,WITHDRAWAL,DINING,2024-07-04 08:43:43,True,52907.22
TXN_00000367,CUST_0136,32.79,USD,PURCHASE,TRAVEL,2024-07-04 09:02:55,False,53888.26
TXN_00008608,CUST_0135,396.05,EUR,PURCHASE,UTILITIES,2024-07-04 09:22:50,False,73235.99
TXN_00002661,CUST_0182,560.76,EUR,WITHDRAWAL,TRAVEL,2024-07-04 10:33:59,False,55871.89
TXN_00006053,CUST_0107,524.88,EUR,PURCHASE,GROCERY,2024-07-04 10:53:44,False,70994.69
TXN_00001418,CUST_0090,98.45,EUR,PURCHASE,,2024-07-04 10:57:10,False,87842.11
TXN_00009652,CUST_0107,75.12,EUR,PURCHASE,DINING,2024-07-04 11:19:10,False,18766.87
TXN_00004229,CUST_0193,222.71,EUR,PURCHASE,DINING,2024-07-04 11:21:49,False,59602.31
TXN_00006965,CUST_0108,52.06,EUR,PURCHASE,HEALTHCARE,2024-07-04 12:01:49,False,61981.46
TXN_00002073,CUST_0119,376.92,EUR,PURCHASE,ELECTRONICS,2024-07-04 12:20:04,False,15745.18
TXN_00001941,CUST_0110,98.48,EUR,TRANSFER,DINING,2024-07-04 12:33:34,False,3056.93
TXN_00001730,CUST_0133,118.18,USD,PURCHASE,DINING,2024-07-04 13:14:22,False,14841.71
TXN_00006498,CUST_0127,128.03,GBP,TRANSFER,GROCERY,2024-07-04 13:17:18,False,91872.56
TXN_00007029,CUST_0137,408.42,EUR,PURCHASE,DINING,2024-07-04 13:25:05,False,72964.73
TXN_00002146,CUST_0050,565.91,EUR,TRANSFER,DINING,2024-07-04 13:27:29,False,72893.64
TXN_00004337,CUST_0138,121.09,EUR,PURCHASE,UTILITIES,2024-07-04 13:30:01,False,44412.24
TXN_00000854,CUST_0049,741.07,EUR,PURCHASE,UTILITIES,2024-07-04 13:59:26,False,45661.32
TXN_00008560,CUST_0100,648.36,GBP,TRANSFER,UTILITIES,2024-07-04 14:08:07,False,44858.71
TXN_00004728,CUST_0094,23.01,USD,PURCHASE,TRAVEL,2024-07-04 14:10:58,False,51126.15
TXN_00005130,CUST_0028,70.9,EUR,PURCHASE,DINING,2024-07-04 14:34:52,False,46200.43
TXN_00008562,CUST_0080,2591.92,EUR,PURCHASE,TRAVEL,2024-07-04 15:08:45,False,61837.49
TXN_00000881,CUST_0008,12136.86,EUR,WITHDRAWAL,ELECTRONICS,2024-07-04 15:11:26,False,53384.79
TXN_00006399,CUST_0141,92.76,EUR,PURCHASE,TRAVEL,2024-07-04 15:47:00,False,74297.97
TXN_00003504,CUST_0119,49702.5,EUR,TRANSFER,TRAVEL,2024-07-04 15:58:21,False,90385.93
TXN_00005392,CUST_0074,38.2,EUR,PURCHASE,DINING,2024-07-04 16:32:49,False,47153.49
TXN_00008961,CUST_0191,402.63,USD,TRANSFER,DINING,2024-07-04 17:38:08,False,93438.25
TXN_00007067,CUST_0094,1649.68,EUR,PURCHASE,GROCERY,2024-07-04 18:20:58,False,61216.93
TXN_00001213,CUST_0126,34.76,USD,WITHDRAWAL,,2024-07-04 18:59:34,False,87440.37
TXN_00008364,CUST_0063,34.03,EUR,PURCHASE,UTILITIES,2024-07-04 21:32:48,False,29542.1
TXN_00008908,CUST_0130,26.98,USD,PURCHASE,TRAVEL,2024-07-05 01:45:27,False,24970.2
TXN_00004555,CUST_0025,96.17,EUR,PURCHASE,TRAVEL,2024-07-05 06:45:34,False,90636.86
TXN_00005271,CUST_0028,304.56,GBP,PURCHASE,UTILITIES,2024-07-05 07:10:19,False,80797.35
TXN_00004501,CUST_0009,572.96,EUR,TRANSFER,GROCERY,2024-07-05 07:43:33,False,59216.19
TXN_00006109,CUST_0081,75.15,EUR,PURCHASE,TRAVEL,2024-07-05 07:49:55,False,54888.31
TXN_00003097,CUST_0019,7232.07,EUR,WITHDRAWAL,GROCERY,2024-07-05 08:43:21,False,51566.15
TXN_00002684,CUST_0115,440.5,USD,PURCHASE,UTILITIES,2024-07-05 08:50:49,False,96144.52
TXN_00000347,CUST_0016,59.35,EUR,PURCHASE,GROCERY,2024-07-05 09:57:36,False,72520.78
TXN_00001189,CUST_0108,2431.8,USD,TRANSFER,UTILITIES,2024-07-05 10:12:38,False,63455.72
TXN_00008620,CUST_0000,3419.95,EUR,TRANSFER,GROCERY,2024-07-05 11:02:31,False,98145.32
TXN_00002386,CUST_0189,10.35,EUR,WITHDRAWAL,UTILITIES,2024-07-05 11:02:53,False,5452.93
TXN_00001114,CUST_0126,27.4,EUR,PURCHASE,TRAVEL,2024-07-05 11:29:59,False,40300.9
TXN_00001264,CUST_0093,60.52,EUR,PURCHASE,,2024-07-05 11:31:44,False,7415.72
TXN_00007996,CUST_0003,4.72,USD,PURCHASE,TRAVEL,2024-07-05 11:39:41,False,42195.25
TXN_00001293,CUST_0152,83.04,EUR,WITHDRAWAL,ELECTRONICS,2024-07-05 12:25:15,False,14465.09
TXN_00003649,CUST_0057,25.94,EUR,PURCHASE,UTILITIES,2024-07-05 12:41:51,False,67968.47
TXN_00009682,CUST_0197,1322.69,EUR,WITHDRAWAL,GROCERY,2024-07-05 13:25:22,False,37657.35
TXN_00000132,CUST_0010,127.11,EUR,PURCHASE,GROCERY,2024-07-05 14:30:51,False,62989.27
TXN_00004681,CUST_0031,26.2,USD,TRANSFER,GROCERY,2024-07-05 14:38:56,False,58362.88
TXN_00001454,CUST_0063,155.0,EUR,WITHDRAWAL,ELECTRONICS,2024-07-05 14:51:48,False,17002.47
TXN_00003451,CUST_0138,33.54,EUR,WITHDRAWAL,,2024-07-05 15:42:38,False,57328.69
TXN_00006437,CUST_0019,246.47,EUR,PURCHASE,TRAVEL,2024-07-05 16:02:55,False,28420.65
TXN_00006826,CUST_0150,253.04,EUR,TRANSFER,UTILITIES,2024-07-05 16:23:12,False,35028.22
TXN_00005414,CUST_0002,468.36,EUR,PURCHASE,HEALTHCARE,2024-07-05 16:43:50,False,19677.51
TXN_00000202,CUST_0085,34.93,EUR,PURCHASE,ELECTRONICS,2024-07-05 16:46:22,False,54490.82
TXN_00005339,CUST_0005,98.43,EUR,PURCHASE,UTILITIES,2024-07-05 17:21:20,False,92461.97
TXN_00008801,CUST_0178,31.54,EUR,PURCHASE,GROCERY,2024-07-05 18:12:30,False,65855.38
TXN_00006803,CUST_0000,51.46,EUR,WITHDRAWAL,TRAVEL,2024-07-05 19:31:21,False,77532.24
TXN_00002113,CUST_0168,396.58,EUR,WITHDRAWAL,TRAVEL,2024-07-05 21:28:15,False,36889.33
TXN_00008465,CUST_0079,106.29,EUR,WITHDRAWAL,UTILITIES,2024-07-05 21:59:29,False,9721.24
TXN_00008505,CUST_0196,1447.05,USD,PURCHASE,ELECTRONICS,2024-07-06 05:17:32,False,4044.2
TXN_00009118,CUST_0059,9.69,EUR,PURCHASE,DINING,2024-07-06 08:13:25,False,13109.32
TXN_00001878,CUST_0055,78.43,EUR,PURCHASE,UTILITIES,2024-07-06 10:53:35,False,82957.56
TXN_00007468,CUST_0183,120.29,EUR,TRANSFER,TRAVEL,2024-07-06 11:08:41,False,9939.23
TXN_00009614,CUST_0054,558.0,EUR,TRANSFER,DINING,2024-07-06 11:41:15,False,37394.6
TXN_00000333,CUST_0038,619.5,EUR,PURCHASE,GROCERY,2024-07-06 11:44:33,False,8762.5
TXN_00006770,CUST_0049,70.22,EUR,PURCHASE,UTILITIES,2024-07-06 12:12:19,False,97305.62
TXN_00000568,CUST_0078,316.97,USD,PURCHASE,HEALTHCARE,2024-07-06 12:54:52,False,78214.19
TXN_00000379,CUST_0191,131.44,GBP,TRANSFER,DINING,2024-07-06 13:23:44,False,67857.67
TXN_00000825,CUST_0106,106.5,EUR,PURCHASE,GROCERY,2024-07-06 14:08:00,False,95119.19
TXN_00004790,CUST_0088,415.84,EUR,PURCHASE,DINING,2024-07-06 14:46:27,False,89555.5
TXN_00005403,CUST_0064,491.08,EUR,TRANSFER,TRAVEL,2024-07-06 14:59:05,False,24363.8
TXN_00008257,CUST_0014,140.93,USD,TRANSFER,GROCERY,2024-07-06 15:04:41,False,87842.49
TXN_00005137,CUST_0057,442.31,USD,PURCHASE,TRAVEL,2024-07-06 15:17:48,False,51806.15
TXN_00002232,CUST_0135,201.47,GBP,PURCHASE,GROCERY,2024-07-06 15:40:33,False,47030.34
TXN_00001367,CUST_0159,62.2,EUR,PURCHASE,HEALTHCARE,2024-07-06 16:34:04,False,26450.94
TXN_00000373,CUST_0033,344.66,EUR,PURCHASE,TRAVEL,2024-07-06 17:06:04,False,22256.08
TXN_00002881,CUST_0089,922.46,USD,PURCHASE,UTILITIES,2024-07-06 17:10:12,False,45377.07
TXN_00009668,CUST_0109,54.49,EUR,WITHDRAWAL,UTILITIES,2024-07-06 17:10:29,False,23670.59
TXN_00000511,CUST_0136,739.22,EUR,PURCHASE,ELECTRONICS,2024-07-06 17:45:18,False,27030.5
TXN_00001371,CUST_0187,-58.47,EUR,REFUND,ELECTRONICS,2024-07-06 18:56:21,False,92936.34
TXN_00007110,CUST_0182,2361.81,EUR,PURCHASE,UTILITIES,2024-07-06 19:47:27,False,9208.47
TXN_00008422,CUST_0133,2919.01,EUR,PURCHASE,ELECTRONICS,2024-07-06 21:18:30,False,61538.52
TXN_00002555,CUST_0130,415.95,EUR,PURCHASE,GROCERY,2024-07-07 04:01:41,False,23611.87
TXN_00008922,CUST_0008,195.59,EUR,PURCHASE,TRAVEL,2024-07-07 04:50:16,False,63694.65
TXN_00009457,CUST_0166,939.0,EUR,TRANSFER,DINING,2024-07-07 07:20:35,False,6114.31
TXN_00004382,CUST_0056,916.78,EUR,PURCHASE,DINING,2024-07-07 09:03:03,False,97428.96
TXN_00002545,CUST_0109,176.43,GBP,TRANSFER,TRAVEL,2024-07-07 09:12:50,True,43137.72
TXN_00004977,CUST_0170,2217.21,EUR,WITHDRAWAL,DINING,2024-07-07 09:43:46,False,63184.45
TXN_00008405,CUST_0010,104.57,EUR,PURCHASE,HEALTHCARE,2024-07-07 09:56:50,False,83761.43
TXN_00009622,CUST_0026,278.25,EUR,PURCHASE,HEALTHCARE,2024-07-07 10:12:33,False,63984.3
TXN_00002046,CUST_0019,52.13,EUR,PURCHASE,TRAVEL,2024-07-07 10:18:57,False,35071.26
TXN_00009940,CUST_0140,672.32,GBP,WITHDRAWAL,GROCERY,2024-07-07 11:47:09,False,85442.31
TXN_00005259,CUST_0016,104.58,EUR,WITHDRAWAL,DINING,2024-07-07 11:53:45,False,83765.08
TXN_00009943,CUST_0057,2823.75,EUR,WITHDRAWAL,TRAVEL,2024-07-07 12:06:34,False,86603.0
TXN_00008572,CUST_0126,435.22,EUR,TRANSFER,HEALTHCARE,2024-07-07 13:08:04,False,95358.88
TXN_00004225,CUST_0173,3924.35,EUR,PURCHASE,GROCERY,2024-07-07 13:36:02,False,5452.69
TXN_00001699,CUST_0113,858.05,EUR,PURCHASE,HEALTHCARE,2024-07-07 14:03:39,False,16987.78
TXN_00007320,CUST_0032,312.61,USD,PURCHASE,HEALTHCARE,2024-07-07 14:19:57,False,81253.62
TXN_00009163,CUST_0109,93.72,GBP,PURCHASE,UTILITIES,2024-07-07 14:26:55,False,47153.42
TXN_00002430,CUST_0023,275.3,USD,PURCHASE,GROCERY,2024-07-07 14:41:43,False,5429.57
TXN_00009309,CUST_0027,1134.99,EUR,PURCHASE,UTILITIES,2024-07-07 15:17:43,False,82647.8
TXN_00003916,CUST_0173,75.16,GBP,PURCHASE,GROCERY,2024-07-07 15:31:12,False,87040.34
TXN_00001623,CUST_0135,443.79,EUR,TRANSFER,DINING,2024-07-07 15:53:00,False,60828.6
TXN_00000946,CUST_0124,724.84,GBP,PURCHASE,ELECTRONICS,2024-07-07 16:23:41,False,2354.68
TXN_00003324,CUST_0048,1461.69,EUR,PURCHASE,ELECTRONICS,2024-07-07 16:42:58,False,48818.56
TXN_00001126,CUST_0009,50.39,USD,PURCHASE,GROCERY,2024-07-07 17:17:55,False,6535.7
TXN_00004618,CUST_0138,376.8,EUR,PURCHASE,HEALTHCARE,2024-07-07 17:25:41,False,16638.4
TXN_00003586,CUST_0089,45.79,EUR,PURCHASE,HEALTHCARE,2024-07-07 18:39:04,False,59935.16
TXN_00008632,CUST_0173,531.65,EUR,PURCHASE,HEALTHCARE,2024-07-07 19:11:16,False,83179.03
TXN_00008532,CUST_0000,75.92,EUR,WITHDRAWAL,HEALTHCARE,2024-07-08 05:16:14,False,68170.3
TXN_00000128,CUST_0146,94.55,USD,PURCHASE,UTILITIES,2024-07-08 06:54:12,False,86275.27
TXN_00006349,CUST_0099,87.33,GBP,WITHDRAWAL,DINING,2024-07-08 08:06:16,False,62795.48
TXN_00006153,CUST_0074,591.15,GBP,PURCHASE,ELECTRONICS,2024-07-08 08:07:38,False,64964.97
TXN_00009257,CUST_0022,232.56,EUR,TRANSFER,GROCERY,2024-07-08 08:51:56,False,86044.82
TXN_00002275,CUST_0171,2183.37,USD,WITHDRAWAL,GROCERY,2024-07-08 10:29:20,False,71419.8
TXN_00004000,CUST_0084,544.98,EUR,WITHDRAWAL,HEALTHCARE,2024-07-08 11:17:34,False,89487.65
TXN_00002318,CUST_0142,962.65,EUR,PURCHASE,,2024-07-08 11:36:19,False,45248.57
TXN_00003841,CUST_0023,72.29,EUR,PURCHASE,ELECTRONICS,2024-07-08 12:24:31,False,90734.67
TXN_00000745,CUST_0068,174.36,EUR,PURCHASE,ELECTRONICS,2024-07-08 13:07:42,False,87464.1
TXN_00004079,CUST_0002,-61.86,EUR,REFUND,GROCERY,2024-07-08 13:51:34,False,39167.92
TXN_00005934,CUST_0089,109.9,EUR,PURCHASE,ELECTRONICS,2024-07-08 14:19:53,False,17190.72
TXN_00008142,CUST_0093,14.65,EUR,PURCHASE,HEALTHCARE,2024-07-08 14:58:41,False,56973.53
TXN_00006718,CUST_0150,4.03,EUR,PURCHASE,ELECTRONICS,2024-07-08 15:12:45,False,60473.79
TXN_00004100,CUST_0187,311.27,EUR,PURCHASE,TRAVEL,2024-07-08 15:57:03,False,59757.75
TXN_00003679,CUST_0178,448.23,EUR,TRANSFER,GROCERY,2024-07-08 16:05:05,False,87751.03
TXN_00004804,CUST_0126,12.68,USD,PURCHASE,UTILITIES,2024-07-08 16:28:30,False,10847.42
TXN_00006616,CUST_0090,-13.05,EUR,REFUND,HEALTHCARE,2024-07-08 16:29:50,False,34949.01
TXN_00005763,CUST_0118,491.65,EUR,PURCHASE,TRAVEL,2024-07-08 16:47:19,False,13504.52
TXN_00009843,CUST_0145,98.65,EUR,TRANSFER,GROCERY,2024-07-08 18:15:22,False,76547.82
TXN_00001533,CUST_0187,104.89,USD,TRANSFER,DINING,2024-07-08 18:46:12,True,26300.63
TXN_00007288,CUST_0063,264.32,EUR,PURCHASE,UTILITIES,2024-07-09 05:28:51,False,92326.32
TXN_00008330,CUST_0106,869.51,EUR,PURCHASE,HEALTHCARE,2024-07-09 05:53:54,False,24149.04
TXN_00006677,CUST_0001,852.74,EUR,TRANSFER,DINING,2024-07-09 06:22:49,False,7692.16
TXN_00000560,CUST_0115,183.67,GBP,PURCHASE,ELECTRONICS,2024-07-09 07:06:26,False,49193.91
TXN_00002051,CUST_0010,37.36,USD,PURCHASE,DINING,2024-07-09 08:03:50,False,44779.3
TXN_00003461,CUST_0191,176.25,EUR,PURCHASE,HEALTHCARE,2024-07-09 08:12:36,False,10980.28
TXN_00003739,CUST_0032,190.03,USD,WITHDRAWAL,ELECTRONICS,2024-07-09 08:45:20,False,32978.82
TXN_00003114,CUST_0144,387.46,USD,WITHDRAWAL,GROCERY,2024-07-09 09:21:29,False,39984.82
TXN_00004566,CUST_0124,1229.95,EUR,PURCHASE,HEALTHCARE,2024-07-09 09:28:04,False,40638.95
TXN_00005632,CUST_0036,127.43,EUR,PURCHASE,ELECTRONICS,2024-07-09 10:38:56,False,84815.02
TXN_00003680,CUST_0132,83.03,EUR,PURCHASE,ELECTRONICS,2024-07-09 11:30:25,False,55117.78
TXN_00001489,CUST_0017,2298.31,USD,WITHDRAWAL,TRAVEL,2024-07-09 11:39:08,False,54403.48
TXN_00002019,CUST_0147,127.69,EUR,WITHDRAWAL,HEALTHCARE,2024-07-09 11:43:11,False,52322.54
TXN_00002581,CUST_0004,3639.51,EUR,TRANSFER,DINING,2024-07-09 11:46:00,False,53007.16
TXN_00007609,CUST_0082,107.49,EUR,PURCHASE,GROCERY,2024-07-09 11:46:46,False,73377.47
TXN_00002005,CUST_0185,67.55,USD,TRANSFER,UTILITIES,2024-07-09 11:53:26,False,43752.31
TXN_00002223,CUST_0096,762.61,EUR,PURCHASE,HEALTHCARE,2024-07-09 12:08:59,False,37170.61
TXN_00003849,CUST_0049,27.07,EUR,PURCHASE,UTILITIES,2024-07-09 12:42:45,False,8554.36
TXN_00003495,CUST_0082,120.62,EUR,TRANSFER,GROCERY,2024-07-09 13:14:12,False,31544.99
TXN_00007626,CUST_0124,260.55,USD,PURCHASE,DINING,2024-07-09 13:17:37,False,71026.84
TXN_00001520,CUST_0106,222.93,USD,TRANSFER,TRAVEL,2024-07-09 13:34:58,False,16107.06
TXN_00007958,CUST_0112,484.12,EUR,PURCHASE,DINING,2024-07-09 15:04:44,False,10035.04
TXN_00009930,CUST_0121,55.77,EUR,PURCHASE,GROCERY,2024-07-09 15:39:12,False,75146.53
TXN_00005995,CUST_0061,878.77,USD,WITHDRAWAL,GROCERY,2024-07-09 15:49:21,False,72032.84
TXN_00001596,CUST_0194,2127.85,EUR,PURCHASE,UTILITIES,2024-07-09 16:11:55,False,51915.44
TXN_00009078,CUST_0145,649.92,USD,TRANSFER,UTILITIES,2024-07-09 16:12:11,True,58326.18
TXN_00004303,CUST_0141,30.34,EUR,PURCHASE,HEALTHCARE,2024-07-09 16:12:35,False,5882.68
TXN_00009567,CUST_0116,789.27,GBP,TRANSFER,DINING,2024-07-09 16:59:33,False,95827.13
TXN_00001493,CUST_0022,71.33,EUR,PURCHASE,ELECTRONICS,2024-07-09 17:45:08,False,37013.39
TXN_00003844,CUST_0178,23.6,EUR,PURCHASE,HEALTHCARE,2024-07-09 18:09:22,False,95538.85
TXN_00002683,CUST_0025,4006.88,EUR,TRANSFER,GROCERY,2024-07-09 18:58:55,False,10181.34
TXN_00005036,CUST_0008,47.33,EUR,PURCHASE,TRAVEL,2024-07-09 19:01:37,False,92877.69
TXN_00009460,CUST_0166,136.44,EUR,PURCHASE,ELECTRONICS,2024-07-09 19:34:12,False,14536.71
TXN_00007422,CUST_0195,5.27,EUR,PURCHASE,DINING,2024-07-09 21:36:11,False,23909.77
TXN_00003587,CUST_0046,39.11,EUR,PURCHASE,ELECTRONICS,2024-07-10 07:28:10,False,17395.48
TXN_00000642,CUST_0008,534.15,EUR,TRANSFER,TRAVEL,2024-07-10 08:03:38,False,56074.44
TXN_00000467,CUST_0194,94.49,EUR,PURCHASE,TRAVEL,2024-07-10 08:05:08,False,93695.35
TXN_00003738,CUST_0058,106.03,GBP,PURCHASE,TRAVEL,2024-07-10 09:48:07,False,53491.13
TXN_00006946,CUST_0049,85.72,EUR,PURCHASE,DINING,2024-07-10 10:51:40,False,37368.09
TXN_00008171,CUST_0086,-143.36,USD,REFUND,TRAVEL,2024-07-10 11:42:27,False,62020.74
TXN_00002334,CUST_0122,34.7,EUR,PURCHASE,ELECTRONICS,2024-07-10 11:59:01,False,75635.16
TXN_00003576,CUST_0149,57.48,EUR,WITHDRAWAL,HEALTHCARE,2024-07-10 12:17:50,True,75817.4
TXN_00007135,CUST_0137,-171.09,EUR,REFUND,UTILITIES,2024-07-10 12:40:53,False,81540.74
TXN_00001205,CUST_0104,504.37,EUR,PURCHASE,UTILITIES,2024-07-10 12:50:53,False,9608.14
TXN_00007669,CUST_0075,79.98,GBP,PURCHASE,TRAVEL,2024-07-10 12:55:12,False,5383.18
TXN_00004608,CUST_0034,1237.61,EUR,PURCHASE,HEALTHCARE,2024-07-10 13:24:09,False,37940.02
TXN_00001643,CUST_0127,117.38,EUR,TRANSFER,TRAVEL,2024-07-10 14:02:57,False,98960.73
TXN_00006636,CUST_0070,45.68,EUR,PURCHASE,UTILITIES,2024-07-10 14:19:26,False,91546.02
TXN_00007045,CUST_0107,-256.92,EUR,REFUND,TRAVEL,2024-07-10 14:20:42,False,12102.69
TXN_00008105,CUST_0071,227.9,EUR,TRANSFER,HEALTHCARE,2024-07-10 15:31:11,False,22381.44
TXN_00000105,CUST_0177,771.14,USD,TRANSFER,TRAVEL,2024-07-10 16:04:21,False,72663.16
TXN_00005484,CUST_0119,1525.43,USD,WITHDRAWAL,UTILITIES,2024-07-10 16:11:41,False,2458.58
TXN_00001537,CUST_0005,64.34,USD,PURCHASE,GROCERY,2024-07-10 16:24:37,False,36749.47
TXN_00004060,CUST_0016,497.15,EUR,WITHDRAWAL,TRAVEL,2024-07-10 16:41:06,False,55181.44
TXN_00008343,CUST_0189,234.59,GBP,PURCHASE,HEALTHCARE,2024-07-10 16:52:28,False,69205.36
TXN_00004290,CUST_0021,1858.86,EUR,PURCHASE,HEALTHCARE,2024-07-10 18:17:42,False,79881.94
TXN_00000126,CUST_0186,6.48,GBP,WITHDRAWAL,DINING,2024-07-10 19:35:17,False,26133.41
TXN_00009520,CUST_0153,400.76,EUR,PURCHASE,GROCERY,2024-07-11 02:47:35,False,78574.15
TXN_00007214,CUST_0168,18.28,EUR,PURCHASE,HEALTHCARE,2024-07-11 05:54:16,False,16940.65
TXN_00005940,CUST_0157,32.01,EUR,WITHDRAWAL,UTILITIES,2024-07-11 06:26:44,False,12635.59
TXN_00009808,CUST_0171,170.98,EUR,PURCHASE,UTILITIES,2024-07-11 07:22:06,False,81843.3
TXN_00004721,CUST_0115,810.04,EUR,TRANSFER,GROCERY,2024-07-11 07:34:04,False,1783.06
TXN_00003507,CUST_0081,113.64,EUR,PURCHASE,HEALTHCARE,2024-07-11 09:12:49,False,16997.52
TXN_00001738,CUST_0002,237.48,USD,PURCHASE,ELECTRONICS,2024-07-11 09:20:29,False,2854.93
TXN_00006877,CUST_0124,578.45,USD,TRANSFER,GROCERY,2024-07-11 10:09:40,False,79218.72
TXN_00000385,CUST_0055,3191.72,EUR,PURCHASE,DINING,2024-07-11 10:21:25,False,70537.97
TXN_00001364,CUST_0177,290.63,EUR,WITHDRAWAL,HEALTHCARE,2024-07-11 11:00:16,False,45342.99
TXN_00003753,CUST_0167,955.59,EUR,PURCHASE,ELECTRONICS,2024-07-11 11:41:48,False,50408.16
TXN_00007027,CUST_0090,92.78,EUR,TRANSFER,DINING,2024-07-11 11:45:05,False,38644.99
TXN_00003427,CUST_0159,482.45,EUR,PURCHASE,UTILITIES,2024-07-11 11:54:19,False,12240.88
TXN_00000462,CUST_0032,479.82,EUR,PURCHASE,DINING,2024-07-11 12:16:25,False,18638.54
TXN_00006596,CUST_0160,953.48,EUR,PURCHASE,DINING,2024-07-11 12:25:40,False,40082.84
TXN_00000976,CUST_0124,95.84,USD,WITHDRAWAL,TRAVEL,2024-07-11 12:39:12,False,60925.87
TXN_00003962,CUST_0025,123.86,USD,PURCHASE,TRAVEL,2024-07-11 13:56:40,False,75687.87
TXN_00002836,CUST_0148,103.08,EUR,PURCHASE,HEALTHCARE,2024-07-11 14:02:46,False,83306.09
TXN_00008381,CUST_0041,1281.02,EUR,PURCHASE,HEALTHCARE,2024-07-11 14:16:25,False,22395.85
TXN_00005428,CUST_0036,515.76,EUR,PURCHASE,TRAVEL,2024-07-11 15:06:59,False,67523.24
TXN_00005080,CUST_0105,140.18,EUR,WITHDRAWAL,UTILITIES,2024-07-11 15:51:52,False,1848.26
TXN_00005077,CUST_0025,66.38,GBP,WITHDRAWAL,GROCERY,2024-07-11 20:39:54,False,45188.04
TXN_00004315,CUST_0046,211.43,USD,TRANSFER,GROCERY,2024-07-12 04:19:53,False,30992.7
TXN_00001365,CUST_0158,-6955.67,EUR,REFUND,TRAVEL,2024-07-12 05:28:19,False,70423.89
TXN_00002858,CUST_0017,956.98,EUR,PURCHASE,TRAVEL,2024-07-12 05:58:52,True,90798.65
TXN_00007275,CUST_0160,2635.06,EUR,WITHDRAWAL,TRAVEL,2024-07-12 07:09:20,False,48180.42
TXN_00007163,CUST_0058,234.72,USD,PURCHASE,GROCERY,2024-07-12 08:17:22,False,77911.87
TXN_00008221,CUST_0160,245.28,EUR,PURCHASE,ELECTRONICS,2024-07-12 08:27:50,False,79539.43
TXN_00009738,CUST_0025,71.16,USD,WITHDRAWAL,UTILITIES,2024-07-12 09:08:27,False,21858.42
TXN_00006115,CUST_0196,4859.62,EUR,PURCHASE,ELECTRONICS,2024-07-12 10:13:45,False,62721.21
TXN_00003269,CUST_0117,59.36,GBP,TRANSFER,HEALTHCARE,2024-07-12 10:29:16,False,48891.13
TXN_00001265,CUST_0059,586.59,USD,WITHDRAWAL,DINING,2024-07-12 10:30:02,False,11726.59
TXN_00008737,CUST_0052,209.3,EUR,PURCHASE,,2024-07-12 10:34:51,False,5528.78
TXN_00006822,CUST_0006,493.65,EUR,PURCHASE,DINING,2024-07-12 10:47:14,False,17979.41
TXN_00008480,CUST_0126,134.68,USD,PURCHASE,ELECTRONICS,2024-07-12 10:49:26,False,93505.71
TXN_00008400,CUST_0096,228.47,EUR,PURCHASE,ELECTRONICS,2024-07-12 11:54:04,False,15485.72
TXN_00006434,CUST_0119,2550.18,EUR,TRANSFER,ELECTRONICS,2024-07-12 12:22:30,False,37646.6
TXN_00009491,CUST_0105,237.84,EUR,PURCHASE,DINING,2024-07-12 13:05:47,False,68467.08
TXN_00009166,CUST_0019,302.1,EUR,PURCHASE,TRAVEL,2024-07-12 13:31:35,False,78709.98
TXN_00002216,CUST_0052,49.17,EUR,WITHDRAWAL,UTILITIES,2024-07-12 14:08:27,False,52685.06
TXN_00004451,CUST_0128,118.38,EUR,PURCHASE,HEALTHCARE,2024-07-12 14:45:28,False,55558.75
TXN_00002262,CUST_0182,80.58,EUR,PURCHASE,DINING,2024-07-12 15:34:40,False,544.14
TXN_00002145,CUST_0040,186.96,GBP,PURCHASE,HEALTHCARE,2024-07-12 17:18:03,False,56894.43
TXN_00005692,CUST_0170,5232.7,EUR,PURCHASE,GROCERY,2024-07-12 20:24:17,False,16752.58
TXN_00001727,CUST_0111,5.36,EUR,PURCHASE,UTILITIES,2024-07-13 02:21:48,False,15674.02
TXN_00000069,CUST_0070,945.13,EUR,PURCHASE,ELECTRONICS,2024-07-13 08:16:32,False,8937.06
TXN_00007094,CUST_0127,88.02,EUR,PURCHASE,HEALTHCARE,2024-07-13 08:53:57,False,56822.03
TXN_00003613,CUST_0156,1243.55,EUR,TRANSFER,HEALTHCARE,2024-07-13 09:07:39,False,74632.66
TXN_00008456,CUST_0098,259.39,EUR,PURCHASE,TRAVEL,2024-07-13 09:13:33,False,28803.47
TXN_00004876,CUST_0011,48.26,EUR,WITHDRAWAL,UTILITIES,2024-07-13 10:55:14,False,31930.87
TXN_00004357,CUST_0095,201.66,EUR,PURCHASE,UTILITIES,2024-07-13 11:41:11,False,38160.7
TXN_00001433,CUST_0125,633.1,EUR,WITHDRAWAL,UTILITIES,2024-07-13 11:47:08,False,62916.13
TXN_00009112,CUST_0035,2317.03,EUR,PURCHASE,ELECTRONICS,2024-07-13 11:54:21,True,44536.51
TXN_00003714,CUST_0051,540.96,EUR,TRANSFER,DINING,2024-07-13 12:10:21,False,42229.33
TXN_00008815,CUST_0111,826.97,EUR,PURCHASE,UTILITIES,2024-07-13 12:59:46,False,25305.48
TXN_00008265,CUST_0036,93.43,EUR,WITHDRAWAL,GROCERY,2024-07-13 14:08:07,False,58602.41
TXN_00000773,CUST_0183,281.65,EUR,TRANSFER,ELECTRONICS,2024-07-13 14:27:43,False,80755.4
TXN_00007730,CUST_0190,238.94,EUR,WITHDRAWAL,GROCERY,2024-07-13 14:35:34,False,14321.24
TXN_00006952,CUST_0031,22.89,USD,PURCHASE,TRAVEL,2024-07-13 14:51:42,False,14962.88
TXN_00007618,CUST_0007,199.34,GBP,PURCHASE,ELECTRONICS,2024-07-13 14:55:45,False,3857.94
TXN_00008819,CUST_0100,155.25,EUR,WITHDRAWAL,ELECTRONICS,2024-07-13 15:37:40,False,61202.36
TXN_00007346,CUST_0191,519.9,EUR,PURCHASE,UTILITIES,2024-07-13 16:25:09,False,16694.52
TXN_00004909,CUST_0148,19.46,USD,TRANSFER,GROCERY,2024-07-13 16:29:17,False,16569.34
TXN_00003972,CUST_0039,8.08,EUR,PURCHASE,UTILITIES,2024-07-13 16:29:31,False,54412.89
TXN_00002828,CUST_0078,91.6,EUR,PURCHASE,GROCERY,2024-07-13 17:08:19,False,22414.85
TXN_00005966,CUST_0071,22.46,GBP,PURCHASE,TRAVEL,2024-07-13 17:21:20,False,9773.78
TXN_00006815,CUST_0004,1689.06,EUR,PURCHASE,DINING,2024-07-13 18:54:47,False,20952.8
TXN_00004942,CUST_0021,117.35,USD,PURCHASE,,2024-07-14 03:08:04,False,80520.44
TXN_00002255,CUST_0160,114.86,EUR,TRANSFER,GROCERY,2024-07-14 04:25:46,False,7803.97
TXN_00009817,CUST_0080,51.46,EUR,TRANSFER,ELECTRONICS,2024-07-14 05:03:56,False,68950.82
TXN_00002771,CUST_0101,380.12,EUR,PURCHASE,HEALTHCARE,2024-07-14 06:50:43,False,93466.73
TXN_00001760,CUST_0133,141.63,USD,PURCHASE,DINING,2024-07-14 07:50:23,False,47295.9
TXN_00009934,CUST_0115,141.85,GBP,PURCHASE,HEALTHCARE,2024-07-14 08:38:06,False,9447.61
TXN_00005970,CUST_0099,100.89,EUR,TRANSFER,HEALTHCARE,2024-07-14 08:56:48,False,87448.37
TXN_00003896,CUST_0032,169.7,USD,PURCHASE,ELECTRONICS,2024-07-14 10:39:22,True,51579.45
TXN_00006064,CUST_0101,1044.84,USD,PURCHASE,UTILITIES,2024-07-14 11:05:20,False,20146.26
TXN_00003514,CUST_0093,448.1,EUR,TRANSFER,GROCERY,2024-07-14 11:06:57,False,85796.01
TXN_00001780,CUST_0021,650.11,EUR,PURCHASE,UTILITIES,2024-07-14 11:38:54,False,57246.45
TXN_00004491,CUST_0052,93.56,EUR,TRANSFER,TRAVEL,2024-07-14 12:19:15,False,5996.08
TXN_00004526,CUST_0184,435.06,EUR,TRANSFER,TRAVEL,2024-07-14 12:23:01,False,33588.68
TXN_00001729,CUST_0108,1757.58,USD,PURCHASE,ELECTRONICS,2024-07-14 12:30:43,False,92400.7
TXN_00003248,CUST_0075,73.36,EUR,WITHDRAWAL,TRAVEL,2024-07-14 12:31:26,True,49844.58
TXN_00004236,CUST_0083,116.54,GBP,PURCHASE,UTILITIES,2024-07-14 12:48:52,False,67597.45
TXN_00007459,CUST_0106,2221.64,EUR,TRANSFER,HEALTHCARE,2024-07-14 13:12:31,False,49568.04
TXN_00005605,CUST_0014,128.7,EUR,TRANSFER,HEALTHCARE,2024-07-14 13:31:18,False,10236.91
TXN_00008337,CUST_0031,977.55,USD,PURCHASE,UTILITIES,2024-07-14 13:34:39,False,57160.48
TXN_00008496,CUST_0156,3572.85,EUR,PURCHASE,TRAVEL,2024-07-14 13:51:08,False,51820.63
TXN_00007796,CUST_0112,269.7,EUR,PURCHASE,TRAVEL,2024-07-14 13:58:17,False,49338.19
TXN_00006364,CUST_0010,151.03,USD,PURCHASE,GROCERY,2024-07-14 13:59:49,False,42848.36
TXN_00006536,CUST_0073,97.53,EUR,TRANSFER,DINING,2024-07-14 14:24:25,False,98679.74
TXN_00004944,CUST_0092,31.61,EUR,PURCHASE,UTILITIES,2024-07-14 15:37:07,False,92068.62
TXN_00003820,CUST_0074,1509.21,EUR,PURCHASE,ELECTRONICS,2024-07-14 15:55:54,False,40147.38
TXN_00003230,CUST_0187,779.38,EUR,PURCHASE,UTILITIES,2024-07-14 15:58:54,False,60652.3
TXN_00001420,CUST_0109,1188.76,EUR,TRANSFER,TRAVEL,2024-07-14 17:21:01,False,88360.37
TXN_00009031,CUST_0149,111.76,EUR,PURCHASE,TRAVEL,2024-07-14 17:33:58,False,80815.81
TXN_00009831,CUST_0071,53.96,EUR,PURCHASE,HEALTHCARE,2024-07-14 17:54:31,False,39351.16
TXN_00000516,CUST_0109,166.39,GBP,PURCHASE,UTILITIES,2024-07-14 17:59:04,False,86875.97
TXN_00004955,CUST_0092,870.57,EUR,WITHDRAWAL,HEALTHCARE,2024-07-14 20:27:22,False,50519.41
TXN_00000676,CUST_0095,1735.4,EUR,PURCHASE,DINING,2024-07-15 05:27:40,False,49980.23
TXN_00008205,CUST_0161,-1302.59,EUR,REFUND,DINING,2024-07-15 06:12:47,False,25300.52
TXN_00007923,CUST_0118,272.67,GBP,WITHDRAWAL,TRAVEL,2024-07-15 07:58:07,False,52558.75
TXN_00004600,CUST_0095,262.73,USD,TRANSFER,ELECTRONICS,2024-07-15 07:58:21,False,65447.07
TXN_00007440,CUST_0068,365.56,EUR,TRANSFER,UTILITIES,2024-07-15 08:47:35,False,49958.79
TXN_00002515,CUST_0121,531.27,EUR,PURCHASE,TRAVEL,2024-07-15 10:13:02,False,64052.96
TXN_00006886,CUST_0054,506.11,EUR,TRANSFER,GROCERY,2024-07-15 10:54:27,False,19828.04
TXN_00009824,CUST_0007,411.02,GBP,WITHDRAWAL,HEALTHCARE,2024-07-15 11:21:45,False,92163.16
TXN_00003583,CUST_0137,3546.12,EUR,TRANSFER,UTILITIES,2024-07-15 11:29:21,False,71592.52
TXN_00001270,CUST_0046,-176.23,EUR,REFUND,ELECTRONICS,2024-07-15 11:33:42,False,20699.47
TXN_00008509,CUST_0097,33.16,EUR,PURCHASE,GROCERY,2024-07-15 11:35:14,True,66255.23
TXN_00006397,CUST_0051,172.76,EUR,PURCHASE,DINING,2024-07-15 11:44:27,False,92304.53
TXN_00004862,CUST_0048,966.75,GBP,TRANSFER,DINING,2024-07-15 11:59:51,False,61776.13
TXN_00006432,CUST_0049,305.83,EUR,WITHDRAWAL,UTILITIES,2024-07-15 12:12:31,False,5168.46
TXN_00002817,CUST_0026,-358.98,EUR,REFUND,ELECTRONICS,2024-07-15 12:37:29,False,95349.75
TXN_00004913,CUST_0058,1501.92,EUR,PURCHASE,TRAVEL,2024-07-15 14:04:57,False,5338.13
TXN_00002613,CUST_0057,475.49,GBP,PURCHASE,ELECTRONICS,2024-07-15 14:22:44,False,6973.09
TXN_00004197,CUST_0185,41.08,USD,PURCHASE,TRAVEL,2024-07-15 14:42:26,False,36492.84
TXN_00004148,CUST_0052,87.46,EUR,PURCHASE,,2024-07-15 15:23:12,False,8020.86
TXN_00008931,CUST_0081,68.04,EUR,PURCHASE,DINING,2024-07-15 15:27:07,False,65050.57
TXN_00001446,CUST_0007,16.51,EUR,PURCHASE,HEALTHCARE,2024-07-15 15:54:44,False,7564.07
TXN_00000293,CUST_0081,14424.61,EUR,PURCHASE,UTILITIES,2024-07-15 16:19:10,False,46223.71
TXN_00004578,CUST_0104,66.52,EUR,WITHDRAWAL,HEALTHCARE,2024-07-15 16:25:39,False,95239.65
TXN_00003991,CUST_0043,54.15,EUR,PURCHASE,HEALTHCARE,2024-07-15 17:24:10,False,94751.56
TXN_00005968,CUST_0187,394.21,GBP,TRANSFER,DINING,2024-07-15 17:38:19,False,8360.27
TXN_00008857,CUST_0066,79.68,EUR,PURCHASE,ELECTRONICS,2024-07-15 18:16:56,False,61346.76
TXN_00006627,CUST_0095,181.13,EUR,PURCHASE,DINING,2024-07-15 19:23:06,False,48840.33
TXN_00001759,CUST_0178,156.65,EUR,PURCHASE,GROCERY,2024-07-15 22:29:11,False,46884.02
TXN_00002566,CUST_0044,929.02,EUR,PURCHASE,HEALTHCARE,2024-07-16 04:21:12,False,95970.21
TXN_00007876,CUST_0157,66.24,USD,PURCHASE,DINING,2024-07-16 05:25:35,False,27239.65
TXN_00005245,CUST_0192,705.11,EUR,PURCHASE,DINING,2024-07-16 07:44:43,False,11491.99
TXN_00007667,CUST_0048,4045.1,EUR,PURCHASE,DINING,2024-07-16 08:41:58,False,6251.06
TXN_00008156,CUST_0017,-427.12,EUR,REFUND,UTILITIES,2024-07-16 10:29:48,False,43270.18
TXN_00001582,CUST_0015,525.73,EUR,PURCHASE,ELECTRONICS,2024-07-16 10:32:22,False,57947.03
TXN_00002182,CUST_0173,28.89,EUR,PURCHASE,TRAVEL,2024-07-16 11:14:44,True,86459.45
TXN_00007116,CUST_0008,498.16,EUR,PURCHASE,UTILITIES,2024-07-16 11:20:14,False,94541.59
TXN_00006329,CUST_0198,132.15,EUR,WITHDRAWAL,TRAVEL,2024-07-16 11:36:30,False,17533.61
TXN_00005427,CUST_0026,39.06,EUR,PURCHASE,DINING,2024-07-16 12:07:39,False,17807.96
TXN_00003365,CUST_0186,17.73,EUR,PURCHASE,ELECTRONICS,2024-07-16 13:29:14,False,11840.36
TXN_00009471,CUST_0059,558.96,GBP,PURCHASE,,2024-07-16 14:47:20,False,88165.9
TXN_00001748,CUST_0101,626.58,GBP,TRANSFER,UTILITIES,2024-07-16 15:41:20,False,21760.15
TXN_00000635,CUST_0113,565.86,EUR,PURCHASE,DINING,2024-07-16 15:46:13,False,32571.92
TXN_00008059,CUST_0034,46.01,USD,WITHDRAWAL,GROCERY,2024-07-16 16:20:07,False,41543.27
TXN_00004080,CUST_0139,108.9,EUR,PURCHASE,GROCERY,2024-07-16 16:38:33,False,36308.84
TXN_00009925,CUST_0035,307.91,USD,PURCHASE,HEALTHCARE,2024-07-16 16:56:13,False,74733.5
TXN_00002395,CUST_0029,1325.49,GBP,PURCHASE,ELECTRONICS,2024-07-16 17:12:21,False,77652.6
TXN_00000634,CUST_0197,119.25,EUR,PURCHASE,GROCERY,2024-07-16 17:26:14,False,43826.82
TXN_00000325,CUST_0027,32.47,EUR,PURCHASE,HEALTHCARE,2024-07-16 18:07:24,False,4162.81
TXN_00006807,CUST_0115,110.63,GBP,PURCHASE,GROCERY,2024-07-16 18:22:24,False,85116.64
TXN_00002241,CUST_0129,188.24,EUR,PURCHASE,GROCERY,2024-07-16 18:29:30,False,77521.24
TXN_00003700,CUST_0187,234.59,EUR,PURCHASE,GROCERY,2024-07-16 19:04:49,False,93552.43
TXN_00008576,CUST_0065,506.97,EUR,WITHDRAWAL,TRAVEL,2024-07-16 19:49:04,False,16002.52
TXN_00007982,CUST_0001,64.77,USD,PURCHASE,GROCERY,2024-07-16 19:57:26,False,6945.59
TXN_00007675,CUST_0165,1707.96,GBP,PURCHASE,ELECTRONICS,2024-07-17 03:33:55,False,82290.0
TXN_00001600,CUST_0154,883.82,EUR,WITHDRAWAL,GROCERY,2024-07-17 07:59:21,False,36692.17
TXN_00008723,CUST_0107,1080.31,USD,PURCHASE,ELECTRONICS,2024-07-17 09:13:28,False,86103.81
TXN_00005997,CUST_0051,270.53,EUR,PURCHASE,DINING,2024-07-17 09:28:32,True,30844.93
TXN_00005412,CUST_0098,574.82,EUR,WITHDRAWAL,DINING,2024-07-17 09:57:50,False,2965.93
TXN_00007861,CUST_0026,359.24,EUR,PURCHASE,GROCERY,2024-07-17 10:01:36,False,24476.67
TXN_00006797,CUST_0190,418.22,EUR,PURCHASE,HEALTHCARE,2024-07-17 11:04:57,False,64182.33
TXN_00001808,CUST_0089,61.57,EUR,TRANSFER,GROCERY,2024-07-17 11:05:22,False,43093.4
TXN_00005587,CUST_0097,1378.07,EUR,WITHDRAWAL,GROCERY,2024-07-17 11:32:34,False,99102.58
TXN_00006953,CUST_0115,36.2,GBP,PURCHASE,HEALTHCARE,2024-07-17 12:11:18,False,99850.58
TXN_00004691,CUST_0023,774.4,GBP,TRANSFER,TRAVEL,2024-07-17 12:39:22,False,3128.6
TXN_00003228,CUST_0172,17766.04,EUR,PURCHASE,ELECTRONICS,2024-07-17 14:01:34,False,88956.63
TXN_00009142,CUST_0087,1083.19,USD,WITHDRAWAL,UTILITIES,2024-07-17 14:07:26,False,3656.11
TXN_00005559,CUST_0069,69.8,USD,PURCHASE,ELECTRONICS,2024-07-17 14:11:35,False,73395.56
TXN_00006010,CUST_0146,-48.67,USD,REFUND,HEALTHCARE,2024-07-17 14:55:33,False,33892.05
TXN_00006580,CUST_0004,875.96,EUR,TRANSFER,GROCERY,2024-07-17 14:58:16,False,41083.56
TXN_00008510,CUST_0054,309.42,EUR,TRANSFER,GROCERY,2024-07-17 16:13:23,False,83970.09
TXN_00009072,CUST_0148,17.82,EUR,PURCHASE,TRAVEL,2024-07-17 18:14:51,False,3192.64
TXN_00004086,CUST_0086,873.59,USD,TRANSFER,UTILITIES,2024-07-17 18:39:16,False,24573.12
TXN_00008470,CUST_0156,73.37,USD,TRANSFER,TRAVEL,2024-07-17 18:54:14,False,8306.48
TXN_00001845,CUST_0131,53.59,EUR,PURCHASE,ELECTRONICS,2024-07-18 06:50:53,False,97878.99
TXN_00002699,CUST_0048,257.23,EUR,TRANSFER,ELECTRONICS,2024-07-18 08:23:12,False,19887.11
TXN_00007432,CUST_0107,294.82,EUR,PURCHASE,DINING,2024-07-18 08:50:01,False,48196.5
TXN_00001666,CUST_0176,96.32,EUR,TRANSFER,DINING,2024-07-18 08:56:38,False,5934.56
TXN_00003710,CUST_0089,224.78,EUR,WITHDRAWAL,HEALTHCARE,2024-07-18 09:07:18,False,77471.98
TXN_00004539,CUST_0024,-1082.29,EUR,REFUND,HEALTHCARE,2024-07-18 09:31:19,False,14606.34
TXN_00001206,CUST_0199,290.64,EUR,PURCHASE,ELECTRONICS,2024-07-18 10:10:23,False,53779.08
TXN_00008855,CUST_0047,568.78,USD,PURCHASE,DINING,2024-07-18 10:26:49,False,39844.94
TXN_00006066,CUST_0041,571.52,EUR,PURCHASE,UTILITIES,2024-07-18 11:09:57,False,49075.49
TXN_00004688,CUST_0053,451.28,USD,WITHDRAWAL,DINING,2024-07-18 11:24:43,False,15212.58
TXN_00007615,CUST_0153,145.35,GBP,TRANSFER,UTILITIES,2024-07-18 11:33:36,False,77490.94
TXN_00007764,CUST_0087,27.98,EUR,PURCHASE,ELECTRONICS,2024-07-18 11:47:03,False,17111.48
TXN_00007817,CUST_0198,715.95,GBP,PURCHASE,GROCERY,2024-07-18 11:51:59,False,65846.25
TXN_00001179,CUST_0084,111.46,EUR,PURCHASE,HEALTHCARE,2024-07-18 11:54:07,False,16889.93
TXN_00004814,CUST_0138,219.77,EUR,TRANSFER,GROCERY,2024-07-18 12:12:15,False,99297.9
TXN_00002059,CUST_0193,147.54,USD,PURCHASE,TRAVEL,2024-07-18 12:36:53,False,7012.73
TXN_00001373,CUST_0011,145.77,EUR,PURCHASE,UTILITIES,2024-07-18 12:41:25,False,53359.48
TXN_00006554,CUST_0024,789.43,USD,PURCHASE,HEALTHCARE,2024-07-18 14:50:35,False,48117.77
TXN_00003108,CUST_0050,72.21,EUR,PURCHASE,HEALTHCARE,2024-07-18 15:49:06,False,95360.27
TXN_00001621,CUST_0117,91.9,EUR,PURCHASE,DINING,2024-07-18 15:51:35,False,23166.85
TXN_00006348,CUST_0033,188.62,GBP,PURCHASE,DINING,2024-07-18 16:51:29,False,3158.26
TXN_00007398,CUST_0077,-243.65,EUR,REFUND,TRAVEL,2024-07-18 18:34:25,False,21276.11
TXN_00008881,CUST_0017,83.98,EUR,PURCHASE,DINING,2024-07-18 18:55:52,False,52337.46
TXN_00004356,CUST_0058,185.17,EUR,WITHDRAWAL,ELECTRONICS,2024-07-19 06:03:55,False,51330.34
TXN_00009633,CUST_0156,22.82,EUR,PURCHASE,TRAVEL,2024-07-19 07:28:51,False,16046.08
TXN_00000052,CUST_0032,264.41,EUR,WITHDRAWAL,GROCERY,2024-07-19 09:28:02,True,36121.31
TXN_00002608,CUST_0030,521.55,EUR,TRANSFER,UTILITIES,2024-07-19 09:42:28,False,4809.41
TXN_00006355,CUST_0175,244.99,USD,PURCHASE,ELECTRONICS,2024-07-19 10:43:36,True,73238.28
TXN_00003883,CUST_0036,205.13,EUR,PURCHASE,HEALTHCARE,2024-07-19 11:00:15,False,58309.9
TXN_00003245,CUST_0072,228.91,EUR,TRANSFER,UTILITIES,2024-07-19 11:29:23,False,4712.34
TXN_00004723,CUST_0198,141.68,EUR,PURCHASE,TRAVEL,2024-07-19 11:42:48,False,80351.27
TXN_00005961,CUST_0155,74.26,EUR,WITHDRAWAL,ELECTRONICS,2024-07-19 11:44:28,False,92339.58
TXN_00003438,CUST_0028,432.08,EUR,PURCHASE,TRAVEL,2024-07-19 12:43:51,False,74819.55
TXN_00007198,CUST_0133,400.64,USD,PURCHASE,TRAVEL,2024-07-19 12:59:04,False,94337.52
TXN_00006942,CUST_0003,433.98,EUR,PURCHASE,HEALTHCARE,2024-07-19 13:14:56,False,4386.09
TXN_00000319,CUST_0165,510.76,EUR,PURCHASE,DINING,2024-07-19 13:25:01,False,29755.88
TXN_00007504,CUST_0138,31.66,EUR,TRANSFER,GROCERY,2024-07-19 13:27:22,True,18511.6
TXN_00008297,CUST_0015,169.28,USD,TRANSFER,GROCERY,2024-07-19 13:34:11,False,28285.1
TXN_00008944,CUST_0190,221.01,EUR,PURCHASE,GROCERY,2024-07-19 13:43:45,False,17877.5
TXN_00007308,CUST_0114,1386.82,USD,TRANSFER,HEALTHCARE,2024-07-19 13:45:08,False,34414.45
TXN_00002413,CUST_0061,61.87,EUR,PURCHASE,HEALTHCARE,2024-07-19 14:21:11,True,10764.29
TXN_00009447,CUST_0158,40.21,USD,PURCHASE,UTILITIES,2024-07-19 15:26:27,False,38518.32
TXN_00009477,CUST_0024,1983.0,EUR,WITHDRAWAL,DINING,2024-07-19 15:30:03,False,55365.87
TXN_00002253,CUST_0103,354.12,USD,TRANSFER,DINING,2024-07-19 15:45:50,False,60751.04
TXN_00001772,CUST_0027,117.1,USD,TRANSFER,UTILITIES,2024-07-19 16:19:24,False,76424.24
TXN_00009969,CUST_0158,49.79,EUR,PURCHASE,ELECTRONICS,2024-07-19 16:35:25,False,69632.47
TXN_00004666,CUST_0020,150.54,EUR,PURCHASE,TRAVEL,2024-07-19 16:55:06,False,96346.45
TXN_00000729,CUST_0082,80.06,GBP,TRANSFER,GROCERY,2024-07-19 17:08:03,False,67274.76
TXN_00005333,CUST_0126,100.78,EUR,PURCHASE,ELECTRONICS,2024-07-19 17:51:59,False,37191.62
TXN_00007493,CUST_0117,254.86,EUR,WITHDRAWAL,DINING,2024-07-19 23:45:14,False,69539.71
TXN_00005054,CUST_0030,929.45,EUR,WITHDRAWAL,DINING,2024-07-20 05:26:09,False,31825.26
TXN_00000621,CUST_0164,166.68,GBP,PURCHASE,HEALTHCARE,2024-07-20 05:37:45,False,23461.32
TXN_00001276,CUST_0013,158.34,EUR,WITHDRAWAL,GROCERY,2024-07-20 05:58:02,False,24165.58
TXN_00008627,CUST_0132,271.24,EUR,PURCHASE,GROCERY,2024-07-20 07:26:54,False,73421.13
TXN_00008812,CUST_0095,61.41,USD,PURCHASE,ELECTRONICS,2024-07-20 07:45:03,False,34510.32
TXN_00005109,CUST_0174,4014.6,GBP,TRANSFER,ELECTRONICS,2024-07-20 08:00:59,False,26445.97
TXN_00009296,CUST_0051,146.27,GBP,PURCHASE,UTILITIES,2024-07-20 08:07:20,False,98204.0
TXN_00004194,CUST_0127,164.69,EUR,PURCHASE,TRAVEL,2024-07-20 08:34:22,False,97732.92
TXN_00004492,CUST_0014,94.38,EUR,TRANSFER,DINING,2024-07-20 09:10:28,False,18697.7
TXN_00003992,CUST_0060,1627.62,EUR,TRANSFER,HEALTHCARE,2024-07-20 09:17:00,False,10699.87
TXN_00007160,CUST_0102,154.85,EUR,TRANSFER,DINING,2024-07-20 11:18:14,False,24791.51
TXN_00006831,CUST_0028,-165.22,EUR,REFUND,ELECTRONICS,2024-07-20 11:19:59,False,12449.46
TXN_00001991,CUST_0089,117.97,EUR,PURCHASE,TRAVEL,2024-07-20 12:23:20,False,15236.12
TXN_00007549,CUST_0069,192.24,GBP,PURCHASE,UTILITIES,2024-07-20 12:31:11,False,7502.02
TXN_00005777,CUST_0173,93.28,EUR,PURCHASE,DINING,2024-07-20 13:11:17,False,23031.78
TXN_00006262,CUST_0020,562.62,EUR,PURCHASE,UTILITIES,2024-07-20 13:31:50,False,34449.81
TXN_00007735,CUST_0077,3025.05,EUR,PURCHASE,UTILITIES,2024-07-20 13:35:30,False,23530.87
TXN_00005105,CUST_0078,-16.5,USD,REFUND,GROCERY,2024-07-20 13:45:39,False,43843.88
TXN_00004706,CUST_0114,15.73,GBP,TRANSFER,TRAVEL,2024-07-20 14:08:36,False,24555.31
TXN_00000502,CUST_0133,3355.69,EUR,PURCHASE,TRAVEL,2024-07-20 15:09:32,False,76278.13
TXN_00004837,CUST_0015,347.95,EUR,PURCHASE,HEALTHCARE,2024-07-20 15:33:23,False,93052.7
TXN_00008729,CUST_0005,629.16,EUR,TRANSFER,HEALTHCARE,2024-07-20 15:58:39,False,63218.24
TXN_00002168,CUST_0076,24.0,EUR,PURCHASE,HEALTHCARE,2024-07-20 16:35:23,False,29929.38
TXN_00009100,CUST_0145,655.25,EUR,TRANSFER,GROCERY,2024-07-20 17:17:09,False,56284.21
TXN_00000206,CUST_0112,97.22,EUR,PURCHASE,TRAVEL,2024-07-20 17:21:25,False,25425.79
TXN_00002564,CUST_0025,79.96,EUR,WITHDRAWAL,GROCERY,2024-07-20 17:34:44,False,66871.49
TXN_00002213,CUST_0039,282.82,EUR,PURCHASE,UTILITIES,2024-07-20 18:23:55,False,51611.86
TXN_00004189,CUST_0149,38.14,EUR,PURCHASE,DINING,2024-07-20 19:14:30,False,85885.37
TXN_00005129,CUST_0120,428.07,USD,WITHDRAWAL,ELECTRONICS,2024-07-20 20:50:56,False,51522.08
TXN_00000049,CUST_0185,321.76,EUR,PURCHASE,ELECTRONICS,2024-07-21 05:55:58,False,631.22
TXN_00007317,CUST_0171,-29.55,USD,REFUND,UTILITIES,2024-07-21 07:38:58,False,68690.42
TXN_00009959,CUST_0040,1646.1,EUR,WITHDRAWAL,TRAVEL,2024-07-21 08:15:28,False,93506.55
TXN_00003488,CUST_0176,230.29,USD,PURCHASE,TRAVEL,2024-07-21 08:20:22,False,12174.12
TXN_00008994,CUST_0130,199.37,USD,PURCHASE,GROCERY,2024-07-21 08:50:33,False,19027.14
TXN_00001235,CUST_0162,24.73,EUR,WITHDRAWAL,ELECTRONICS,2024-07-21 09:04:57,False,42553.63
TXN_00003793,CUST_0196,179.99,EUR,TRANSFER,ELECTRONICS,2024-07-21 09:57:51,False,43128.12
TXN_00003567,CUST_0020,21.78,GBP,TRANSFER,,2024-07-21 10:00:52,False,70529.77
TXN_00009777,CUST_0085,385.66,EUR,PURCHASE,TRAVEL,2024-07-21 10:07:34,False,11225.11
TXN_00009844,CUST_0184,494.15,EUR,TRANSFER,GROCERY,2024-07-21 10:22:09,False,58006.4
TXN_00001601,CUST_0041,1159.75,EUR,TRANSFER,DINING,2024-07-21 11:09:24,False,60653.42
TXN_00008357,CUST_0149,160.07,USD,PURCHASE,DINING,2024-07-21 11:45:19,False,17152.73
TXN_00007897,CUST_0077,1137.9,EUR,PURCHASE,GROCERY,2024-07-21 12:09:35,True,3367.4
TXN_00000653,CUST_0172,605.45,EUR,WITHDRAWAL,GROCERY,2024-07-21 12:19:23,False,14347.44
TXN_00001827,CUST_0083,8066.48,EUR,TRANSFER,UTILITIES,2024-07-21 12:26:32,False,99034.29
TXN_00006891,CUST_0054,223.49,EUR,WITHDRAWAL,HEALTHCARE,2024-07-21 12:31:36,False,97803.05
TXN_00007762,CUST_0116,8.29,EUR,WITHDRAWAL,UTILITIES,2024-07-21 13:14:12,False,13015.25
TXN_00007187,CUST_0101,1703.11,EUR,WITHDRAWAL,GROCERY,2024-07-21 13:41:10,False,36877.16
TXN_00001763,CUST_0114,242.37,GBP,PURCHASE,TRAVEL,2024-07-21 14:34:22,False,78573.4
TXN_00008827,CUST_0193,80.39,GBP,PURCHASE,TRAVEL,2024-07-21 14:36:40,False,31198.53
TXN_00000485,CUST_0111,157.97,EUR,TRANSFER,ELECTRONICS,2024-07-21 14:50:14,False,5340.73
TXN_00005347,CUST_0002,200.34,EUR,TRANSFER,DINING,2024-07-21 15:10:23,False,73736.86
TXN_00006373,CUST_0112,67.07,EUR,PURCHASE,DINING,2024-07-21 15:45:12,False,59080.48
TXN_00007698,CUST_0196,747.3,GBP,PURCHASE,UTILITIES,2024-07-21 15:55:47,False,42362.41
TXN_00000722,CUST_0174,452.76,GBP,TRANSFER,HEALTHCARE,2024-07-21 15:58:03,False,2964.15
TXN_00007281,CUST_0003,124.0,USD,WITHDRAWAL,TRAVEL,2024-07-21 16:14:09,False,94534.95
TXN_00005052,CUST_0075,391.57,EUR,PURCHASE,UTILITIES,2024-07-21 18:16:55,False,56693.71
TXN_00006250,CUST_0168,146.67,EUR,PURCHASE,TRAVEL,2024-07-21 19:30:39,False,53283.17
TXN_00003970,CUST_0169,5054.85,EUR,TRANSFER,ELECTRONICS,2024-07-21 21:01:31,False,58261.8
TXN_00005810,CUST_0119,235.16,EUR,PURCHASE,HEALTHCARE,2024-07-21 23:24:41,False,72313.8
TXN_00008212,CUST_0081,144.48,EUR,PURCHASE,DINING,2024-07-22 09:33:31,False,71153.35
TXN_00000846,CUST_0059,118.53,EUR,TRANSFER,TRAVEL,2024-07-22 09:48:57,False,1092.45
TXN_00009964,CUST_0191,363.55,GBP,PURCHASE,GROCERY,2024-07-22 10:07:22,False,67273.11
TXN_00001095,CUST_0186,829.95,GBP,TRANSFER,GROCERY,2024-07-22 10:09:43,False,22341.36
TXN_00000820,CUST_0093,41.68,GBP,WITHDRAWAL,ELECTRONICS,2024-07-22 10:55:29,False,62126.18
TXN_00001773,CUST_0004,322.99,EUR,TRANSFER,GROCERY,2024-07-22 11:01:42,False,3325.68
TXN_00004932,CUST_0047,1330.73,EUR,TRANSFER,,2024-07-22 11:27:21,False,54364.54
TXN_00002248,CUST_0172,2321.03,EUR,PURCHASE,GROCERY,2024-07-22 11:43:07,False,18405.98
TXN_00001862,CUST_0195,257.3,USD,PURCHASE,GROCERY,2024-07-22 12:23:47,False,71097.14
TXN_00004191,CUST_0041,67.82,USD,PURCHASE,GROCERY,2024-07-22 12:24:40,False,25505.49
TXN_00005799,CUST_0091,1114.61,EUR,PURCHASE,DINING,2024-07-22 12:45:17,False,54885.45
TXN_00004690,CUST_0063,138.62,GBP,WITHDRAWAL,GROCERY,2024-07-22 13:01:55,False,54433.52
TXN_00004092,CUST_0042,148.15,EUR,PURCHASE,GROCERY,2024-07-22 13:48:17,False,85469.9
TXN_00003103,CUST_0190,261.32,GBP,PURCHASE,GROCERY,2024-07-22 14:07:14,False,20427.91
TXN_00000418,CUST_0187,405.1,EUR,PURCHASE,HEALTHCARE,2024-07-22 14:19:46,False,80666.85
TXN_00000978,CUST_0062,436.83,EUR,WITHDRAWAL,ELECTRONICS,2024-07-22 14:24:19,False,42746.91
TXN_00009754,CUST_0137,30.73,EUR,TRANSFER,HEALTHCARE,2024-07-22 14:57:08,False,58283.0
TXN_00008501,CUST_0109,115.67,EUR,PURCHASE,HEALTHCARE,2024-07-22 15:03:52,False,19508.06
TXN_00002175,CUST_0185,22.62,EUR,PURCHASE,UTILITIES,2024-07-22 15:37:10,False,55762.43
TXN_00004122,CUST_0086,14.8,USD,PURCHASE,ELECTRONICS,2024-07-22 15:53:15,False,10909.3
TXN_00006643,CUST_0116,185.24,USD,PURCHASE,TRAVEL,2024-07-22 16:24:55,False,53599.38
TXN_00009956,CUST_0109,472.64,EUR,PURCHASE,UTILITIES,2024-07-22 17:30:26,False,720.09
TXN_00002200,CUST_0131,242.16,USD,PURCHASE,TRAVEL,2024-07-22 17:31:41,False,75058.46
TXN_00000781,CUST_0006,880.61,EUR,PURCHASE,DINING,2024-07-22 17:37:00,False,15811.56
TXN_00009731,CUST_0107,333.75,EUR,PURCHASE,HEALTHCARE,2024-07-22 17:40:39,False,12143.02
TXN_00009504,CUST_0183,1614.28,USD,PURCHASE,DINING,2024-07-22 17:40:43,False,74557.32
TXN_00009428,CUST_0172,57.4,EUR,PURCHASE,DINING,2024-07-22 21:15:03,False,56122.33
TXN_00002432,CUST_0085,158.58,EUR,PURCHASE,GROCERY,2024-07-23 03:18:06,False,76467.15
TXN_00002154,CUST_0118,868.55,USD,TRANSFER,ELECTRONICS,2024-07-23 07:25:54,True,39365.22
TXN_00006302,CUST_0007,3089.38,EUR,PURCHASE,HEALTHCARE,2024-07-23 07:46:03,False,93628.19
TXN_00005869,CUST_0058,1046.85,EUR,PURCHASE,ELECTRONICS,2024-07-23 10:11:17,False,18971.21
TXN_00007877,CUST_0126,72.42,USD,PURCHASE,UTILITIES,2024-07-23 10:51:10,False,8248.53
TXN_00007790,CUST_0007,592.11,GBP,WITHDRAWAL,UTILITIES,2024-07-23 10:58:36,False,19985.32
TXN_00003283,CUST_0068,119.61,EUR,PURCHASE,HEALTHCARE,2024-07-23 12:20:48,False,70109.64
TXN_00007488,CUST_0169,496.0,USD,PURCHASE,TRAVEL,2024-07-23 12:28:28,False,22366.11
TXN_00003717,CUST_0189,174.26,EUR,PURCHASE,GROCERY,2024-07-23 13:37:42,False,47185.57
TXN_00001973,CUST_0188,13.36,EUR,TRANSFER,TRAVEL,2024-07-23 13:56:46,False,55950.88
TXN_00006265,CUST_0158,14.11,EUR,TRANSFER,HEALTHCARE,2024-07-23 14:42:02,False,84798.66
TXN_00002286,CUST_0025,1039.83,USD,PURCHASE,HEALTHCARE,2024-07-23 14:47:19,False,1945.77
TXN_00005204,CUST_0128,-309.49,EUR,REFUND,DINING,2024-07-23 15:38:40,False,83338.53
TXN_00009035,CUST_0077,1731.44,EUR,PURCHASE,TRAVEL,2024-07-23 15:58:45,False,38492.99
TXN_00004986,CUST_0073,37.29,GBP,PURCHASE,GROCERY,2024-07-23 16:24:37,False,44761.79
TXN_00006549,CUST_0172,2527.12,EUR,WITHDRAWAL,TRAVEL,2024-07-23 16:37:25,False,85296.8
TXN_00004904,CUST_0043,10.75,GBP,PURCHASE,GROCERY,2024-07-23 16:55:36,False,13344.01
TXN_00007325,CUST_0175,2181.18,EUR,PURCHASE,GROCERY,2024-07-23 17:10:58,False,46834.18
TXN_00007403,CUST_0016,313.03,EUR,PURCHASE,UTILITIES,2024-07-23 17:39:10,False,25945.56
TXN_00002465,CUST_0094,616.27,EUR,PURCHASE,ELECTRONICS,2024-07-23 17:51:09,False,22268.73
TXN_00003528,CUST_0098,814.33,EUR,PURCHASE,UTILITIES,2024-07-23 20:09:55,True,82789.11
TXN_00006032,CUST_0087,72.19,EUR,TRANSFER,TRAVEL,2024-07-23 21:30:51,False,45331.34
TXN_00006492,CUST_0015,417.11,EUR,PURCHASE,GROCERY,2024-07-24 03:46:10,False,34472.66
TXN_00001578,CUST_0139,-490.01,EUR,REFUND,DINING,2024-07-24 08:18:01,False,92958.9
TXN_00001774,CUST_0105,460.22,EUR,TRANSFER,HEALTHCARE,2024-07-24 08:19:37,False,46130.93
TXN_00000957,CUST_0097,610.87,EUR,TRANSFER,,2024-07-24 09:56:47,False,48730.3
TXN_00001345,CUST_0126,167.43,USD,PURCHASE,DINING,2024-07-24 10:15:35,False,36282.42
TXN_00006861,CUST_0074,89.58,EUR,WITHDRAWAL,DINING,2024-07-24 10:24:29,False,16311.28
TXN_00001081,CUST_0177,81.64,EUR,PURCHASE,UTILITIES,2024-07-24 10:39:58,False,63214.39
TXN_00007041,CUST_0043,139.31,EUR,WITHDRAWAL,DINING,2024-07-24 11:26:02,False,57220.44
TXN_00006977,CUST_0081,3676.22,EUR,PURCHASE,UTILITIES,2024-07-24 11:43:58,False,37326.15
TXN_00009944,CUST_0169,386.59,USD,TRANSFER,ELECTRONICS,2024-07-24 11:55:00,False,87709.79
TXN_00002438,CUST_0102,1174.38,EUR,PURCHASE,DINING,2024-07-24 12:18:16,False,8327.88
TXN_00009195,CUST_0133,632.98,GBP,PURCHASE,DINING,2024-07-24 12:24:24,False,35601.73
TXN_00003200,CUST_0150,78.05,EUR,PURCHASE,DINING,2024-07-24 12:32:59,False,20957.87
TXN_00001733,CUST_0089,7.92,USD,PURCHASE,UTILITIES,2024-07-24 12:35:35,False,40173.53
TXN_00005166,CUST_0000,56.06,EUR,PURCHASE,UTILITIES,2024-07-24 12:56:49,False,27853.64
TXN_00000717,CUST_0187,743.97,EUR,PURCHASE,ELECTRONICS,2024-07-24 14:08:58,False,89087.31
TXN_00002295,CUST_0118,301.91,USD,PURCHASE,GROCERY,2024-07-24 14:29:32,False,90517.68
TXN_00007961,CUST_0086,32.12,EUR,PURCHASE,ELECTRONICS,2024-07-24 14:50:19,False,60688.84
TXN_00009994,CUST_0110,140.95,EUR,PURCHASE,TRAVEL,2024-07-24 15:22:21,False,89074.36
TXN_00007512,CUST_0068,120.91,USD,TRANSFER,HEALTHCARE,2024-07-24 15:42:28,False,9206.25
TXN_00003527,CUST_0115,43.87,EUR,PURCHASE,GROCERY,2024-07-24 16:01:47,False,6389.09
TXN_00004651,CUST_0078,12.07,EUR,WITHDRAWAL,ELECTRONICS,2024-07-24 16:13:16,False,39315.3
TXN_00004827,CUST_0112,176.88,EUR,PURCHASE,GROCERY,2024-07-24 17:06:22,False,53392.84
TXN_00006888,CUST_0005,123.02,EUR,TRANSFER,DINING,2024-07-24 20:48:41,False,56597.99
TXN_00003975,CUST_0175,199.75,EUR,TRANSFER,HEALTHCARE,2024-07-24 21:02:45,False,52382.05
TXN_00009621,CUST_0047,113.19,USD,WITHDRAWAL,ELECTRONICS,2024-07-24 21:24:16,False,73312.57
TXN_00002598,CUST_0156,285.68,EUR,WITHDRAWAL,,2024-07-25 06:47:47,False,17259.5
TXN_00009205,CUST_0004,638.58,GBP,TRANSFER,HEALTHCARE,2024-07-25 07:38:01,False,17975.46
TXN_00007197,CUST_0005,1276.64,EUR,PURCHASE,UTILITIES,2024-07-25 08:37:14,False,8987.8
TXN_00005727,CUST_0123,1753.14,EUR,PURCHASE,ELECTRONICS,2024-07-25 08:55:13,False,79830.38
TXN_00009384,CUST_0145,1064.64,EUR,WITHDRAWAL,ELECTRONICS,2024-07-25 08:59:40,False,37213.0
TXN_00008185,CUST_0176,117.07,USD,WITHDRAWAL,TRAVEL,2024-07-25 09:12:39,False,79162.48
TXN_00001869,CUST_0022,240.29,EUR,PURCHASE,TRAVEL,2024-07-25 09:15:14,True,23034.93
TXN_00002711,CUST_0110,258.28,EUR,PURCHASE,DINING,2024-07-25 09:23:20,False,53608.85
TXN_00002785,CUST_0010,214.66,EUR,PURCHASE,TRAVEL,2024-07-25 09:23:48,False,57383.24
TXN_00009895,CUST_0050,1829.71,USD,PURCHASE,GROCERY,2024-07-25 10:40:51,False,31888.2
TXN_00003661,CUST_0115,105.38,EUR,TRANSFER,TRAVEL,2024-07-25 10:45:55,False,60738.78
TXN_00005911,CUST_0171,630.89,EUR,PURCHASE,HEALTHCARE,2024-07-25 10:53:16,False,93131.08
TXN_00002615,CUST_0175,371.53,USD,WITHDRAWAL,TRAVEL,2024-07-25 11:15:23,False,48970.4
TXN_00003669,CUST_0173,245.36,EUR,WITHDRAWAL,,2024-07-25 11:28:02,False,25251.75
TXN_00000430,CUST_0082,127.46,EUR,PURCHASE,ELECTRONICS,2024-07-25 11:29:20,False,63643.16
TXN_00008507,CUST_0047,365.26,EUR,PURCHASE,DINING,2024-07-25 11:36:04,False,49592.64
TXN_00001569,CUST_0125,1370.3,EUR,WITHDRAWAL,DINING,2024-07-25 11:45:55,False,8997.21
TXN_00005824,CUST_0100,316.31,USD,TRANSFER,TRAVEL,2024-07-25 12:51:03,False,9992.61
TXN_00004114,CUST_0065,269.36,EUR,PURCHASE,GROCERY,2024-07-25 14:15:01,False,19283.61
TXN_00009753,CUST_0084,286.32,EUR,TRANSFER,ELECTRONICS,2024-07-25 14:28:05,False,93668.39
TXN_00002390,CUST_0073,114.33,EUR,TRANSFER,HEALTHCARE,2024-07-25 14:28:56,False,9214.88
TXN_00003087,CUST_0193,20.09,EUR,WITHDRAWAL,ELECTRONICS,2024-07-25 14:46:46,False,21296.54
TXN_00001117,CUST_0057,7.8,EUR,PURCHASE,DINING,2024-07-25 15:42:57,True,69016.35
TXN_00004316,CUST_0008,19.23,EUR,PURCHASE,UTILITIES,2024-07-25 17:00:37,False,21983.68
TXN_00000177,CUST_0151,1184.68,EUR,PURCHASE,TRAVEL,2024-07-25 18:36:20,False,80471.67
TXN_00000452,CUST_0007,36.39,EUR,PURCHASE,DINING,2024-07-25 19:19:49,False,58453.69
TXN_00001145,CUST_0195,291.11,EUR,PURCHASE,UTILITIES,2024-07-25 19:30:52,False,51357.35
TXN_00004324,CUST_0177,68.72,EUR,TRANSFER,DINING,2024-07-25 20:22:20,False,56386.64
TXN_00001096,CUST_0095,1176.47,GBP,PURCHASE,UTILITIES,2024-07-25 21:49:11,False,83308.35
TXN_00005733,CUST_0194,229.84,EUR,PURCHASE,UTILITIES,2024-07-26 02:35:22,False,32881.66
TXN_00001302,CUST_0181,428.13,EUR,PURCHASE,UTILITIES,2024-07-26 07:22:15,False,72607.2
TXN_00002194,CUST_0115,354.19,EUR,WITHDRAWAL,HEALTHCARE,2024-07-26 07:25:01,False,56866.16
TXN_00008056,CUST_0012,919.87,USD,PURCHASE,GROCERY,2024-07-26 08:17:53,False,93840.44
TXN_00001384,CUST_0025,105.75,EUR,PURCHASE,GROCERY,2024-07-26 08:53:03,False,68076.99
TXN_00009596,CUST_0112,66.26,USD,PURCHASE,TRAVEL,2024-07-26 09:09:50,False,36096.33
TXN_00005766,CUST_0191,222.58,EUR,TRANSFER,UTILITIES,2024-07-26 09:21:42,False,26038.22
TXN_00000995,CUST_0126,506.77,EUR,PURCHASE,DINING,2024-07-26 10:01:59,False,51856.85
TXN_00003140,CUST_0175,-116.68,GBP,REFUND,GROCERY,2024-07-26 10:17:44,False,26586.35
TXN_00002774,CUST_0031,636.95,GBP,PURCHASE,GROCERY,2024-07-26 10:19:13,False,50503.82
TXN_00001169,CUST_0097,44.7,EUR,TRANSFER,GROCERY,2024-07-26 11:08:11,False,95041.33
TXN_00002778,CUST_0090,249.88,EUR,TRANSFER,HEALTHCARE,2024-07-26 11:10:52,False,2475.05
TXN_00002910,CUST_0193,728.49,EUR,PURCHASE,TRAVEL,2024-07-26 11:26:13,False,44099.3
TXN_00007496,CUST_0185,1191.11,EUR,PURCHASE,UTILITIES,2024-07-26 11:50:53,False,55123.33
TXN_00009254,CUST_0158,651.76,GBP,PURCHASE,ELECTRONICS,2024-07-26 12:50:34,False,14235.79
TXN_00008074,CUST_0151,15.34,EUR,PURCHASE,GROCERY,2024-07-26 13:12:28,True,47289.88
TXN_00000817,CUST_0097,2726.71,GBP,TRANSFER,TRAVEL,2024-07-26 13:49:31,False,85320.07
TXN_00009032,CUST_0035,647.24,EUR,TRANSFER,,2024-07-26 14:07:33,False,68501.92
TXN_00009984,CUST_0009,74.22,USD,TRANSFER,DINING,2024-07-26 14:21:18,False,5571.41
TXN_00009389,CUST_0016,-115.86,EUR,REFUND,ELECTRONICS,2024-07-26 14:53:28,False,27990.6
TXN_00000397,CUST_0019,267.28,USD,TRANSFER,TRAVEL,2024-07-26 15:26:07,False,71763.41
TXN_00009145,CUST_0157,53.16,GBP,PURCHASE,ELECTRONICS,2024-07-26 15:31:11,False,13194.72
TXN_00001437,CUST_0132,148.99,EUR,PURCHASE,TRAVEL,2024-07-26 15:45:07,False,11063.36
TXN_00003339,CUST_0024,461.62,EUR,TRANSFER,GROCERY,2024-07-26 16:39:38,False,58283.77
TXN_00002681,CUST_0032,179.2,GBP,PURCHASE,UTILITIES,2024-07-26 16:41:41,False,16008.95
TXN_00006351,CUST_0099,96.48,EUR,PURCHASE,UTILITIES,2024-07-26 17:16:29,False,38249.62
TXN_00003819,CUST_0181,290.99,EUR,WITHDRAWAL,ELECTRONICS,2024-07-26 18:04:18,True,43169.3
TXN_00001597,CUST_0051,80.43,EUR,PURCHASE,DINING,2024-07-26 20:40:31,False,37794.37
TXN_00002290,CUST_0132,69.77,EUR,PURCHASE,ELECTRONICS,2024-07-27 02:02:11,False,71377.18
TXN_00003035,CUST_0069,286.76,EUR,PURCHASE,DINING,2024-07-27 07:55:33,False,77725.68
TXN_00009749,CUST_0002,573.92,GBP,PURCHASE,ELECTRONICS,2024-07-27 08:37:49,True,73508.57
TXN_00008527,CUST_0140,-198.74,USD,REFUND,DINING,2024-07-27 09:26:10,False,40007.39
TXN_00003152,CUST_0039,15.2,EUR,PURCHASE,TRAVEL,2024-07-27 10:28:47,False,27679.09
TXN_00005658,CUST_0088,425.13,EUR,PURCHASE,HEALTHCARE,2024-07-27 10:50:54,False,18312.36
TXN_00000406,CUST_0125,639.98,EUR,TRANSFER,GROCERY,2024-07-27 11:30:37,False,59497.61
TXN_00001864,CUST_0088,12.33,EUR,TRANSFER,HEALTHCARE,2024-07-27 11:44:29,False,71343.24
TXN_00009525,CUST_0143,140.14,EUR,TRANSFER,UTILITIES,2024-07-27 11:50:17,False,40860.18
TXN_00008583,CUST_0020,6481.7,EUR,PURCHASE,HEALTHCARE,2024-07-27 11:54:51,False,32205.49
TXN_00007972,CUST_0001,1753.92,EUR,PURCHASE,UTILITIES,2024-07-27 12:31:23,False,53912.85
TXN_00007058,CUST_0089,1195.71,EUR,PURCHASE,UTILITIES,2024-07-27 12:32:03,False,81103.78
TXN_00003857,CUST_0181,346.21,EUR,PURCHASE,ELECTRONICS,2024-07-27 12:50:02,False,34395.94
TXN_00009165,CUST_0084,377.56,EUR,WITHDRAWAL,ELECTRONICS,2024-07-27 13:12:05,False,23789.29
TXN_00006365,CUST_0037,1243.79,EUR,TRANSFER,TRAVEL,2024-07-27 13:18:35,False,35219.76
TXN_00008936,CUST_0148,1053.91,EUR,TRANSFER,HEALTHCARE,2024-07-27 13:24:59,False,41223.58
TXN_00001764,CUST_0090,632.39,EUR,PURCHASE,ELECTRONICS,2024-07-27 13:26:18,False,86805.0
TXN_00005689,CUST_0013,98.36,USD,TRANSFER,ELECTRONICS,2024-07-27 13:59:14,False,98212.18
TXN_00008003,CUST_0095,86.63,EUR,PURCHASE,GROCERY,2024-07-27 14:08:08,False,52022.79
TXN_00005329,CUST_0115,439.22,USD,TRANSFER,HEALTHCARE,2024-07-27 14:24:23,False,9307.62
TXN_00006104,CUST_0089,324.58,USD,PURCHASE,ELECTRONICS,2024-07-27 14:44:46,False,46478.4
TXN_00003940,CUST_0049,299.39,USD,PURCHASE,TRAVEL,2024-07-27 15:12:26,False,7615.97
TXN_00005926,CUST_0092,-2454.6,USD,REFUND,TRAVEL,2024-07-27 15:24:58,False,46174.2
TXN_00007933,CUST_0165,536.38,EUR,PURCHASE,UTILITIES,2024-07-27 15:34:26,False,89729.27
TXN_00003018,CUST_0113,207.74,EUR,WITHDRAWAL,HEALTHCARE,2024-07-27 16:22:45,False,50631.86
TXN_00005538,CUST_0096,-145.66,GBP,REFUND,HEALTHCARE,2024-07-27 16:48:57,False,80936.6
TXN_00009062,CUST_0024,321.45,EUR,WITHDRAWAL,HEALTHCARE,2024-07-27 17:52:01,False,53894.31
TXN_00001526,CUST_0012,-562.62,EUR,REFUND,GROCERY,2024-07-27 18:31:02,False,43365.51
TXN_00007195,CUST_0031,1331.33,EUR,WITHDRAWAL,,2024-07-27 18:58:18,False,65230.72
TXN_00005731,CUST_0015,236.24,EUR,PURCHASE,TRAVEL,2024-07-27 21:55:55,False,89731.8
TXN_00002306,CUST_0180,143.56,GBP,TRANSFER,DINING,2024-07-28 08:09:48,False,86292.52
TXN_00001680,CUST_0104,241.73,GBP,WITHDRAWAL,DINING,2024-07-28 08:22:58,False,9481.59
TXN_00002361,CUST_0085,-1487.07,EUR,REFUND,DINING,2024-07-28 09:27:54,False,31675.13
TXN_00009237,CUST_0084,1872.36,EUR,WITHDRAWAL,TRAVEL,2024-07-28 09:43:56,False,95131.57
TXN_00002339,CUST_0132,104.58,EUR,TRANSFER,HEALTHCARE,2024-07-28 09:46:37,False,51988.52
TXN_00001215,CUST_0169,198.26,EUR,PURCHASE,UTILITIES,2024-07-28 09:47:39,False,71584.96
TXN_00003591,CUST_0050,248.8,EUR,PURCHASE,GROCERY,2024-07-28 09:50:17,False,68664.06
TXN_00007538,CUST_0034,482.1,EUR,TRANSFER,ELECTRONICS,2024-07-28 10:15:45,False,1604.66
TXN_00001396,CUST_0193,365.52,EUR,PURCHASE,UTILITIES,2024-07-28 10:56:06,False,27248.33
TXN_00004292,CUST_0087,35.6,EUR,PURCHASE,TRAVEL,2024-07-28 11:17:57,False,48512.56
TXN_00002048,CUST_0184,111.35,EUR,PURCHASE,UTILITIES,2024-07-28 11:24:51,False,46956.97
TXN_00000740,CUST_0018,7650.81,EUR,TRANSFER,DINING,2024-07-28 11:25:26,True,33409.6
TXN_00001947,CUST_0081,23.92,EUR,TRANSFER,DINING,2024-07-28 12:11:12,False,71133.12
TXN_00001833,CUST_0166,550.31,EUR,TRANSFER,GROCERY,2024-07-28 12:43:09,False,56029.45
TXN_00003124,CUST_0183,3061.94,EUR,PURCHASE,GROCERY,2024-07-28 12:56:10,False,64708.04
TXN_00005816,CUST_0192,57.06,USD,PURCHASE,TRAVEL,2024-07-28 13:39:27,True,73685.72
TXN_00008810,CUST_0061,409.5,EUR,WITHDRAWAL,GROCERY,2024-07-28 14:20:21,False,33654.27
TXN_00008912,CUST_0006,127.01,EUR,PURCHASE,ELECTRONICS,2024-07-28 14:33:49,False,55897.72
TXN_00000710,CUST_0149,208.76,EUR,PURCHASE,TRAVEL,2024-07-28 16:26:22,False,58594.67
TXN_00005396,CUST_0155,304.91,USD,PURCHASE,,2024-07-28 17:56:08,False,45604.03
TXN_00009311,CUST_0016,72.01,EUR,PURCHASE,ELECTRONICS,2024-07-28 18:08:56,False,50928.51
TXN_00008573,CUST_0049,83.53,EUR,PURCHASE,DINING,2024-07-28 21:34:05,False,91697.72
TXN_00002530,CUST_0080,156.18,EUR,PURCHASE,HEALTHCARE,2024-07-28 23:30:32,False,58910.25
TXN_00000583,CUST_0039,51.24,EUR,TRANSFER,TRAVEL,2024-07-29 03:06:50,False,12294.02
TXN_00006196,CUST_0069,192.07,EUR,PURCHASE,DINING,2024-07-29 04:46:32,False,4137.79
TXN_00009871,CUST_0164,35.24,EUR,PURCHASE,UTILITIES,2024-07-29 05:12:26,False,39943.09
TXN_00007439,CUST_0008,65.8,EUR,TRANSFER,DINING,2024-07-29 06:43:04,False,62385.05
TXN_00002726,CUST_0192,212.78,GBP,PURCHASE,ELECTRONICS,2024-07-29 08:23:08,False,28035.22
TXN_00001922,CUST_0147,1313.22,USD,PURCHASE,ELECTRONICS,2024-07-29 08:49:41,False,53245.5
TXN_00001376,CUST_0198,1265.76,EUR,PURCHASE,UTILITIES,2024-07-29 09:10:25,False,23759.77
TXN_00002284,CUST_0034,370.66,USD,PURCHASE,,2024-07-29 10:27:52,False,83796.48
TXN_00002542,CUST_0141,1069.57,EUR,TRANSFER,ELECTRONICS,2024-07-29 10:45:53,False,26185.73
TXN_00005206,CUST_0149,-210.07,USD,REFUND,GROCERY,2024-07-29 11:12:43,False,41779.36
TXN_00000427,CUST_0068,268.74,EUR,TRANSFER,HEALTHCARE,2024-07-29 12:21:36,False,7761.08
TXN_00007752,CUST_0156,450.99,USD,TRANSFER,HEALTHCARE,2024-07-29 12:22:39,False,33035.58
TXN_00000275,CUST_0018,40.98,GBP,WITHDRAWAL,GROCERY,2024-07-29 12:31:29,False,60741.84
TXN_00007353,CUST_0140,13.32,GBP,PURCHASE,TRAVEL,2024-07-29 13:24:03,False,73368.15
TXN_00007617,CUST_0182,39.15,EUR,TRANSFER,TRAVEL,2024-07-29 14:09:48,False,89690.4
TXN_00009608,CUST_0020,1246.9,EUR,PURCHASE,UTILITIES,2024-07-29 14:23:24,False,48500.61
TXN_00008598,CUST_0160,55.02,EUR,PURCHASE,GROCERY,2024-07-29 14:38:55,False,86958.27
TXN_00001221,CUST_0028,-269.91,EUR,REFUND,HEALTHCARE,2024-07-29 15:02:23,False,56298.07
TXN_00008874,CUST_0163,298.04,EUR,TRANSFER,HEALTHCARE,2024-07-29 15:11:46,False,87934.89
TXN_00005136,CUST_0155,508.86,EUR,PURCHASE,UTILITIES,2024-07-29 15:27:47,False,29651.2
TXN_00006982,CUST_0089,226.53,EUR,PURCHASE,ELECTRONICS,2024-07-29 15:40:55,False,78755.09
TXN_00001754,CUST_0125,101.84,USD,PURCHASE,TRAVEL,2024-07-29 15:41:41,False,35472.77
TXN_00009037,CUST_0089,201.45,USD,PURCHASE,GROCERY,2024-07-29 15:54:18,False,55676.74
TXN_00009587,CUST_0005,11.09,EUR,PURCHASE,DINING,2024-07-29 16:48:47,False,32249.03
TXN_00009758,CUST_0023,-484.31,EUR,REFUND,HEALTHCARE,2024-07-29 17:08:26,False,55988.08
TXN_00009617,CUST_0103,69.08,USD,PURCHASE,UTILITIES,2024-07-29 17:35:02,False,19950.88
TXN_00003881,CUST_0171,-75.91,EUR,REFUND,TRAVEL,2024-07-29 17:48:00,False,82608.83
TXN_00003646,CUST_0186,192.31,EUR,PURCHASE,ELECTRONICS,2024-07-29 19:21:12,False,82805.63
TXN_00002833,CUST_0140,172.02,EUR,PURCHASE,ELECTRONICS,2024-07-29 19:27:02,False,62146.91
TXN_00006505,CUST_0024,381.1,EUR,WITHDRAWAL,GROCERY,2024-07-29 20:22:34,False,36616.72
TXN_00009317,CUST_0166,1458.53,USD,PURCHASE,GROCERY,2024-07-29 21:35:32,False,65623.93
TXN_00000222,CUST_0052,166.15,EUR,TRANSFER,ELECTRONICS,2024-07-30 06:46:00,False,27301.94
TXN_00002120,CUST_0007,377.24,USD,PURCHASE,DINING,2024-07-30 07:43:29,False,25632.06
TXN_00008863,CUST_0057,35.5,USD,PURCHASE,UTILITIES,2024-07-30 08:16:50,False,69187.4
TXN_00001567,CUST_0124,387.16,EUR,TRANSFER,HEALTHCARE,2024-07-30 08:28:50,False,2770.56
TXN_00009410,CUST_0188,-397.77,EUR,REFUND,GROCERY,2024-07-30 08:42:07,False,80405.06
TXN_00006804,CUST_0143,-1657.1,EUR,REFUND,HEALTHCARE,2024-07-30 09:27:12,False,82926.25
TXN_00007725,CUST_0096,1822.69,EUR,TRANSFER,UTILITIES,2024-07-30 09:53:29,False,61480.27
TXN_00006908,CUST_0137,329.34,EUR,TRANSFER,ELECTRONICS,2024-07-30 11:39:16,False,14943.76
TXN_00004486,CUST_0006,1362.0,EUR,TRANSFER,GROCERY,2024-07-30 11:48:58,False,12032.12
TXN_00007599,CUST_0018,21.15,EUR,PURCHASE,ELECTRONICS,2024-07-30 13:10:01,False,35481.54
TXN_00007597,CUST_0197,1403.7,EUR,TRANSFER,HEALTHCARE,2024-07-30 13:10:49,True,4654.59
TXN_00005738,CUST_0147,203.41,EUR,TRANSFER,GROCERY,2024-07-30 14:06:10,False,69341.81
TXN_00008630,CUST_0075,1411.99,EUR,PURCHASE,GROCERY,2024-07-30 14:19:48,False,55244.7
TXN_00008512,CUST_0038,868.9,EUR,TRANSFER,DINING,2024-07-30 14:35:20,False,49507.29
TXN_00009638,CUST_0081,181.29,USD,PURCHASE,TRAVEL,2024-07-30 14:44:00,False,56718.57
TXN_00001975,CUST_0114,1095.52,USD,PURCHASE,ELECTRONICS,2024-07-30 14:59:15,False,75334.64
TXN_00004248,CUST_0083,4941.27,EUR,PURCHASE,TRAVEL,2024-07-30 15:49:15,False,42422.04
TXN_00003996,CUST_0067,27.71,EUR,TRANSFER,UTILITIES,2024-07-30 15:49:44,False,94265.96
TXN_00009632,CUST_0145,338.61,EUR,PURCHASE,GROCERY,2024-07-30 16:40:32,False,73911.23
TXN_00006101,CUST_0005,513.42,EUR,PURCHASE,GROCERY,2024-07-30 16:40:47,False,89347.45
TXN_00001658,CUST_0017,91.8,EUR,PURCHASE,GROCERY,2024-07-30 16:41:11,False,77385.26
TXN_00008310,CUST_0016,669.37,GBP,TRANSFER,UTILITIES,2024-07-30 17:07:51,False,63908.99
TXN_00003296,CUST_0071,68.97,EUR,PURCHASE,DINING,2024-07-30 17:22:36,False,7627.68
TXN_00003472,CUST_0076,-143.14,GBP,REFUND,HEALTHCARE,2024-07-30 19:26:14,False,97624.86
TXN_00008895,CUST_0051,367.05,EUR,WITHDRAWAL,TRAVEL,2024-07-30 20:12:23,False,34698.91
TXN_00001863,CUST_0113,26.6,EUR,PURCHASE,UTILITIES,2024-07-30 21:00:00,False,16064.43
TXN_00003171,CUST_0067,783.23,EUR,WITHDRAWAL,GROCERY,2024-07-31 06:12:17,False,61580.99
TXN_00002527,CUST_0094,285.7,EUR,PURCHASE,DINING,2024-07-31 08:01:09,False,91771.68
TXN_00005985,CUST_0121,244.03,EUR,TRANSFER,GROCERY,2024-07-31 08:20:23,False,53029.33
TXN_00005638,CUST_0197,110.25,GBP,PURCHASE,GROCERY,2024-07-31 08:21:18,False,583.82
TXN_00003209,CUST_0034,46.86,EUR,PURCHASE,DINING,2024-07-31 08:25:02,False,99877.7
TXN_00009688,CUST_0123,504.33,EUR,PURCHASE,HEALTHCARE,2024-07-31 08:38:08,False,15089.42
TXN_00007152,CUST_0026,472.37,EUR,WITHDRAWAL,DINING,2024-07-31 10:26:36,False,73040.06
TXN_00007900,CUST_0078,146.33,EUR,WITHDRAWAL,DINING,2024-07-31 10:42:32,False,9444.04
TXN_00006008,CUST_0146,1439.39,USD,PURCHASE,GROCERY,2024-07-31 11:39:52,False,35350.47
TXN_00008696,CUST_0032,77.2,EUR,PURCHASE,GROCERY,2024-07-31 12:03:56,False,98305.59
TXN_00006174,CUST_0129,22463.15,EUR,PURCHASE,ELECTRONICS,2024-07-31 12:17:56,False,79521.02
TXN_00008791,CUST_0042,545.23,EUR,WITHDRAWAL,UTILITIES,2024-07-31 12:48:40,False,58764.1
TXN_00002279,CUST_0187,225.16,GBP,PURCHASE,DINING,2024-07-31 12:51:19,False,3283.89
TXN_00003557,CUST_0037,50.08,GBP,PURCHASE,GROCERY,2024-07-31 12:52:40,False,43110.53
TXN_00008658,CUST_0085,166.31,EUR,PURCHASE,HEALTHCARE,2024-07-31 13:06:19,False,29935.87
TXN_00003484,CUST_0194,214.15,EUR,PURCHASE,HEALTHCARE,2024-07-31 13:39:14,False,60908.69
TXN_00005906,CUST_0102,145.03,USD,PURCHASE,GROCERY,2024-07-31 14:01:02,False,10395.61
TXN_00009576,CUST_0057,163.5,EUR,WITHDRAWAL,,2024-07-31 14:11:45,False,87380.0
TXN_00007442,CUST_0191,1104.84,EUR,WITHDRAWAL,ELECTRONICS,2024-07-31 14:38:49,False,3897.12
TXN_00000696,CUST_0092,260.36,EUR,PURCHASE,TRAVEL,2024-07-31 15:11:27,False,57968.28
TXN_00000597,CUST_0058,2498.53,EUR,WITHDRAWAL,GROCERY,2024-07-31 16:43:31,True,94875.56
TXN_00001739,CUST_0116,-546.16,EUR,REFUND,TRAVEL,2024-07-31 16:48:08,False,1736.34
TXN_00009351,CUST_0141,66.77,EUR,PURCHASE,ELECTRONICS,2024-07-31 17:22:20,False,7161.43
TXN_00008640,CUST_0067,198.91,EUR,TRANSFER,GROCERY,2024-07-31 17:23:04,False,1227.32
TXN_00003109,CUST_0196,-550.27,EUR,REFUND,GROCERY,2024-07-31 17:52:36,False,87251.26
TXN_00003582,CUST_0129,321.73,EUR,TRANSFER,TRAVEL,2024-07-31 18:48:50,False,20597.26
TXN_00002189,CUST_0137,131.35,USD,TRANSFER,DINING,2024-07-31 19:19:22,False,68922.64
TXN_00005779,CUST_0153,55.23,EUR,TRANSFER,GROCERY,2024-07-31 20:14:04,False,49708.41
TXN_00003385,CUST_0001,1407.09,EUR,PURCHASE,ELECTRONICS,2024-07-31 20:36:07,False,67349.85
TXN_00003413,CUST_0042,197.0,EUR,WITHDRAWAL,DINING,2024-07-31 20:47:48,False,96834.18
TXN_00006851,CUST_0043,115.19,EUR,PURCHASE,TRAVEL,2024-07-31 20:55:33,False,94708.93
TXN_00003805,CUST_0086,152.04,EUR,PURCHASE,TRAVEL,2024-08-01 04:31:57,False,60814.27
TXN_00001132,CUST_0162,181.78,EUR,PURCHASE,GROCERY,2024-08-01 07:45:13,True,31355.33
TXN_00000670,CUST_0151,48.97,USD,PURCHASE,TRAVEL,2024-08-01 09:13:26,False,19814.91
TXN_00006014,CUST_0138,27.53,EUR,PURCHASE,DINING,2024-08-01 09:49:16,False,79401.67
TXN_00005337,CUST_0137,84.11,EUR,WITHDRAWAL,GROCERY,2024-08-01 10:21:51,False,32839.73
TXN_00009344,CUST_0154,573.71,EUR,WITHDRAWAL,TRAVEL,2024-08-01 10:23:25,False,57326.45
TXN_00008568,CUST_0120,318.14,EUR,PURCHASE,GROCERY,2024-08-01 10:39:45,False,3451.39
TXN_00002415,CUST_0006,4067.04,EUR,PURCHASE,GROCERY,2024-08-01 11:09:57,False,82169.84
TXN_00007330,CUST_0186,391.81,EUR,PURCHASE,DINING,2024-08-01 11:20:15,False,66160.51
TXN_00002757,CUST_0015,183.48,EUR,PURCHASE,ELECTRONICS,2024-08-01 11:50:00,False,25480.8
TXN_00003132,CUST_0190,848.05,USD,WITHDRAWAL,UTILITIES,2024-08-01 11:59:59,False,72444.06
TXN_00001290,CUST_0090,134.0,EUR,PURCHASE,GROCERY,2024-08-01 14:11:56,False,97980.29
TXN_00009482,CUST_0138,450.61,EUR,PURCHASE,GROCERY,2024-08-01 14:12:19,False,63303.3
TXN_00000409,CUST_0188,37.87,EUR,PURCHASE,HEALTHCARE,2024-08-01 14:50:23,False,62039.69
TXN_00001279,CUST_0105,1856.58,EUR,WITHDRAWAL,UTILITIES,2024-08-01 14:55:05,False,44173.61
TXN_00001452,CUST_0101,1156.84,EUR,PURCHASE,DINING,2024-08-01 15:17:11,False,80555.28
TXN_00006105,CUST_0075,119.98,EUR,WITHDRAWAL,UTILITIES,2024-08-01 16:27:52,False,48398.6
TXN_00002512,CUST_0062,746.63,EUR,WITHDRAWAL,DINING,2024-08-01 16:40:17,False,4847.46
TXN_00002873,CUST_0085,391.22,USD,TRANSFER,GROCERY,2024-08-01 16:43:36,False,81534.31
TXN_00009966,CUST_0065,302.69,USD,TRANSFER,ELECTRONICS,2024-08-01 17:04:36,False,94715.68
TXN_00002211,CUST_0190,211.93,EUR,PURCHASE,DINING,2024-08-01 17:07:32,False,72723.8
TXN_00007856,CUST_0141,126.02,EUR,WITHDRAWAL,TRAVEL,2024-08-01 17:48:44,False,15059.92
TXN_00005019,CUST_0133,105.87,EUR,WITHDRAWAL,TRAVEL,2024-08-01 18:14:10,False,93690.85
TXN_00007208,CUST_0164,400.11,EUR,PURCHASE,DINING,2024-08-01 18:56:17,False,6752.51
TXN_00000800,CUST_0045,2698.14,EUR,PURCHASE,HEALTHCARE,2024-08-01 20:36:38,False,26600.54
TXN_00003250,CUST_0069,-157.51,EUR,REFUND,DINING,2024-08-02 05:14:31,False,97671.67
TXN_00003755,CUST_0078,473.45,EUR,PURCHASE,ELECTRONICS,2024-08-02 06:14:26,False,51146.77
TXN_00001090,CUST_0014,744.59,EUR,PURCHASE,ELECTRONICS,2024-08-02 07:25:35,False,64201.36
TXN_00001873,CUST_0002,80.79,EUR,TRANSFER,DINING,2024-08-02 08:06:58,False,97888.86
TXN_00001387,CUST_0064,208.66,EUR,PURCHASE,TRAVEL,2024-08-02 08:44:22,False,90629.24
TXN_00002330,CUST_0011,377.41,EUR,TRANSFER,UTILITIES,2024-08-02 09:03:13,True,66917.78
TXN_00009303,CUST_0109,150.75,GBP,PURCHASE,HEALTHCARE,2024-08-02 09:27:40,False,80950.52
TXN_00003973,CUST_0117,322.36,EUR,TRANSFER,UTILITIES,2024-08-02 10:01:06,False,34910.2
TXN_00008963,CUST_0089,299.92,EUR,PURCHASE,GROCERY,2024-08-02 10:14:18,False,93987.81
TXN_00003063,CUST_0010,122.58,EUR,TRANSFER,GROCERY,2024-08-02 10:28:14,False,89400.62
TXN_00002255,CUST_0175,193.28,GBP,TRANSFER,GROCERY,2024-08-02 10:46:49,False,41982.32
TXN_00002519,CUST_0067,64.29,EUR,PURCHASE,DINING,2024-08-02 10:53:35,False,2967.21
TXN_00001426,CUST_0147,17.58,EUR,WITHDRAWAL,HEALTHCARE,2024-08-02 10:58:09,False,29794.1
TXN_00001721,CUST_0129,189.29,EUR,PURCHASE,TRAVEL,2024-08-02 11:01:48,False,76498.03
TXN_00007793,CUST_0121,256.65,EUR,PURCHASE,GROCERY,2024-08-02 11:06:55,False,56409.46
TXN_00003176,CUST_0036,1928.75,EUR,PURCHASE,ELECTRONICS,2024-08-02 12:09:55,False,45277.89
TXN_00000834,CUST_0035,253.51,EUR,PURCHASE,DINING,2024-08-02 12:26:53,False,54019.14
TXN_00008020,CUST_0090,1376.75,USD,PURCHASE,HEALTHCARE,2024-08-02 12:27:40,False,9333.3
TXN_00009828,CUST_0081,8693.02,EUR,PURCHASE,ELECTRONICS,2024-08-02 12:28:26,False,7321.93
TXN_00003268,CUST_0100,535.1,USD,TRANSFER,,2024-08-02 12:32:23,False,18821.43
TXN_00007622,CUST_0007,167.31,EUR,PURCHASE,TRAVEL,2024-08-02 12:35:16,False,16368.84
TXN_00005358,CUST_0111,82.76,EUR,PURCHASE,ELECTRONICS,2024-08-02 13:29:20,False,16718.53
TXN_00009849,CUST_0067,102.01,EUR,WITHDRAWAL,UTILITIES,2024-08-02 13:39:50,True,70413.78
TXN_00004825,CUST_0055,38221.67,EUR,PURCHASE,GROCERY,2024-08-02 14:25:10,False,90053.37
TXN_00005864,CUST_0128,255.16,USD,PURCHASE,ELECTRONICS,2024-08-02 14:53:35,False,77700.96
TXN_00007185,CUST_0109,65.17,EUR,PURCHASE,HEALTHCARE,2024-08-02 14:54:40,False,25301.71
TXN_00000016,CUST_0119,62.61,USD,PURCHASE,HEALTHCARE,2024-08-02 15:20:15,False,26227.1
TXN_00000355,CUST_0011,373.9,EUR,PURCHASE,UTILITIES,2024-08-02 15:48:08,False,81067.55
TXN_00008651,CUST_0168,1372.55,EUR,PURCHASE,UTILITIES,2024-08-02 15:49:56,False,48109.24
TXN_00007766,CUST_0086,434.43,EUR,PURCHASE,DINING,2024-08-02 15:53:58,False,10102.08
TXN_00000989,CUST_0113,263.77,EUR,PURCHASE,HEALTHCARE,2024-08-02 16:18:53,False,79315.65
TXN_00000304,CUST_0017,-1004.31,USD,REFUND,UTILITIES,2024-08-02 16:20:41,False,85847.39
TXN_00004096,CUST_0160,75.02,EUR,PURCHASE,ELECTRONICS,2024-08-02 16:23:06,False,27138.71
TXN_00007585,CUST_0132,664.76,USD,PURCHASE,ELECTRONICS,2024-08-02 16:34:51,False,59160.77
TXN_00005012,CUST_0042,306.48,EUR,TRANSFER,DINING,2024-08-02 16:45:33,False,57764.71
TXN_00004222,CUST_0081,186.21,USD,TRANSFER,ELECTRONICS,2024-08-02 16:58:53,False,33924.62
TXN_00008622,CUST_0140,200.14,USD,TRANSFER,UTILITIES,2024-08-02 17:24:14,False,71610.24
TXN_00000002,CUST_0094,449.18,EUR,WITHDRAWAL,ELECTRONICS,2024-08-02 19:21:52,False,87134.8
TXN_00009951,CUST_0149,192.74,EUR,WITHDRAWAL,ELECTRONICS,2024-08-02 20:01:56,False,42690.44
TXN_00003224,CUST_0011,108.05,EUR,PURCHASE,UTILITIES,2024-08-02 22:02:07,False,99216.1
TXN_00005196,CUST_0014,554.75,USD,TRANSFER,HEALTHCARE,2024-08-03 06:44:35,False,4058.22
TXN_00001151,CUST_0036,-577.12,EUR,REFUND,HEALTHCARE,2024-08-03 07:09:31,False,2018.15
TXN_00007471,CUST_0098,2029.42,EUR,PURCHASE,HEALTHCARE,2024-08-03 07:23:13,False,1069.14
TXN_00002915,CUST_0083,1720.93,USD,PURCHASE,UTILITIES,2024-08-03 07:32:52,False,7156.95
TXN_00002404,CUST_0150,-418.48,GBP,REFUND,HEALTHCARE,2024-08-03 08:41:02,False,52228.18
TXN_00005038,CUST_0189,-88.73,GBP,REFUND,ELECTRONICS,2024-08-03 09:39:25,False,79245.82
TXN_00009364,CUST_0080,171.68,USD,TRANSFER,HEALTHCARE,2024-08-03 09:53:45,False,77528.33
TXN_00008511,CUST_0185,415.96,USD,PURCHASE,DINING,2024-08-03 10:34:04,False,2965.61
TXN_00006600,CUST_0123,48.6,GBP,PURCHASE,TRAVEL,2024-08-03 10:38:23,False,77127.52
TXN_00002525,CUST_0033,371.45,EUR,TRANSFER,GROCERY,2024-08-03 11:04:04,False,29146.15
TXN_00004530,CUST_0069,147.01,EUR,PURCHASE,TRAVEL,2024-08-03 11:33:47,False,65788.38
TXN_00004165,CUST_0039,7.4,EUR,WITHDRAWAL,DINING,2024-08-03 11:38:20,False,39616.21
TXN_00000924,CUST_0029,-266.81,EUR,REFUND,HEALTHCARE,2024-08-03 11:54:07,False,80610.0
TXN_00003850,CUST_0139,-1139.22,EUR,REFUND,HEALTHCARE,2024-08-03 12:09:35,False,74527.53
TXN_00000358,CUST_0193,-40.83,EUR,REFUND,TRAVEL,2024-08-03 12:12:55,False,9650.73
TXN_00006025,CUST_0183,4743.62,EUR,WITHDRAWAL,GROCERY,2024-08-03 12:23:15,False,16848.32
TXN_00000537,CUST_0098,92.99,EUR,WITHDRAWAL,UTILITIES,2024-08-03 12:41:29,True,39388.26
TXN_00009651,CUST_0007,3172.37,EUR,TRANSFER,GROCERY,2024-08-03 13:56:58,False,47798.85
TXN_00007424,CUST_0181,601.5,EUR,PURCHASE,HEALTHCARE,2024-08-03 14:00:07,False,86550.56
TXN_00008015,CUST_0092,1115.09,EUR,TRANSFER,,2024-08-03 14:53:10,False,88617.34
TXN_00008327,CUST_0188,13.47,EUR,WITHDRAWAL,UTILITIES,2024-08-03 15:37:02,False,51351.68
TXN_00004997,CUST_0056,1371.54,USD,PURCHASE,,2024-08-03 15:44:35,False,89618.03
TXN_00008245,CUST_0076,722.32,EUR,PURCHASE,HEALTHCARE,2024-08-03 15:48:28,False,59787.06
TXN_00005924,CUST_0099,2497.37,EUR,PURCHASE,TRAVEL,2024-08-03 15:51:29,False,36281.48
TXN_00006958,CUST_0189,417.65,GBP,TRANSFER,UTILITIES,2024-08-03 16:17:13,False,16155.67
TXN_00003475,CUST_0016,9981.85,USD,PURCHASE,ELECTRONICS,2024-08-03 17:20:40,False,7070.28
TXN_00008406,CUST_0048,782.66,GBP,PURCHASE,DINING,2024-08-03 17:22:44,False,43348.21
TXN_00000867,CUST_0189,1626.67,GBP,PURCHASE,DINING,2024-08-03 19:07:06,False,14457.66
TXN_00004604,CUST_0032,308.24,EUR,PURCHASE,UTILITIES,2024-08-03 20:06:18,False,37955.67
TXN_00002700,CUST_0143,241.79,USD,WITHDRAWAL,GROCERY,2024-08-03 20:58:34,True,63646.44
TXN_00000810,CUST_0160,358.93,EUR,TRANSFER,TRAVEL,2024-08-03 21:56:50,False,21365.1
TXN_00000131,CUST_0001,230.86,GBP,PURCHASE,GROCERY,2024-08-04 03:21:12,False,93368.91
TXN_00004043,CUST_0025,-59.28,EUR,REFUND,UTILITIES,2024-08-04 05:11:16,False,3089.41
TXN_00001879,CUST_0111,4112.86,USD,WITHDRAWAL,GROCERY,2024-08-04 09:15:57,False,51972.56
TXN_00005098,CUST_0156,134.73,EUR,WITHDRAWAL,UTILITIES,2024-08-04 10:42:08,False,34580.73
TXN_00000855,CUST_0081,-56.75,USD,REFUND,ELECTRONICS,2024-08-04 10:55:54,False,44532.22
TXN_00004250,CUST_0025,46.96,EUR,TRANSFER,HEALTHCARE,2024-08-04 12:08:30,False,44833.93
TXN_00002968,CUST_0078,792.37,EUR,WITHDRAWAL,HEALTHCARE,2024-08-04 12:30:11,False,31324.74
TXN_00007423,CUST_0041,72.82,EUR,PURCHASE,HEALTHCARE,2024-08-04 13:32:38,False,18688.22
TXN_00008619,CUST_0031,7280.0,GBP,PURCHASE,HEALTHCARE,2024-08-04 13:34:25,False,16186.35
TXN_00009323,CUST_0148,216.55,EUR,PURCHASE,DINING,2024-08-04 13:40:12,False,77977.16
TXN_00000408,CUST_0177,145.62,EUR,PURCHASE,ELECTRONICS,2024-08-04 14:07:10,False,81239.29
TXN_00006114,CUST_0155,4.06,EUR,PURCHASE,TRAVEL,2024-08-04 15:11:54,False,31041.01
TXN_00008544,CUST_0078,191.94,EUR,PURCHASE,UTILITIES,2024-08-04 15:23:04,False,97938.48
TXN_00001108,CUST_0163,68.12,GBP,WITHDRAWAL,TRAVEL,2024-08-04 15:39:12,False,3385.99
TXN_00007771,CUST_0007,144.44,USD,TRANSFER,ELECTRONICS,2024-08-04 15:48:43,False,68637.36
TXN_00001346,CUST_0142,163.6,EUR,WITHDRAWAL,DINING,2024-08-04 16:19:17,False,6767.76
TXN_00007719,CUST_0122,160.96,EUR,PURCHASE,HEALTHCARE,2024-08-04 16:24:00,True,51318.21
TXN_00003782,CUST_0171,78.05,EUR,WITHDRAWAL,ELECTRONICS,2024-08-04 16:33:47,False,56626.78
TXN_00009823,CUST_0145,77.4,USD,WITHDRAWAL,ELECTRONICS,2024-08-04 19:33:03,False,49057.52
TXN_00006870,CUST_0186,959.94,EUR,PURCHASE,TRAVEL,2024-08-04 20:01:24,False,8830.39
TXN_00004649,CUST_0080,199.0,EUR,PURCHASE,ELECTRONICS,2024-08-05 01:24:16,False,41424.45
TXN_00004073,CUST_0028,671.85,EUR,PURCHASE,HEALTHCARE,2024-08-05 03:29:10,False,70547.17
TXN_00009476,CUST_0036,147.55,GBP,PURCHASE,DINING,2024-08-05 08:11:13,False,49957.76
TXN_00001400,CUST_0158,39484.7,EUR,PURCHASE,DINING,2024-08-05 09:07:23,False,31429.19
TXN_00002747,CUST_0065,31.62,EUR,WITHDRAWAL,UTILITIES,2024-08-05 09:42:47,False,19029.16
TXN_00002348,CUST_0037,5042.22,EUR,PURCHASE,HEALTHCARE,2024-08-05 09:48:56,False,17850.38
TXN_00003197,CUST_0022,633.77,GBP,WITHDRAWAL,ELECTRONICS,2024-08-05 10:46:41,False,23345.75
TXN_00002393,CUST_0041,1138.77,EUR,PURCHASE,HEALTHCARE,2024-08-05 10:47:20,False,8317.06
TXN_00007649,CUST_0128,153.45,EUR,PURCHASE,ELECTRONICS,2024-08-05 11:03:14,False,35164.5
TXN_00006772,CUST_0103,420.4,EUR,PURCHASE,ELECTRONICS,2024-08-05 11:08:23,False,94706.61
TXN_00005312,CUST_0055,195.08,EUR,PURCHASE,HEALTHCARE,2024-08-05 11:20:07,False,95983.6
TXN_00007065,CUST_0087,75.96,USD,WITHDRAWAL,DINING,2024-08-05 11:46:05,False,6456.42
TXN_00009613,CUST_0165,589.41,EUR,PURCHASE,GROCERY,2024-08-05 11:57:48,False,48664.66
TXN_00004056,CUST_0191,58.43,EUR,PURCHASE,GROCERY,2024-08-05 12:50:18,False,50658.0
TXN_00008485,CUST_0186,9467.49,USD,TRANSFER,UTILITIES,2024-08-05 12:50:33,False,78252.15
TXN_00004378,CUST_0039,106.21,EUR,PURCHASE,ELECTRONICS,2024-08-05 13:07:48,False,39943.54
TXN_00000353,CUST_0105,162.29,EUR,TRANSFER,HEALTHCARE,2024-08-05 13:40:48,False,15851.76
TXN_00004350,CUST_0083,11.94,EUR,PURCHASE,HEALTHCARE,2024-08-05 13:53:29,False,74731.23
TXN_00004047,CUST_0057,477.31,USD,PURCHASE,UTILITIES,2024-08-05 14:08:20,False,67003.32
TXN_00008536,CUST_0172,48.73,GBP,PURCHASE,TRAVEL,2024-08-05 14:21:07,False,17807.38
TXN_00008831,CUST_0115,47.85,USD,PURCHASE,ELECTRONICS,2024-08-05 14:37:13,False,94691.94
TXN_00001678,CUST_0104,-165.26,EUR,REFUND,ELECTRONICS,2024-08-05 14:39:24,False,98704.3
TXN_00003095,CUST_0109,51.43,EUR,PURCHASE,ELECTRONICS,2024-08-05 14:39:54,False,51134.31
TXN_00003526,CUST_0091,59.61,EUR,PURCHASE,DINING,2024-08-05 15:16:52,False,61249.55
TXN_00007580,CUST_0139,635.32,EUR,PURCHASE,ELECTRONICS,2024-08-05 15:59:29,False,36673.11
TXN_00000109,CUST_0160,-177.04,EUR,REFUND,HEALTHCARE,2024-08-05 16:25:47,False,66763.83
TXN_00001804,CUST_0180,149.96,EUR,PURCHASE,UTILITIES,2024-08-05 16:55:09,False,98989.9
TXN_00001838,CUST_0114,-327.01,GBP,REFUND,HEALTHCARE,2024-08-05 17:37:43,False,87762.24
TXN_00008196,CUST_0047,5618.41,EUR,PURCHASE,DINING,2024-08-05 19:26:24,False,36447.22
TXN_00008436,CUST_0125,237.55,USD,PURCHASE,ELECTRONICS,2024-08-05 20:28:26,False,58954.66
TXN_00008898,CUST_0053,349.2,USD,TRANSFER,ELECTRONICS,2024-08-05 20:57:53,True,34419.25
TXN_00009451,CUST_0117,966.5,USD,PURCHASE,HEALTHCARE,2024-08-06 08:06:48,False,86518.81
TXN_00005199,CUST_0133,2773.27,GBP,WITHDRAWAL,ELECTRONICS,2024-08-06 08:16:22,False,82904.92
TXN_00009220,CUST_0047,54.72,EUR,TRANSFER,UTILITIES,2024-08-06 08:23:29,False,30312.97
TXN_00008075,CUST_0132,-547.3,USD,REFUND,GROCERY,2024-08-06 08:39:16,False,91010.62
TXN_00004132,CUST_0149,102.47,EUR,PURCHASE,UTILITIES,2024-08-06 09:20:44,False,92613.92
TXN_00007040,CUST_0027,324.05,EUR,PURCHASE,GROCERY,2024-08-06 10:19:52,False,54873.67
TXN_00006358,CUST_0161,976.91,EUR,TRANSFER,HEALTHCARE,2024-08-06 10:27:02,False,34898.57
TXN_00003086,CUST_0000,1457.93,GBP,WITHDRAWAL,HEALTHCARE,2024-08-06 11:37:39,False,84442.73
TXN_00003657,CUST_0117,48.67,EUR,WITHDRAWAL,GROCERY,2024-08-06 11:48:31,False,71335.82
TXN_00004853,CUST_0127,15.52,EUR,WITHDRAWAL,DINING,2024-08-06 11:51:21,False,55075.49
TXN_00001698,CUST_0061,758.18,EUR,TRANSFER,ELECTRONICS,2024-08-06 11:58:15,False,9399.12
TXN_00008464,CUST_0109,71.96,GBP,PURCHASE,GROCERY,2024-08-06 12:03:24,False,21920.09
TXN_00006548,CUST_0065,1098.74,EUR,WITHDRAWAL,HEALTHCARE,2024-08-06 12:12:30,False,31782.15
TXN_00006834,CUST_0034,3469.24,USD,PURCHASE,GROCERY,2024-08-06 12:21:49,False,63720.7
TXN_00006012,CUST_0024,166.62,USD,TRANSFER,ELECTRONICS,2024-08-06 12:24:01,False,98479.57
TXN_00005769,CUST_0017,54.75,EUR,PURCHASE,TRAVEL,2024-08-06 13:04:36,False,85623.02
TXN_00006658,CUST_0075,88.13,GBP,PURCHASE,DINING,2024-08-06 13:20:22,False,70681.52
TXN_00006173,CUST_0001,1166.75,EUR,PURCHASE,HEALTHCARE,2024-08-06 13:55:16,False,78096.74
TXN_00009198,CUST_0114,88.41,USD,WITHDRAWAL,TRAVEL,2024-08-06 14:29:43,False,79660.64
TXN_00000993,CUST_0178,-696.12,EUR,REFUND,GROCERY,2024-08-06 14:48:11,False,92038.94
TXN_00007832,CUST_0079,703.77,GBP,PURCHASE,ELECTRONICS,2024-08-06 15:20:00,False,86844.57
TXN_00001789,CUST_0083,303.31,EUR,PURCHASE,UTILITIES,2024-08-06 16:12:18,False,66814.5
TXN_00002070,CUST_0008,689.17,EUR,PURCHASE,ELECTRONICS,2024-08-06 17:32:46,False,6572.33
TXN_00002982,CUST_0156,184.43,USD,PURCHASE,UTILITIES,2024-08-06 17:37:06,False,33241.18
TXN_00000812,CUST_0139,33.98,EUR,PURCHASE,GROCERY,2024-08-06 17:46:03,False,68700.67
TXN_00003998,CUST_0025,203.71,GBP,PURCHASE,GROCERY,2024-08-06 17:51:53,False,8874.96
TXN_00005729,CUST_0060,641.55,EUR,TRANSFER,TRAVEL,2024-08-06 19:42:27,False,36432.49
TXN_00003160,CUST_0033,3208.59,GBP,WITHDRAWAL,GROCERY,2024-08-07 04:04:22,False,59942.89
TXN_00005884,CUST_0104,163.37,EUR,PURCHASE,DINING,2024-08-07 07:14:38,False,19359.34
TXN_00004368,CUST_0020,34.3,EUR,PURCHASE,UTILITIES,2024-08-07 07:33:56,False,67929.36
TXN_00007792,CUST_0183,54.59,EUR,TRANSFER,DINING,2024-08-07 07:46:34,False,58014.19
TXN_00004269,CUST_0106,25.91,EUR,PURCHASE,DINING,2024-08-07 07:56:46,False,10548.77
TXN_00006979,CUST_0195,334.52,USD,PURCHASE,GROCERY,2024-08-07 08:32:28,False,43074.99
TXN_00003794,CUST_0018,204.62,EUR,TRANSFER,TRAVEL,2024-08-07 09:44:16,False,33491.56
TXN_00007420,CUST_0130,7.76,EUR,PURCHASE,UTILITIES,2024-08-07 09:56:39,False,89857.13
TXN_00006056,CUST_0114,18.83,EUR,PURCHASE,DINING,2024-08-07 09:59:33,False,4830.36
TXN_00003647,CUST_0183,2154.33,EUR,WITHDRAWAL,TRAVEL,2024-08-07 10:13:21,False,39471.81
TXN_00001453,CUST_0188,1387.91,USD,PURCHASE,HEALTHCARE,2024-08-07 10:27:59,False,10669.75
TXN_00001443,CUST_0109,203.09,USD,PURCHASE,ELECTRONICS,2024-08-07 10:32:03,False,23817.55
TXN_00000159,CUST_0125,140.74,USD,TRANSFER,GROCERY,2024-08-07 10:36:40,False,41350.86
TXN_00001668,CUST_0088,518.99,GBP,TRANSFER,HEALTHCARE,2024-08-07 10:45:56,False,24514.72
TXN_00007666,CUST_0188,48.41,EUR,TRANSFER,HEALTHCARE,2024-08-07 10:54:59,False,81199.04
TXN_00009442,CUST_0030,23.19,EUR,PURCHASE,DINING,2024-08-07 11:21:23,False,21979.25
TXN_00003505,CUST_0011,255.43,USD,PURCHASE,TRAVEL,2024-08-07 11:29:51,False,76498.41
TXN_00004894,CUST_0003,1888.58,USD,PURCHASE,DINING,2024-08-07 11:51:31,False,16089.32
TXN_00002135,CUST_0027,38.61,EUR,PURCHASE,HEALTHCARE,2024-08-07 11:56:12,False,54286.98
TXN_00008369,CUST_0088,53.22,USD,PURCHASE,GROCERY,2024-08-07 12:19:49,False,8310.28
TXN_00000077,CUST_0113,159.87,USD,PURCHASE,TRAVEL,2024-08-07 12:29:28,False,63279.33
TXN_00003762,CUST_0071,87.35,GBP,PURCHASE,TRAVEL,2024-08-07 12:45:34,False,45642.51
TXN_00003615,CUST_0044,57.76,EUR,WITHDRAWAL,UTILITIES,2024-08-07 12:47:41,False,30138.6
TXN_00008890,CUST_0070,207.08,EUR,PURCHASE,UTILITIES,2024-08-07 12:53:27,False,6694.5
TXN_00007578,CUST_0100,566.44,GBP,PURCHASE,ELECTRONICS,2024-08-07 12:55:40,False,1759.21
TXN_00006385,CUST_0127,350.42,EUR,TRANSFER,GROCERY,2024-08-07 12:58:01,False,91279.61
TXN_00009368,CUST_0116,47.56,USD,PURCHASE,GROCERY,2024-08-07 13:23:00,False,78824.89
TXN_00005112,CUST_0042,753.16,EUR,PURCHASE,UTILITIES,2024-08-07 13:24:22,False,72949.68
TXN_00004992,CUST_0100,-469.91,EUR,REFUND,ELECTRONICS,2024-08-07 13:40:16,False,49807.5
TXN_00001502,CUST_0010,1236.21,USD,TRANSFER,TRAVEL,2024-08-07 13:57:34,False,89497.46
TXN_00000108,CUST_0175,418.64,EUR,WITHDRAWAL,DINING,2024-08-07 14:11:15,False,30949.48
TXN_00000161,CUST_0176,230.52,EUR,PURCHASE,UTILITIES,2024-08-07 14:47:28,False,65235.42
TXN_00009386,CUST_0126,101.39,USD,WITHDRAWAL,DINING,2024-08-07 15:11:09,False,50850.11
TXN_00009404,CUST_0083,131.43,EUR,TRANSFER,DINING,2024-08-07 15:42:15,False,63642.91
TXN_00005285,CUST_0188,53.11,EUR,TRANSFER,ELECTRONICS,2024-08-07 16:26:18,False,43688.29
TXN_00001177,CUST_0067,59.82,EUR,PURCHASE,GROCERY,2024-08-07 16:52:29,False,2194.72
TXN_00006398,CUST_0021,1371.93,EUR,PURCHASE,ELECTRONICS,2024-08-07 17:17:24,False,65307.97
TXN_00008722,CUST_0007,19.54,GBP,WITHDRAWAL,UTILITIES,2024-08-07 17:17:53,False,55509.95
TXN_00003398,CUST_0097,3718.04,EUR,TRANSFER,DINING,2024-08-07 18:57:04,False,18142.31
TXN_00001380,CUST_0069,3413.03,EUR,PURCHASE,UTILITIES,2024-08-07 19:55:06,False,92791.97
TXN_00009781,CUST_0155,28.58,EUR,PURCHASE,DINING,2024-08-07 21:07:13,False,25491.33
TXN_00002273,CUST_0057,54.14,EUR,PURCHASE,DINING,2024-08-07 23:07:30,False,50347.61
TXN_00002758,CUST_0013,74.52,EUR,TRANSFER,DINING,2024-08-08 04:14:17,False,47064.48
TXN_00005603,CUST_0130,55.64,USD,PURCHASE,TRAVEL,2024-08-08 06:57:40,False,63964.68
TXN_00009857,CUST_0041,92.47,EUR,TRANSFER,ELECTRONICS,2024-08-08 07:15:34,False,84579.88
TXN_00005932,CUST_0126,116.1,EUR,TRANSFER,UTILITIES,2024-08-08 07:23:57,False,10306.47
TXN_00003825,CUST_0090,1633.38,EUR,TRANSFER,UTILITIES,2024-08-08 07:57:30,False,78639.59
TXN_00000571,CUST_0105,137.77,EUR,WITHDRAWAL,HEALTHCARE,2024-08-08 08:51:28,True,51650.72
TXN_00009136,CUST_0026,203.13,EUR,PURCHASE,DINING,2024-08-08 09:05:11,False,25690.62
TXN_00000942,CUST_0069,5749.22,EUR,WITHDRAWAL,GROCERY,2024-08-08 09:47:38,False,95498.45
TXN_00004577,CUST_0197,36.0,USD,TRANSFER,DINING,2024-08-08 09:58:49,False,97955.54
TXN_00008068,CUST_0126,180.75,EUR,TRANSFER,GROCERY,2024-08-08 10:46:11,False,79281.47
TXN_00005707,CUST_0136,351.6,EUR,TRANSFER,GROCERY,2024-08-08 11:01:28,False,98567.0
TXN_00009912,CUST_0187,191.0,USD,TRANSFER,HEALTHCARE,2024-08-08 11:04:03,False,6745.25
TXN_00005793,CUST_0062,334.3,EUR,PURCHASE,DINING,2024-08-08 11:05:38,False,54825.62
TXN_00001203,CUST_0008,514.36,EUR,WITHDRAWAL,UTILITIES,2024-08-08 11:20:20,False,61212.58
TXN_00008358,CUST_0176,1230.17,USD,PURCHASE,TRAVEL,2024-08-08 12:35:43,False,75878.86
TXN_00008579,CUST_0017,957.99,USD,WITHDRAWAL,HEALTHCARE,2024-08-08 13:06:59,False,69669.22
TXN_00004190,CUST_0144,136.38,EUR,PURCHASE,HEALTHCARE,2024-08-08 13:14:25,False,27267.75
TXN_00002328,CUST_0046,-21.12,EUR,REFUND,GROCERY,2024-08-08 14:18:07,False,88106.65
TXN_00002820,CUST_0155,96.52,EUR,PURCHASE,ELECTRONICS,2024-08-08 14:20:14,False,81481.09
TXN_00002623,CUST_0094,91.37,EUR,PURCHASE,,2024-08-08 14:23:51,False,80415.52
TXN_00002072,CUST_0070,8.98,GBP,PURCHASE,HEALTHCARE,2024-08-08 14:28:12,False,45263.54
TXN_00000558,CUST_0109,1138.12,EUR,PURCHASE,HEALTHCARE,2024-08-08 14:38:49,False,34999.49
TXN_00008091,CUST_0170,131.06,EUR,WITHDRAWAL,TRAVEL,2024-08-08 14:45:25,False,20165.55
TXN_00009678,CUST_0155,266.86,USD,WITHDRAWAL,DINING,2024-08-08 15:11:09,False,65883.55
TXN_00008571,CUST_0034,-202.21,EUR,REFUND,HEALTHCARE,2024-08-08 15:22:36,False,79103.06
TXN_00000835,CUST_0051,259.0,EUR,PURCHASE,ELECTRONICS,2024-08-08 15:38:52,False,81392.51
TXN_00007075,CUST_0189,1575.39,EUR,PURCHASE,HEALTHCARE,2024-08-08 15:40:47,False,24259.51
TXN_00008082,CUST_0084,96.16,USD,PURCHASE,HEALTHCARE,2024-08-08 15:43:31,False,30074.37
TXN_00007664,CUST_0029,2210.26,EUR,PURCHASE,TRAVEL,2024-08-08 16:11:56,False,67396.28
TXN_00003089,CUST_0042,158.85,EUR,PURCHASE,TRAVEL,2024-08-08 16:31:59,False,50130.67
TXN_00004983,CUST_0110,25.9,USD,PURCHASE,HEALTHCARE,2024-08-08 16:52:53,False,70393.7
TXN_00008126,CUST_0107,176.73,EUR,WITHDRAWAL,UTILITIES,2024-08-08 17:30:35,False,12489.24
TXN_00004406,CUST_0111,1560.9,EUR,PURCHASE,GROCERY,2024-08-08 18:40:17,False,41366.69
TXN_00003159,CUST_0048,296.29,EUR,WITHDRAWAL,DINING,2024-08-08 19:18:35,False,41692.28
TXN_00001408,CUST_0167,112.16,EUR,PURCHASE,ELECTRONICS,2024-08-09 07:06:00,False,96964.87
TXN_00008152,CUST_0018,69.28,USD,PURCHASE,UTILITIES,2024-08-09 07:25:13,False,75369.83
TXN_00002389,CUST_0043,1664.6,USD,PURCHASE,DINING,2024-08-09 08:26:38,False,29038.23
TXN_00007693,CUST_0090,1143.8,GBP,TRANSFER,GROCERY,2024-08-09 08:39:49,False,16983.47
TXN_00003799,CUST_0004,380.11,USD,PURCHASE,DINING,2024-08-09 08:44:19,False,75645.79
TXN_00007114,CUST_0196,1249.74,EUR,TRANSFER,HEALTHCARE,2024-08-09 08:51:44,False,7493.73
TXN_00004383,CUST_0113,513.77,EUR,PURCHASE,DINING,2024-08-09 09:01:28,False,69983.82
TXN_00005706,CUST_0044,1100.15,EUR,TRANSFER,GROCERY,2024-08-09 09:02:59,False,11441.69
TXN_00002763,CUST_0034,2545.03,EUR,PURCHASE,ELECTRONICS,2024-08-09 09:30:27,False,66043.95
TXN_00002057,CUST_0082,130.02,EUR,PURCHASE,GROCERY,2024-08-09 10:01:08,False,72931.66
TXN_00007524,CUST_0053,56.59,USD,TRANSFER,DINING,2024-08-09 10:49:59,False,49148.83
TXN_00001146,CUST_0086,242.84,USD,PURCHASE,HEALTHCARE,2024-08-09 11:52:54,False,92160.55
TXN_00005124,CUST_0046,25.32,EUR,PURCHASE,ELECTRONICS,2024-08-09 12:15:12,False,33337.9
TXN_00005170,CUST_0123,26.42,USD,WITHDRAWAL,ELECTRONICS,2024-08-09 13:13:30,False,35490.97
TXN_00001100,CUST_0122,748.73,EUR,WITHDRAWAL,TRAVEL,2024-08-09 13:31:27,False,83693.07
TXN_00002625,CUST_0087,8623.69,EUR,WITHDRAWAL,TRAVEL,2024-08-09 13:50:52,False,60786.86
TXN_00008478,CUST_0082,40.96,EUR,TRANSFER,TRAVEL,2024-08-09 14:28:51,False,88319.95
TXN_00001135,CUST_0051,182.71,EUR,PURCHASE,UTILITIES,2024-08-09 14:37:02,False,37677.14
TXN_00002892,CUST_0074,-1298.31,EUR,REFUND,HEALTHCARE,2024-08-09 14:56:51,False,84893.28
TXN_00009914,CUST_0062,81.05,USD,PURCHASE,TRAVEL,2024-08-09 15:43:55,False,73055.65
TXN_00009474,CUST_0109,713.15,GBP,TRANSFER,DINING,2024-08-09 15:48:36,False,88968.68
TXN_00001518,CUST_0077,214.16,EUR,PURCHASE,,2024-08-09 16:06:08,False,68151.34
TXN_00005899,CUST_0060,31.33,EUR,TRANSFER,ELECTRONICS,2024-08-09 17:04:02,False,62474.71
TXN_00008384,CUST_0113,35.85,GBP,PURCHASE,HEALTHCARE,2024-08-09 17:38:08,False,53986.83
TXN_00002718,CUST_0097,308.31,EUR,PURCHASE,DINING,2024-08-09 17:39:16,False,91082.11
TXN_00008992,CUST_0067,31.94,USD,TRANSFER,,2024-08-09 19:00:47,False,46572.35
TXN_00008672,CUST_0065,323.61,GBP,PURCHASE,HEALTHCARE,2024-08-09 19:00:49,False,55286.92
TXN_00003347,CUST_0133,592.92,EUR,WITHDRAWAL,DINING,2024-08-09 21:22:14,False,43532.0
TXN_00009737,CUST_0186,981.12,EUR,TRANSFER,ELECTRONICS,2024-08-09 23:35:27,False,64053.09
TXN_00007629,CUST_0083,819.82,EUR,TRANSFER,UTILITIES,2024-08-10 05:24:39,False,53478.5
TXN_00008222,CUST_0000,529.17,EUR,PURCHASE,GROCERY,2024-08-10 06:08:22,False,66405.73
TXN_00001499,CUST_0168,2241.81,EUR,PURCHASE,ELECTRONICS,2024-08-10 07:24:30,False,43288.69
TXN_00000908,CUST_0169,852.48,EUR,WITHDRAWAL,DINING,2024-08-10 07:42:43,False,27757.18
TXN_00005840,CUST_0109,457.95,GBP,PURCHASE,HEALTHCARE,2024-08-10 09:15:35,False,34486.29
TXN_00007720,CUST_0047,293.84,EUR,PURCHASE,HEALTHCARE,2024-08-10 10:04:04,False,4048.43
TXN_00000290,CUST_0144,-76.74,GBP,REFUND,TRAVEL,2024-08-10 10:09:06,False,36737.55
TXN_00001242,CUST_0142,1727.44,EUR,PURCHASE,TRAVEL,2024-08-10 10:33:54,False,48869.22
TXN_00002553,CUST_0044,90.96,EUR,PURCHASE,TRAVEL,2024-08-10 10:55:50,False,14246.89
TXN_00003708,CUST_0047,6.73,EUR,PURCHASE,HEALTHCARE,2024-08-10 10:57:25,False,4171.02
TXN_00005915,CUST_0033,87.57,EUR,PURCHASE,UTILITIES,2024-08-10 10:58:37,False,95368.03
TXN_00007124,CUST_0076,932.58,USD,PURCHASE,TRAVEL,2024-08-10 11:07:04,False,92503.42
TXN_00005295,CUST_0047,58.72,GBP,TRANSFER,GROCERY,2024-08-10 12:05:34,False,20641.27
TXN_00008776,CUST_0061,12.44,EUR,PURCHASE,DINING,2024-08-10 12:22:11,False,24719.19
TXN_00004171,CUST_0054,118.22,EUR,PURCHASE,UTILITIES,2024-08-10 13:09:46,False,7375.15
TXN_00007786,CUST_0076,1957.78,EUR,PURCHASE,UTILITIES,2024-08-10 13:16:14,False,33754.12
TXN_00004456,CUST_0057,182.42,EUR,TRANSFER,UTILITIES,2024-08-10 13:38:35,False,54705.93
TXN_00004362,CUST_0112,559.5,EUR,PURCHASE,UTILITIES,2024-08-10 13:45:45,False,17593.84
TXN_00001651,CUST_0116,538.18,EUR,PURCHASE,HEALTHCARE,2024-08-10 13:50:00,False,43131.57
TXN_00006528,CUST_0043,182.17,EUR,PURCHASE,GROCERY,2024-08-10 14:34:12,False,76621.04
TXN_00002789,CUST_0115,316.33,EUR,PURCHASE,TRAVEL,2024-08-10 14:39:48,False,73132.87
TXN_00006808,CUST_0159,107.47,EUR,PURCHASE,TRAVEL,2024-08-10 14:48:50,False,10130.43
TXN_00004726,CUST_0095,16.13,EUR,PURCHASE,HEALTHCARE,2024-08-10 14:55:36,False,22750.29
TXN_00002358,CUST_0003,-357.03,EUR,REFUND,ELECTRONICS,2024-08-10 16:14:13,False,49730.85
TXN_00004137,CUST_0178,110.91,GBP,PURCHASE,UTILITIES,2024-08-10 16:19:54,False,75970.13
TXN_00000417,CUST_0152,114.83,EUR,PURCHASE,TRAVEL,2024-08-10 16:31:40,False,49385.89
TXN_00000689,CUST_0156,862.09,USD,PURCHASE,HEALTHCARE,2024-08-10 17:58:54,False,53745.37
TXN_00005875,CUST_0021,-413.08,EUR,REFUND,TRAVEL,2024-08-11 04:25:50,False,13308.27
TXN_00002904,CUST_0151,108.49,GBP,PURCHASE,TRAVEL,2024-08-11 07:55:01,False,97446.34
TXN_00001824,CUST_0032,456.01,USD,WITHDRAWAL,UTILITIES,2024-08-11 10:08:28,False,80627.77
TXN_00004227,CUST_0039,3728.8,EUR,TRANSFER,UTILITIES,2024-08-11 10:22:47,False,57498.26
TXN_00009821,CUST_0118,1673.92,GBP,TRANSFER,GROCERY,2024-08-11 10:34:17,False,22019.12
TXN_00000905,CUST_0075,2362.19,EUR,PURCHASE,UTILITIES,2024-08-11 10:57:20,False,59303.71
TXN_00006396,CUST_0128,552.52,GBP,PURCHASE,GROCERY,2024-08-11 11:36:51,False,97128.16
TXN_00006858,CUST_0025,34.42,EUR,PURCHASE,TRAVEL,2024-08-11 11:43:37,False,73078.99
TXN_00007613,CUST_0119,7.97,USD,PURCHASE,TRAVEL,2024-08-11 11:46:32,False,26400.73
TXN_00007892,CUST_0130,55.3,EUR,PURCHASE,GROCERY,2024-08-11 12:25:39,False,30751.13
TXN_00004759,CUST_0066,205.71,USD,PURCHASE,GROCERY,2024-08-11 12:49:46,False,80887.0
TXN_00009013,CUST_0072,79.36,EUR,PURCHASE,GROCERY,2024-08-11 13:00:02,False,27131.25
TXN_00005346,CUST_0022,267.87,EUR,WITHDRAWAL,TRAVEL,2024-08-11 13:37:37,False,36835.01
TXN_00000274,CUST_0013,155.79,EUR,PURCHASE,TRAVEL,2024-08-11 13:58:55,False,77724.4
TXN_00000377,CUST_0091,84.19,EUR,PURCHASE,UTILITIES,2024-08-11 14:12:45,False,69668.19
TXN_00001424,CUST_0064,238.52,EUR,PURCHASE,ELECTRONICS,2024-08-11 15:08:57,False,52770.58
TXN_00006640,CUST_0137,2333.04,EUR,PURCHASE,ELECTRONICS,2024-08-11 15:09:29,False,52689.21
TXN_00002987,CUST_0047,496.71,EUR,PURCHASE,GROCERY,2024-08-11 15:29:07,False,63193.83
TXN_00002106,CUST_0093,50.3,EUR,PURCHASE,DINING,2024-08-11 15:51:34,False,77105.91
TXN_00002851,CUST_0067,311.68,EUR,PURCHASE,GROCERY,2024-08-11 16:36:03,False,7114.1
TXN_00002091,CUST_0126,300.4,EUR,TRANSFER,HEALTHCARE,2024-08-11 16:47:13,False,29144.54
TXN_00000884,CUST_0081,17.3,GBP,PURCHASE,TRAVEL,2024-08-11 16:57:06,False,90165.01
TXN_00008980,CUST_0085,700.18,EUR,PURCHASE,TRAVEL,2024-08-11 17:01:03,False,59152.2
TXN_00008693,CUST_0043,-176.07,EUR,REFUND,DINING,2024-08-11 17:04:32,False,60744.27
TXN_00001309,CUST_0103,56.1,EUR,WITHDRAWAL,DINING,2024-08-11 18:15:17,False,8325.39
TXN_00003620,CUST_0187,377.17,EUR,PURCHASE,ELECTRONICS,2024-08-11 19:45:33,False,9054.64
TXN_00009415,CUST_0136,135.14,EUR,PURCHASE,DINING,2024-08-11 19:59:14,False,32296.49
TXN_00003441,CUST_0059,56.31,EUR,WITHDRAWAL,TRAVEL,2024-08-12 05:37:43,False,6945.8
TXN_00006093,CUST_0119,18.9,USD,PURCHASE,GROCERY,2024-08-12 08:33:55,False,94815.01
TXN_00005490,CUST_0102,78.75,EUR,WITHDRAWAL,,2024-08-12 09:09:33,False,32584.12
TXN_00005301,CUST_0114,5596.98,EUR,PURCHASE,ELECTRONICS,2024-08-12 09:13:34,False,69319.03
TXN_00005378,CUST_0106,1298.66,EUR,PURCHASE,GROCERY,2024-08-12 09:29:30,False,84117.66
TXN_00002783,CUST_0142,2078.63,USD,PURCHASE,DINING,2024-08-12 10:45:13,False,21910.28
TXN_00008385,CUST_0017,96.81,EUR,PURCHASE,TRAVEL,2024-08-12 11:57:56,False,33239.03
TXN_00005379,CUST_0077,145.41,EUR,TRANSFER,UTILITIES,2024-08-12 12:10:52,False,71518.57
TXN_00002134,CUST_0111,4856.64,EUR,PURCHASE,ELECTRONICS,2024-08-12 13:03:35,False,36815.06
TXN_00009481,CUST_0020,404.22,EUR,TRANSFER,HEALTHCARE,2024-08-12 13:57:52,False,30464.24
TXN_00007672,CUST_0062,431.57,EUR,PURCHASE,HEALTHCARE,2024-08-12 14:04:54,False,32447.64
TXN_00002084,CUST_0053,-990.67,EUR,REFUND,TRAVEL,2024-08-12 14:47:25,False,89415.93
TXN_00000438,CUST_0124,-566.34,EUR,REFUND,ELECTRONICS,2024-08-12 14:47:29,False,46395.51
TXN_00009972,CUST_0000,58.0,EUR,PURCHASE,ELECTRONICS,2024-08-12 15:36:56,False,62003.57
TXN_00009280,CUST_0191,133.33,EUR,PURCHASE,UTILITIES,2024-08-12 16:57:09,False,95067.02
TXN_00007111,CUST_0093,579.93,EUR,TRANSFER,HEALTHCARE,2024-08-12 17:32:35,False,27482.53
TXN_00006756,CUST_0104,194.93,USD,PURCHASE,TRAVEL,2024-08-12 19:06:33,False,92122.77
TXN_00007228,CUST_0031,71.48,USD,PURCHASE,ELECTRONICS,2024-08-12 19:48:29,False,79619.75
TXN_00008403,CUST_0117,39.85,EUR,WITHDRAWAL,TRAVEL,2024-08-12 19:52:00,False,14061.56
TXN_00009123,CUST_0100,17.43,EUR,WITHDRAWAL,HEALTHCARE,2024-08-12 19:57:46,False,65260.32
TXN_00007245,CUST_0136,322.54,EUR,PURCHASE,,2024-08-12 21:20:15,False,59478.94
TXN_00006593,CUST_0145,159.55,EUR,WITHDRAWAL,ELECTRONICS,2024-08-13 05:03:19,False,15611.62
TXN_00002039,CUST_0057,470.34,USD,PURCHASE,GROCERY,2024-08-13 07:06:39,False,73104.56
TXN_00007596,CUST_0108,686.15,EUR,PURCHASE,HEALTHCARE,2024-08-13 07:28:36,False,78614.08
TXN_00001823,CUST_0058,152.68,EUR,PURCHASE,DINING,2024-08-13 07:52:14,False,77897.41
TXN_00000390,CUST_0138,119.16,EUR,PURCHASE,TRAVEL,2024-08-13 08:54:28,False,23673.0
TXN_00004976,CUST_0186,101.65,EUR,PURCHASE,DINING,2024-08-13 09:10:01,False,11408.27
TXN_00009164,CUST_0182,93.67,USD,PURCHASE,TRAVEL,2024-08-13 09:28:47,False,14999.11
TXN_00008793,CUST_0055,58.6,EUR,TRANSFER,TRAVEL,2024-08-13 09:29:03,False,96163.62
TXN_00008401,CUST_0102,36.24,USD,TRANSFER,ELECTRONICS,2024-08-13 10:21:45,False,34985.67
TXN_00008366,CUST_0087,1571.54,EUR,PURCHASE,HEALTHCARE,2024-08-13 10:47:19,False,62102.35
TXN_00000361,CUST_0182,5.39,EUR,WITHDRAWAL,UTILITIES,2024-08-13 11:11:41,False,82627.28
TXN_00009518,CUST_0135,-200.64,EUR,REFUND,ELECTRONICS,2024-08-13 11:14:17,False,91776.48
TXN_00002107,CUST_0169,325.26,EUR,PURCHASE,ELECTRONICS,2024-08-13 11:37:55,False,14972.02
TXN_00007968,CUST_0013,4400.66,EUR,PURCHASE,HEALTHCARE,2024-08-13 12:12:44,False,49302.61
TXN_00000073,CUST_0134,229.77,EUR,PURCHASE,TRAVEL,2024-08-13 12:20:29,False,93188.93
TXN_00000363,CUST_0075,23.64,EUR,TRANSFER,HEALTHCARE,2024-08-13 12:23:59,False,46130.08
TXN_00002950,CUST_0121,4234.1,GBP,PURCHASE,DINING,2024-08-13 12:49:51,False,98729.15
TXN_00009004,CUST_0109,326.03,EUR,PURCHASE,UTILITIES,2024-08-13 13:03:16,False,87067.43
TXN_00002577,CUST_0130,52.97,USD,TRANSFER,TRAVEL,2024-08-13 13:38:06,False,94940.84
TXN_00006451,CUST_0120,267.32,EUR,PURCHASE,HEALTHCARE,2024-08-13 13:48:10,False,70031.34
TXN_00005233,CUST_0156,17.81,EUR,TRANSFER,GROCERY,2024-08-13 14:50:27,False,18585.11
TXN_00000891,CUST_0095,67.07,EUR,PURCHASE,DINING,2024-08-13 15:27:12,False,58057.2
TXN_00004067,CUST_0136,227.37,EUR,WITHDRAWAL,DINING,2024-08-13 15:38:18,False,37374.33
TXN_00001713,CUST_0083,67.96,EUR,PURCHASE,UTILITIES,2024-08-13 15:40:13,False,44388.63
TXN_00005449,CUST_0135,4368.06,EUR,TRANSFER,TRAVEL,2024-08-13 15:58:13,False,79425.67
TXN_00001594,CUST_0087,174.8,EUR,WITHDRAWAL,ELECTRONICS,2024-08-13 15:59:16,False,1531.21
TXN_00005597,CUST_0015,34.92,EUR,PURCHASE,GROCERY,2024-08-13 16:31:51,False,64560.97
TXN_00005446,CUST_0130,129.46,EUR,PURCHASE,TRAVEL,2024-08-13 17:06:56,False,72581.48
TXN_00000531,CUST_0081,-2829.61,USD,REFUND,GROCERY,2024-08-13 17:13:35,False,24537.75
TXN_00003439,CUST_0154,142.64,USD,PURCHASE,GROCERY,2024-08-13 18:09:50,False,60948.14
TXN_00004788,CUST_0053,366.58,EUR,WITHDRAWAL,TRAVEL,2024-08-13 18:40:39,False,29743.83
TXN_00008570,CUST_0085,51.71,EUR,PURCHASE,HEALTHCARE,2024-08-13 23:49:03,False,10461.37
TXN_00002569,CUST_0103,1011.77,EUR,WITHDRAWAL,TRAVEL,2024-08-14 09:27:05,False,97891.11
TXN_00002709,CUST_0036,54.95,EUR,PURCHASE,GROCERY,2024-08-14 10:24:41,False,87597.27
TXN_00007899,CUST_0180,259.78,USD,PURCHASE,ELECTRONICS,2024-08-14 10:52:19,False,88192.71
TXN_00000152,CUST_0101,601.12,GBP,PURCHASE,HEALTHCARE,2024-08-14 11:46:40,False,99145.79
TXN_00002008,CUST_0036,60.4,EUR,PURCHASE,HEALTHCARE,2024-08-14 11:52:27,False,17741.69
TXN_00000871,CUST_0145,26.89,EUR,PURCHASE,DINING,2024-08-14 12:12:56,False,96168.11
TXN_00005131,CUST_0195,20.26,EUR,TRANSFER,HEALTHCARE,2024-08-14 12:36:47,True,4372.14
TXN_00007080,CUST_0028,194.34,GBP,TRANSFER,DINING,2024-08-14 12:52:35,False,93863.79
TXN_00009590,CUST_0022,65.15,EUR,TRANSFER,ELECTRONICS,2024-08-14 13:07:57,True,74298.81
TXN_00009336,CUST_0083,928.9,EUR,PURCHASE,ELECTRONICS,2024-08-14 13:35:01,False,39718.85
TXN_00002871,CUST_0105,179.76,GBP,TRANSFER,HEALTHCARE,2024-08-14 14:16:27,False,1611.05
TXN_00006897,CUST_0108,132.82,EUR,WITHDRAWAL,DINING,2024-08-14 14:16:44,False,87443.46
TXN_00000674,CUST_0081,1082.83,EUR,PURCHASE,TRAVEL,2024-08-14 14:24:58,False,82734.97
TXN_00005474,CUST_0116,444.31,GBP,TRANSFER,TRAVEL,2024-08-14 14:55:42,False,91842.68
TXN_00004559,CUST_0059,200.94,USD,PURCHASE,TRAVEL,2024-08-14 15:14:16,False,29584.85
TXN_00000027,CUST_0005,344.94,EUR,PURCHASE,GROCERY,2024-08-14 15:36:46,False,60603.34
TXN_00003001,CUST_0193,41.39,EUR,PURCHASE,ELECTRONICS,2024-08-14 16:00:46,False,30112.57
TXN_00007678,CUST_0197,264.33,EUR,TRANSFER,UTILITIES,2024-08-14 16:25:19,False,66152.21
TXN_00007738,CUST_0197,183.84,GBP,WITHDRAWAL,UTILITIES,2024-08-14 16:31:55,False,24535.64
TXN_00003044,CUST_0130,235.83,EUR,PURCHASE,UTILITIES,2024-08-14 16:40:32,False,92430.99
TXN_00008342,CUST_0177,148.84,EUR,WITHDRAWAL,TRAVEL,2024-08-14 17:55:57,False,99871.42
TXN_00000339,CUST_0101,899.45,GBP,PURCHASE,ELECTRONICS,2024-08-14 17:58:38,False,17066.56
TXN_00007149,CUST_0128,449.35,GBP,TRANSFER,UTILITIES,2024-08-14 18:41:21,False,97426.7
TXN_00001749,CUST_0180,197.88,USD,PURCHASE,GROCERY,2024-08-14 19:40:39,False,58969.9
TXN_00001994,CUST_0135,183.53,EUR,PURCHASE,GROCERY,2024-08-14 21:11:34,False,3723.21
TXN_00005021,CUST_0186,1080.0,EUR,PURCHASE,HEALTHCARE,2024-08-15 03:54:08,False,39754.22
TXN_00000160,CUST_0119,3646.65,GBP,WITHDRAWAL,DINING,2024-08-15 05:19:12,False,73092.91
TXN_00002766,CUST_0176,921.25,EUR,WITHDRAWAL,ELECTRONICS,2024-08-15 05:28:23,False,55511.92
TXN_00004718,CUST_0186,46.88,EUR,PURCHASE,UTILITIES,2024-08-15 07:35:15,False,24922.83
TXN_00003621,CUST_0024,194.01,EUR,PURCHASE,HEALTHCARE,2024-08-15 09:01:17,False,24443.29
TXN_00001996,CUST_0021,864.55,USD,PURCHASE,TRAVEL,2024-08-15 09:05:23,False,84021.32
TXN_00002426,CUST_0042,1064.99,EUR,TRANSFER,GROCERY,2024-08-15 09:25:21,False,59175.98
TXN_00003450,CUST_0139,643.14,USD,PURCHASE,GROCERY,2024-08-15 09:37:28,False,52307.19
TXN_00004361,CUST_0180,89.45,GBP,PURCHASE,TRAVEL,2024-08-15 09:49:11,False,81178.11
TXN_00009012,CUST_0118,308.27,EUR,PURCHASE,DINING,2024-08-15 10:07:31,False,3169.05
TXN_00006192,CUST_0114,41.67,USD,PURCHASE,HEALTHCARE,2024-08-15 10:19:52,False,74537.61
TXN_00003811,CUST_0033,156.75,USD,TRANSFER,UTILITIES,2024-08-15 10:22:44,False,97447.09
TXN_00008741,CUST_0014,348.23,EUR,PURCHASE,HEALTHCARE,2024-08-15 11:32:21,False,3073.54
TXN_00008129,CUST_0081,1002.26,EUR,PURCHASE,UTILITIES,2024-08-15 11:40:27,False,37632.3
TXN_00001305,CUST_0179,-182.16,EUR,REFUND,GROCERY,2024-08-15 11:46:45,False,68611.71
TXN_00000809,CUST_0076,178.92,USD,PURCHASE,TRAVEL,2024-08-15 12:37:10,False,62019.62
TXN_00005135,CUST_0013,107.2,USD,WITHDRAWAL,ELECTRONICS,2024-08-15 12:43:37,False,98027.04
TXN_00002123,CUST_0064,113.86,EUR,PURCHASE,TRAVEL,2024-08-15 13:22:31,False,99666.23
TXN_00006276,CUST_0069,2555.39,EUR,WITHDRAWAL,ELECTRONICS,2024-08-15 14:00:03,False,77045.11
TXN_00004654,CUST_0005,11.26,EUR,WITHDRAWAL,HEALTHCARE,2024-08-15 14:05:25,False,18762.84
TXN_00004203,CUST_0076,114.79,EUR,TRANSFER,ELECTRONICS,2024-08-15 14:16:52,False,19823.97
TXN_00006944,CUST_0056,77.82,EUR,TRANSFER,UTILITIES,2024-08-15 14:17:16,False,33735.19
TXN_00004457,CUST_0196,1032.19,EUR,PURCHASE,TRAVEL,2024-08-15 14:18:59,False,3815.72
TXN_00006841,CUST_0155,238.8,EUR,PURCHASE,UTILITIES,2024-08-15 15:11:40,False,82761.41
TXN_00006647,CUST_0022,263.04,EUR,PURCHASE,DINING,2024-08-15 15:24:51,False,71117.36
TXN_00000649,CUST_0044,197.79,EUR,PURCHASE,ELECTRONICS,2024-08-15 15:55:42,False,94413.22
TXN_00004308,CUST_0031,52.58,USD,WITHDRAWAL,GROCERY,2024-08-15 16:07:51,False,49816.41
TXN_00000887,CUST_0127,74.83,EUR,TRANSFER,UTILITIES,2024-08-15 16:46:50,False,2612.75
TXN_00002582,CUST_0101,12.19,EUR,PURCHASE,HEALTHCARE,2024-08-16 03:34:57,False,88828.2
TXN_00003780,CUST_0114,1343.23,EUR,WITHDRAWAL,TRAVEL,2024-08-16 05:40:22,False,88485.8
TXN_00009131,CUST_0192,2143.0,EUR,WITHDRAWAL,TRAVEL,2024-08-16 08:01:16,False,90315.12
TXN_00008324,CUST_0156,239.39,EUR,PURCHASE,DINING,2024-08-16 08:34:10,False,98878.46
TXN_00004103,CUST_0162,131.32,EUR,PURCHASE,DINING,2024-08-16 08:54:55,False,42841.24
TXN_00006393,CUST_0123,1087.43,GBP,WITHDRAWAL,HEALTHCARE,2024-08-16 09:24:07,False,9446.29
TXN_00006254,CUST_0002,297.32,EUR,WITHDRAWAL,UTILITIES,2024-08-16 09:28:58,False,49132.47
TXN_00006414,CUST_0063,57.71,EUR,PURCHASE,TRAVEL,2024-08-16 09:58:10,False,21061.74
TXN_00000214,CUST_0188,18.52,USD,TRANSFER,UTILITIES,2024-08-16 10:47:03,False,17353.66
TXN_00000234,CUST_0156,129.07,EUR,TRANSFER,UTILITIES,2024-08-16 11:20:36,False,66657.26
TXN_00005633,CUST_0171,311.84,EUR,PURCHASE,ELECTRONICS,2024-08-16 12:32:19,False,82165.87
TXN_00009845,CUST_0107,91.74,EUR,PURCHASE,DINING,2024-08-16 12:46:00,False,68062.27
TXN_00001674,CUST_0167,135.53,USD,WITHDRAWAL,ELECTRONICS,2024-08-16 12:49:53,False,56656.76
TXN_00004742,CUST_0024,219.26,EUR,PURCHASE,UTILITIES,2024-08-16 13:12:41,False,27157.57
TXN_00004928,CUST_0006,107.41,USD,PURCHASE,,2024-08-16 13:24:00,False,74691.55
TXN_00002093,CUST_0014,195.46,EUR,WITHDRAWAL,HEALTHCARE,2024-08-16 13:47:57,False,18325.51
TXN_00008828,CUST_0008,2312.88,EUR,PURCHASE,TRAVEL,2024-08-16 13:55:01,False,59923.06
TXN_00006547,CUST_0174,1774.52,EUR,TRANSFER,TRAVEL,2024-08-16 13:57:16,False,70815.62
TXN_00003936,CUST_0050,11.97,EUR,WITHDRAWAL,DINING,2024-08-16 14:22:52,False,92672.38
TXN_00000562,CUST_0036,44.05,EUR,TRANSFER,DINING,2024-08-16 14:54:01,False,24766.22
TXN_00006825,CUST_0041,58.76,EUR,TRANSFER,UTILITIES,2024-08-16 15:33:22,False,83202.02
TXN_00005118,CUST_0072,420.31,EUR,PURCHASE,TRAVEL,2024-08-16 16:22:35,False,93742.2
TXN_00009549,CUST_0084,1036.52,USD,PURCHASE,GROCERY,2024-08-16 16:27:27,False,2954.24
TXN_00008354,CUST_0138,37.63,EUR,TRANSFER,UTILITIES,2024-08-16 16:42:58,False,53810.63
TXN_00003327,CUST_0118,106.31,EUR,WITHDRAWAL,ELECTRONICS,2024-08-16 18:19:23,False,81803.31
TXN_00007716,CUST_0077,92.57,EUR,PURCHASE,HEALTHCARE,2024-08-16 18:54:35,False,87436.21
TXN_00001190,CUST_0068,2572.89,EUR,TRANSFER,GROCERY,2024-08-16 19:15:54,False,47823.71
TXN_00001174,CUST_0049,13.11,EUR,PURCHASE,UTILITIES,2024-08-16 19:59:25,False,32086.13
TXN_00005526,CUST_0030,-249.14,EUR,REFUND,ELECTRONICS,2024-08-16 21:18:16,False,26480.95
TXN_00003486,CUST_0145,112.21,EUR,PURCHASE,HEALTHCARE,2024-08-17 05:50:17,False,12978.1
TXN_00008555,CUST_0065,-434.78,EUR,REFUND,TRAVEL,2024-08-17 07:31:07,False,16085.36
TXN_00005064,CUST_0056,461.69,EUR,PURCHASE,GROCERY,2024-08-17 08:12:38,False,79109.03
TXN_00009945,CUST_0191,1334.5,EUR,PURCHASE,DINING,2024-08-17 08:40:24,False,99637.11
TXN_00004531,CUST_0068,1554.84,EUR,PURCHASE,TRAVEL,2024-08-17 09:00:42,False,33773.31
TXN_00006849,CUST_0124,2266.69,USD,PURCHASE,ELECTRONICS,2024-08-17 09:08:26,False,81141.74
TXN_00003612,CUST_0192,949.84,EUR,PURCHASE,ELECTRONICS,2024-08-17 09:19:54,False,66395.56
TXN_00002412,CUST_0167,373.39,USD,PURCHASE,ELECTRONICS,2024-08-17 09:23:23,False,22802.41
TXN_00007773,CUST_0092,2582.25,EUR,PURCHASE,ELECTRONICS,2024-08-17 09:26:25,False,83546.12
TXN_00002265,CUST_0031,82.51,EUR,PURCHASE,HEALTHCARE,2024-08-17 09:31:53,False,53375.22
TXN_00005739,CUST_0071,2840.42,EUR,PURCHASE,TRAVEL,2024-08-17 10:46:18,False,12106.64
TXN_00001109,CUST_0085,17.7,USD,TRANSFER,UTILITIES,2024-08-17 11:17:01,False,84661.16
TXN_00009860,CUST_0022,299.31,EUR,PURCHASE,GROCERY,2024-08-17 11:21:29,False,52508.96
TXN_00003139,CUST_0133,508.4,EUR,PURCHASE,HEALTHCARE,2024-08-17 11:42:15,False,99632.64
TXN_00001942,CUST_0023,198.5,GBP,PURCHASE,HEALTHCARE,2024-08-17 11:58:05,False,20088.85
TXN_00000879,CUST_0157,166.15,EUR,WITHDRAWAL,TRAVEL,2024-08-17 12:00:19,False,76974.66
TXN_00008948,CUST_0075,82.77,GBP,PURCHASE,ELECTRONICS,2024-08-17 12:11:17,False,37726.23
TXN_00000998,CUST_0117,165.87,USD,PURCHASE,UTILITIES,2024-08-17 12:19:43,False,15362.53
TXN_00006210,CUST_0034,68.42,EUR,PURCHASE,UTILITIES,2024-08-17 12:26:57,False,10217.49
TXN_00005236,CUST_0102,2101.37,EUR,PURCHASE,ELECTRONICS,2024-08-17 12:45:52,False,48122.11
TXN_00009938,CUST_0188,-299.36,EUR,REFUND,DINING,2024-08-17 12:57:12,False,76549.29
TXN_00001379,CUST_0060,-773.5,EUR,REFUND,HEALTHCARE,2024-08-17 13:48:41,False,23971.62
TXN_00003523,CUST_0073,266.96,EUR,PURCHASE,ELECTRONICS,2024-08-17 13:52:52,False,51116.77
TXN_00004683,CUST_0027,377.67,EUR,PURCHASE,GROCERY,2024-08-17 13:55:26,False,44959.67
TXN_00009565,CUST_0117,368.79,EUR,PURCHASE,DINING,2024-08-17 15:02:29,False,27633.78
TXN_00000072,CUST_0005,539.5,EUR,PURCHASE,GROCERY,2024-08-17 16:26:26,False,9695.88
TXN_00006559,CUST_0082,681.9,USD,TRANSFER,ELECTRONICS,2024-08-17 16:55:36,False,93731.34
TXN_00009058,CUST_0148,1053.04,EUR,PURCHASE,HEALTHCARE,2024-08-17 17:32:32,False,66512.61
TXN_00001269,CUST_0166,-469.0,EUR,REFUND,DINING,2024-08-17 18:17:49,False,77373.25
TXN_00008765,CUST_0198,500.65,EUR,PURCHASE,UTILITIES,2024-08-17 21:28:37,False,58816.07
TXN_00009467,CUST_0062,27.87,GBP,TRANSFER,DINING,2024-08-18 05:27:30,False,13106.67
TXN_00005901,CUST_0140,384.48,GBP,PURCHASE,DINING,2024-08-18 06:18:38,False,20808.61
TXN_00002573,CUST_0152,536.56,EUR,TRANSFER,DINING,2024-08-18 06:48:50,False,69047.49
TXN_00004922,CUST_0069,459.07,EUR,TRANSFER,ELECTRONICS,2024-08-18 07:25:27,False,13973.81
TXN_00002340,CUST_0076,59.33,USD,TRANSFER,,2024-08-18 07:30:06,False,48959.16
TXN_00002378,CUST_0020,113.54,GBP,PURCHASE,DINING,2024-08-18 07:47:44,False,60028.48
TXN_00001788,CUST_0115,659.63,USD,PURCHASE,ELECTRONICS,2024-08-18 09:18:04,False,61390.86
TXN_00009819,CUST_0165,134.87,EUR,PURCHASE,TRAVEL,2024-08-18 09:37:59,False,87150.91
TXN_00005549,CUST_0080,775.36,USD,PURCHASE,HEALTHCARE,2024-08-18 09:42:19,False,62161.97
TXN_00000031,CUST_0017,-41.44,EUR,REFUND,GROCERY,2024-08-18 09:48:51,False,53655.77
TXN_00007034,CUST_0042,1422.64,USD,PURCHASE,HEALTHCARE,2024-08-18 10:47:27,False,49627.63
TXN_00007834,CUST_0067,347.58,EUR,TRANSFER,HEALTHCARE,2024-08-18 11:14:46,False,23519.77
TXN_00009592,CUST_0088,312.78,EUR,PURCHASE,UTILITIES,2024-08-18 11:19:16,False,58525.46
TXN_00003960,CUST_0077,576.93,USD,TRANSFER,HEALTHCARE,2024-08-18 11:29:21,False,8996.11
TXN_00008435,CUST_0155,16.74,EUR,TRANSFER,ELECTRONICS,2024-08-18 11:30:46,False,65022.33
TXN_00003900,CUST_0121,737.07,EUR,WITHDRAWAL,HEALTHCARE,2024-08-18 11:51:07,False,92614.94
TXN_00009319,CUST_0109,-208.24,EUR,REFUND,HEALTHCARE,2024-08-18 12:15:32,False,7739.77
TXN_00001736,CUST_0085,216.37,USD,PURCHASE,DINING,2024-08-18 12:37:26,False,56743.69
TXN_00002936,CUST_0090,52.33,EUR,PURCHASE,ELECTRONICS,2024-08-18 13:07:13,False,42321.39
TXN_00006272,CUST_0143,315.8,EUR,PURCHASE,ELECTRONICS,2024-08-18 13:12:42,False,849.76
TXN_00008190,CUST_0093,126.04,EUR,WITHDRAWAL,TRAVEL,2024-08-18 13:14:30,False,71491.41
TXN_00003266,CUST_0106,278.83,EUR,PURCHASE,DINING,2024-08-18 13:18:37,False,65526.99
TXN_00005819,CUST_0119,1151.06,GBP,PURCHASE,TRAVEL,2024-08-18 13:37:58,False,25517.89
TXN_00004965,CUST_0108,441.37,USD,WITHDRAWAL,DINING,2024-08-18 13:44:56,False,64205.64
TXN_00007839,CUST_0042,184.63,EUR,PURCHASE,DINING,2024-08-18 14:00:11,False,37714.36
TXN_00000530,CUST_0041,42.63,EUR,PURCHASE,GROCERY,2024-08-18 14:11:37,False,35816.78
TXN_00004323,CUST_0167,13.38,EUR,PURCHASE,TRAVEL,2024-08-18 14:51:17,False,88285.3
TXN_00009744,CUST_0152,549.44,EUR,PURCHASE,HEALTHCARE,2024-08-18 15:04:58,False,29476.93
TXN_00002728,CUST_0175,2663.8,EUR,WITHDRAWAL,UTILITIES,2024-08-18 15:11:57,False,28780.47
TXN_00003302,CUST_0167,98.83,EUR,PURCHASE,ELECTRONICS,2024-08-18 15:33:34,False,82816.04
TXN_00002346,CUST_0082,6216.3,EUR,PURCHASE,GROCERY,2024-08-18 15:44:39,False,26518.97
TXN_00005610,CUST_0040,-1593.56,EUR,REFUND,GROCERY,2024-08-18 15:47:09,False,6872.19
TXN_00000244,CUST_0092,160.25,GBP,WITHDRAWAL,ELECTRONICS,2024-08-18 16:26:54,False,77881.75
TXN_00000039,CUST_0093,215.03,GBP,PURCHASE,UTILITIES,2024-08-18 16:32:00,False,25520.52
TXN_00000442,CUST_0104,1392.83,EUR,TRANSFER,TRAVEL,2024-08-18 17:05:16,False,6787.79
TXN_00001350,CUST_0023,179.11,EUR,PURCHASE,GROCERY,2024-08-18 17:13:06,False,94652.88
TXN_00002505,CUST_0045,57.35,EUR,PURCHASE,DINING,2024-08-18 17:15:15,False,34206.37
TXN_00002203,CUST_0179,409.27,EUR,PURCHASE,UTILITIES,2024-08-18 18:06:51,False,30548.5
TXN_00005409,CUST_0118,123.7,GBP,PURCHASE,DINING,2024-08-18 18:10:07,True,23040.62
TXN_00001961,CUST_0067,814.97,EUR,PURCHASE,GROCERY,2024-08-18 18:11:01,False,76741.04
TXN_00002589,CUST_0163,435.61,EUR,TRANSFER,GROCERY,2024-08-19 08:40:42,False,22294.08
TXN_00007867,CUST_0137,3528.77,EUR,PURCHASE,UTILITIES,2024-08-19 09:17:37,False,61661.73
TXN_00004535,CUST_0175,423.33,EUR,PURCHASE,HEALTHCARE,2024-08-19 09:39:29,False,81777.21
TXN_00002085,CUST_0003,176.28,USD,WITHDRAWAL,DINING,2024-08-19 10:08:40,False,56145.15
TXN_00004850,CUST_0062,1357.93,GBP,PURCHASE,TRAVEL,2024-08-19 10:16:39,True,41182.28
TXN_00002898,CUST_0150,159.3,USD,TRANSFER,DINING,2024-08-19 10:29:51,False,51458.96
TXN_00001510,CUST_0003,533.73,EUR,TRANSFER,GROCERY,2024-08-19 11:16:44,False,84050.0
TXN_00002004,CUST_0129,327.72,USD,PURCHASE,DINING,2024-08-19 11:23:44,False,48329.7
TXN_00001722,CUST_0154,32.92,GBP,WITHDRAWAL,TRAVEL,2024-08-19 11:30:46,False,52147.76
TXN_00005108,CUST_0039,4420.31,USD,WITHDRAWAL,UTILITIES,2024-08-19 11:32:18,False,67329.3
TXN_00005881,CUST_0150,18.68,EUR,PURCHASE,ELECTRONICS,2024-08-19 12:07:45,False,89504.2
TXN_00005048,CUST_0144,61.25,USD,PURCHASE,ELECTRONICS,2024-08-19 12:14:15,False,36284.14
TXN_00001075,CUST_0106,1426.15,USD,PURCHASE,HEALTHCARE,2024-08-19 12:17:50,False,17802.47
TXN_00004746,CUST_0129,20.64,EUR,PURCHASE,ELECTRONICS,2024-08-19 12:47:18,False,98654.44
TXN_00008656,CUST_0029,439.13,EUR,PURCHASE,DINING,2024-08-19 12:52:16,False,46428.43
TXN_00003059,CUST_0122,134.19,EUR,PURCHASE,ELECTRONICS,2024-08-19 12:59:59,False,7723.84
TXN_00004750,CUST_0065,484.91,EUR,PURCHASE,UTILITIES,2024-08-19 13:00:05,False,44875.03
TXN_00003463,CUST_0136,1183.96,EUR,TRANSFER,UTILITIES,2024-08-19 13:32:31,False,66599.82
TXN_00004796,CUST_0186,385.19,EUR,PURCHASE,ELECTRONICS,2024-08-19 13:34:14,False,16630.16
TXN_00009215,CUST_0074,981.53,EUR,PURCHASE,HEALTHCARE,2024-08-19 13:44:44,False,60051.31
TXN_00004099,CUST_0050,2652.22,EUR,PURCHASE,TRAVEL,2024-08-19 14:39:49,False,5252.98
TXN_00008098,CUST_0158,207.69,GBP,PURCHASE,UTILITIES,2024-08-19 14:41:52,False,62821.93
TXN_00002926,CUST_0033,9.48,EUR,PURCHASE,GROCERY,2024-08-19 15:10:13,False,13886.72
TXN_00003734,CUST_0185,662.49,EUR,PURCHASE,GROCERY,2024-08-19 15:12:40,True,88947.34
TXN_00007566,CUST_0173,58.66,GBP,PURCHASE,GROCERY,2024-08-19 16:54:43,False,5685.83
TXN_00009353,CUST_0006,98.49,EUR,PURCHASE,UTILITIES,2024-08-19 17:21:06,False,37749.04
TXN_00009904,CUST_0071,2079.85,EUR,WITHDRAWAL,GROCERY,2024-08-19 17:23:55,False,73357.49
TXN_00009180,CUST_0062,45.97,USD,TRANSFER,TRAVEL,2024-08-19 17:47:20,True,46236.7
TXN_00007415,CUST_0168,136.55,USD,PURCHASE,UTILITIES,2024-08-19 20:59:04,False,17176.44
TXN_00004801,CUST_0186,25.69,USD,TRANSFER,ELECTRONICS,2024-08-19 22:41:45,False,26803.84
TXN_00000209,CUST_0196,84.59,EUR,PURCHASE,TRAVEL,2024-08-20 04:44:17,False,6115.9
TXN_00008367,CUST_0072,53.39,EUR,PURCHASE,HEALTHCARE,2024-08-20 05:51:30,False,29458.08
TXN_00003199,CUST_0191,242.71,USD,PURCHASE,UTILITIES,2024-08-20 06:23:21,False,55930.76
TXN_00007564,CUST_0147,55.11,USD,TRANSFER,HEALTHCARE,2024-08-20 08:03:20,False,40754.73
TXN_00009249,CUST_0105,937.29,EUR,PURCHASE,TRAVEL,2024-08-20 08:22:41,False,41576.98
TXN_00005909,CUST_0012,85.98,EUR,TRANSFER,HEALTHCARE,2024-08-20 09:25:27,False,55580.66
TXN_00005297,CUST_0093,272.23,GBP,PURCHASE,GROCERY,2024-08-20 09:53:00,True,51002.86
TXN_00006378,CUST_0047,324.3,EUR,TRANSFER,GROCERY,2024-08-20 10:03:41,False,61340.59
TXN_00002486,CUST_0114,461.31,EUR,PURCHASE,ELECTRONICS,2024-08-20 10:29:19,False,80571.41
TXN_00000381,CUST_0014,535.49,EUR,TRANSFER,ELECTRONICS,2024-08-20 10:31:33,False,32447.28
TXN_00009815,CUST_0001,350.91,GBP,PURCHASE,GROCERY,2024-08-20 10:52:40,False,60252.4
TXN_00002872,CUST_0076,3589.05,EUR,TRANSFER,HEALTHCARE,2024-08-20 10:56:32,False,22554.72
TXN_00007448,CUST_0074,958.77,USD,PURCHASE,UTILITIES,2024-08-20 11:08:10,False,26168.56
TXN_00006972,CUST_0022,1389.66,EUR,WITHDRAWAL,HEALTHCARE,2024-08-20 11:34:56,False,3842.81
TXN_00006433,CUST_0180,592.57,EUR,PURCHASE,ELECTRONICS,2024-08-20 11:45:36,False,47259.1
TXN_00005782,CUST_0142,1084.75,EUR,PURCHASE,GROCERY,2024-08-20 12:04:38,False,84952.92
TXN_00006730,CUST_0162,73.11,EUR,PURCHASE,HEALTHCARE,2024-08-20 13:12:47,False,83722.15
TXN_00008769,CUST_0071,104.27,EUR,TRANSFER,HEALTHCARE,2024-08-20 13:39:51,False,28990.59
TXN_00003720,CUST_0145,7167.29,EUR,PURCHASE,UTILITIES,2024-08-20 14:00:24,False,89512.99
TXN_00000896,CUST_0164,86.9,USD,PURCHASE,UTILITIES,2024-08-20 15:06:41,False,57456.6
TXN_00005099,CUST_0037,1602.51,EUR,PURCHASE,DINING,2024-08-20 16:59:07,False,95031.03
TXN_00009248,CUST_0193,2152.47,GBP,PURCHASE,HEALTHCARE,2024-08-20 17:11:08,False,92570.53
TXN_00001001,CUST_0150,582.58,EUR,WITHDRAWAL,DINING,2024-08-20 17:58:35,False,31311.91
TXN_00005202,CUST_0070,369.03,EUR,PURCHASE,ELECTRONICS,2024-08-20 19:09:00,False,37470.88
TXN_00004602,CUST_0081,85.52,EUR,TRANSFER,ELECTRONICS,2024-08-21 06:42:13,False,67462.95
TXN_00006654,CUST_0101,678.22,EUR,WITHDRAWAL,HEALTHCARE,2024-08-21 08:14:52,False,1238.02
TXN_00002571,CUST_0067,460.71,EUR,PURCHASE,ELECTRONICS,2024-08-21 09:12:46,False,63302.76
TXN_00001670,CUST_0007,1914.37,EUR,TRANSFER,TRAVEL,2024-08-21 09:33:56,False,16251.09
TXN_00004333,CUST_0149,191.94,USD,TRANSFER,GROCERY,2024-08-21 10:05:55,False,32405.64
TXN_00002478,CUST_0020,81.0,USD,WITHDRAWAL,UTILITIES,2024-08-21 10:25:08,False,32032.41
TXN_00006679,CUST_0024,154.57,EUR,WITHDRAWAL,TRAVEL,2024-08-21 11:51:52,False,76677.32
TXN_00000294,CUST_0132,33.02,EUR,PURCHASE,HEALTHCARE,2024-08-21 11:54:11,False,20692.8
TXN_00009627,CUST_0182,36.46,USD,PURCHASE,TRAVEL,2024-08-21 12:01:37,False,52606.98
TXN_00003525,CUST_0119,601.3,USD,PURCHASE,,2024-08-21 12:23:25,False,8025.91
TXN_00005275,CUST_0185,204.22,EUR,PURCHASE,ELECTRONICS,2024-08-21 12:25:41,False,85107.43
TXN_00002384,CUST_0106,1123.14,EUR,PURCHASE,TRAVEL,2024-08-21 12:28:38,False,96667.18
TXN_00006161,CUST_0128,98.4,USD,TRANSFER,,2024-08-21 13:05:02,False,70325.4
TXN_00004257,CUST_0189,27.86,EUR,TRANSFER,GROCERY,2024-08-21 14:56:25,False,18534.2
TXN_00007947,CUST_0172,335.74,EUR,PURCHASE,TRAVEL,2024-08-21 15:37:58,False,19561.6
TXN_00002943,CUST_0175,72.22,EUR,TRANSFER,TRAVEL,2024-08-21 15:39:30,False,36585.2
TXN_00003693,CUST_0025,391.76,EUR,PURCHASE,UTILITIES,2024-08-21 15:41:51,False,33173.16
TXN_00004055,CUST_0061,5.32,EUR,PURCHASE,ELECTRONICS,2024-08-21 16:41:02,True,90444.12
TXN_00005291,CUST_0194,114.32,EUR,PURCHASE,TRAVEL,2024-08-21 16:54:34,False,15158.8
TXN_00001144,CUST_0030,206.31,USD,TRANSFER,GROCERY,2024-08-21 16:56:07,False,85133.15
TXN_00004821,CUST_0084,69.68,EUR,PURCHASE,DINING,2024-08-21 17:09:47,False,5758.79
TXN_00002642,CUST_0010,393.0,EUR,WITHDRAWAL,ELECTRONICS,2024-08-21 17:19:09,False,611.55
TXN_00006612,CUST_0079,654.88,EUR,PURCHASE,GROCERY,2024-08-21 17:24:15,False,11741.37
TXN_00005468,CUST_0046,414.76,EUR,PURCHASE,TRAVEL,2024-08-21 18:53:43,False,7300.97
TXN_00004595,CUST_0179,126.26,USD,PURCHASE,TRAVEL,2024-08-22 03:30:50,False,56464.8
TXN_00005695,CUST_0044,584.25,GBP,PURCHASE,TRAVEL,2024-08-22 07:04:33,False,12491.88
TXN_00009334,CUST_0086,2508.25,EUR,TRANSFER,TRAVEL,2024-08-22 07:33:08,False,75813.92
TXN_00003758,CUST_0068,362.67,USD,TRANSFER,HEALTHCARE,2024-08-22 07:46:37,False,54682.23
TXN_00008457,CUST_0099,976.05,EUR,PURCHASE,HEALTHCARE,2024-08-22 08:46:57,False,68716.83
TXN_00004571,CUST_0027,1276.66,EUR,WITHDRAWAL,TRAVEL,2024-08-22 10:39:21,False,74686.33
TXN_00008728,CUST_0076,109.87,EUR,TRANSFER,HEALTHCARE,2024-08-22 11:00:25,False,83529.33
TXN_00007487,CUST_0062,247.04,USD,TRANSFER,DINING,2024-08-22 11:55:36,False,40974.3
TXN_00000374,CUST_0170,78.12,EUR,WITHDRAWAL,TRAVEL,2024-08-22 12:30:22,False,25038.85
TXN_00002753,CUST_0112,219.49,USD,TRANSFER,UTILITIES,2024-08-22 12:40:52,False,2879.6
TXN_00008850,CUST_0099,73.87,GBP,PURCHASE,UTILITIES,2024-08-22 13:28:48,False,78327.99
TXN_00002588,CUST_0119,868.93,EUR,PURCHASE,GROCERY,2024-08-22 13:54:12,False,82724.81
TXN_00002352,CUST_0112,13.03,USD,PURCHASE,TRAVEL,2024-08-22 14:06:08,False,92823.44
TXN_00001084,CUST_0047,1241.59,EUR,TRANSFER,ELECTRONICS,2024-08-22 14:08:27,False,81833.23
TXN_00000603,CUST_0187,301.87,EUR,WITHDRAWAL,UTILITIES,2024-08-22 15:24:21,True,19054.23
TXN_00007736,CUST_0151,84.65,EUR,PURCHASE,GROCERY,2024-08-22 15:53:37,False,25090.77
TXN_00006720,CUST_0032,734.79,EUR,TRANSFER,HEALTHCARE,2024-08-22 16:33:59,False,84131.24
TXN_00002537,CUST_0173,860.33,EUR,PURCHASE,UTILITIES,2024-08-22 16:50:44,False,25916.08
TXN_00002611,CUST_0067,4524.82,EUR,PURCHASE,UTILITIES,2024-08-22 17:28:04,False,5351.54
TXN_00006566,CUST_0098,406.96,EUR,TRANSFER,DINING,2024-08-22 18:32:09,False,58139.13
TXN_00002441,CUST_0140,1046.51,EUR,WITHDRAWAL,TRAVEL,2024-08-22 20:35:58,False,29699.73
TXN_00002893,CUST_0075,38.25,EUR,PURCHASE,DINING,2024-08-22 21:21:20,False,64594.28
TXN_00003610,CUST_0151,87.43,USD,WITHDRAWAL,DINING,2024-08-23 02:49:34,False,81028.94
TXN_00000394,CUST_0112,1311.15,EUR,TRANSFER,ELECTRONICS,2024-08-23 05:57:59,False,19507.9
TXN_00000342,CUST_0055,59.04,EUR,PURCHASE,GROCERY,2024-08-23 06:04:00,False,71655.03
TXN_00008933,CUST_0095,132.96,EUR,PURCHASE,GROCERY,2024-08-23 06:33:22,False,18718.89
TXN_00003499,CUST_0091,333.02,EUR,PURCHASE,ELECTRONICS,2024-08-23 06:47:05,False,44680.0
TXN_00001902,CUST_0158,31.25,EUR,WITHDRAWAL,GROCERY,2024-08-23 10:32:02,False,91179.07
TXN_00001417,CUST_0130,178.07,USD,TRANSFER,GROCERY,2024-08-23 10:37:36,False,51978.79
TXN_00000341,CUST_0199,82.99,EUR,PURCHASE,GROCERY,2024-08-23 10:56:15,False,66038.69
TXN_00007328,CUST_0189,295.55,EUR,PURCHASE,TRAVEL,2024-08-23 11:13:36,False,30743.72
TXN_00004164,CUST_0082,118.41,EUR,WITHDRAWAL,TRAVEL,2024-08-23 11:24:28,True,64133.3
TXN_00006312,CUST_0111,352.65,EUR,WITHDRAWAL,UTILITIES,2024-08-23 11:32:03,False,3159.16
TXN_00008586,CUST_0009,607.51,GBP,PURCHASE,DINING,2024-08-23 11:42:29,False,996.44
TXN_00009189,CUST_0163,68.74,EUR,PURCHASE,TRAVEL,2024-08-23 13:01:16,False,3069.35
TXN_00001535,CUST_0089,126.1,EUR,TRANSFER,DINING,2024-08-23 13:13:56,False,39586.24
TXN_00004288,CUST_0103,927.08,EUR,PURCHASE,GROCERY,2024-08-23 13:18:38,False,9725.81
TXN_00006248,CUST_0087,172.74,EUR,PURCHASE,TRAVEL,2024-08-23 13:20:02,False,19318.24
TXN_00003025,CUST_0167,29.73,EUR,PURCHASE,DINING,2024-08-23 13:33:41,False,35027.2
TXN_00007103,CUST_0175,164.57,GBP,PURCHASE,TRAVEL,2024-08-23 13:47:16,False,37775.46
TXN_00003165,CUST_0078,-71.61,EUR,REFUND,DINING,2024-08-23 14:25:32,False,4228.47
TXN_00001483,CUST_0194,269.75,USD,PURCHASE,DINING,2024-08-23 14:39:54,False,73263.12
TXN_00000211,CUST_0010,65.79,EUR,WITHDRAWAL,ELECTRONICS,2024-08-23 15:18:41,False,54033.67
TXN_00001460,CUST_0171,284.66,GBP,PURCHASE,UTILITIES,2024-08-23 15:25:39,False,80444.89
TXN_00009807,CUST_0171,244.05,GBP,PURCHASE,GROCERY,2024-08-23 15:39:11,False,30293.82
TXN_00004924,CUST_0166,783.34,EUR,PURCHASE,GROCERY,2024-08-23 15:46:22,False,87490.73
TXN_00004495,CUST_0086,2324.52,EUR,TRANSFER,TRAVEL,2024-08-23 16:15:18,False,89314.22
TXN_00002617,CUST_0043,931.75,EUR,TRANSFER,DINING,2024-08-23 16:44:29,False,92744.37
TXN_00001154,CUST_0052,50.13,EUR,PURCHASE,UTILITIES,2024-08-23 16:45:07,False,41045.76
TXN_00005837,CUST_0182,28.05,EUR,TRANSFER,TRAVEL,2024-08-23 16:59:59,False,12089.2
TXN_00006112,CUST_0113,89.27,EUR,TRANSFER,UTILITIES,2024-08-23 17:46:02,False,92680.8
TXN_00009870,CUST_0154,1489.72,USD,TRANSFER,DINING,2024-08-23 17:52:12,False,56625.94
TXN_00002222,CUST_0125,960.15,EUR,WITHDRAWAL,TRAVEL,2024-08-23 17:54:33,False,92509.81
TXN_00006320,CUST_0076,29.52,EUR,WITHDRAWAL,GROCERY,2024-08-23 20:28:22,False,53871.64
TXN_00009390,CUST_0149,378.3,EUR,PURCHASE,ELECTRONICS,2024-08-23 23:02:36,False,83368.56
TXN_00001286,CUST_0199,2469.95,EUR,PURCHASE,HEALTHCARE,2024-08-24 06:09:13,False,96394.78
TXN_00006617,CUST_0006,46.39,EUR,PURCHASE,GROCERY,2024-08-24 06:32:20,False,15711.83
TXN_00002985,CUST_0194,256.76,EUR,PURCHASE,DINING,2024-08-24 06:49:15,False,54616.01
TXN_00002417,CUST_0188,124.73,EUR,PURCHASE,GROCERY,2024-08-24 07:34:52,False,77369.45
TXN_00009445,CUST_0072,399.72,EUR,PURCHASE,GROCERY,2024-08-24 07:45:06,False,9165.91
TXN_00003323,CUST_0044,1541.21,GBP,PURCHASE,ELECTRONICS,2024-08-24 08:07:37,False,38630.67
TXN_00002036,CUST_0102,235.47,EUR,TRANSFER,UTILITIES,2024-08-24 08:35:04,False,68335.12
TXN_00002130,CUST_0173,984.44,EUR,WITHDRAWAL,GROCERY,2024-08-24 10:00:48,False,38505.99
TXN_00006767,CUST_0097,306.25,EUR,PURCHASE,UTILITIES,2024-08-24 10:12:16,False,73986.17
TXN_00003781,CUST_0024,30.0,EUR,WITHDRAWAL,DINING,2024-08-24 10:17:48,False,47171.84
TXN_00006729,CUST_0141,583.78,EUR,PURCHASE,DINING,2024-08-24 10:53:43,False,17995.45
TXN_00000936,CUST_0001,871.46,EUR,TRANSFER,UTILITIES,2024-08-24 11:10:55,False,8426.46
TXN_00001199,CUST_0039,9639.28,GBP,WITHDRAWAL,ELECTRONICS,2024-08-24 11:13:56,False,42446.6
TXN_00008792,CUST_0095,-255.39,EUR,REFUND,DINING,2024-08-24 12:06:33,False,82382.59
TXN_00009177,CUST_0180,3930.56,EUR,WITHDRAWAL,UTILITIES,2024-08-24 12:07:03,False,59806.17
TXN_00000743,CUST_0178,536.42,EUR,WITHDRAWAL,HEALTHCARE,2024-08-24 12:19:55,False,33396.31
TXN_00009135,CUST_0046,1852.86,GBP,PURCHASE,ELECTRONICS,2024-08-24 12:28:58,False,43606.31
TXN_00009371,CUST_0022,49.52,EUR,PURCHASE,UTILITIES,2024-08-24 12:53:03,False,87351.98
TXN_00001236,CUST_0182,270.59,EUR,TRANSFER,DINING,2024-08-24 12:58:44,False,65540.2
TXN_00000017,CUST_0029,161.64,EUR,PURCHASE,UTILITIES,2024-08-24 13:17:46,False,92105.04
TXN_00006145,CUST_0123,204.82,EUR,PURCHASE,HEALTHCARE,2024-08-24 13:21:45,False,42345.76
TXN_00001697,CUST_0061,323.89,USD,PURCHASE,HEALTHCARE,2024-08-24 13:44:48,False,21852.1
TXN_00005197,CUST_0028,15.63,GBP,PURCHASE,HEALTHCARE,2024-08-24 14:03:09,False,84760.33
TXN_00005841,CUST_0185,587.32,EUR,PURCHASE,HEALTHCARE,2024-08-24 14:12:18,False,17615.59
TXN_00004885,CUST_0185,457.35,EUR,PURCHASE,DINING,2024-08-24 14:47:52,False,24133.4
TXN_00005876,CUST_0152,74.32,EUR,WITHDRAWAL,HEALTHCARE,2024-08-24 15:33:31,False,49042.37
TXN_00006479,CUST_0082,185.36,EUR,PURCHASE,ELECTRONICS,2024-08-24 15:47:34,False,61233.31
TXN_00003105,CUST_0170,226.88,GBP,PURCHASE,ELECTRONICS,2024-08-24 16:35:48,False,79081.56
TXN_00004344,CUST_0136,47.55,EUR,TRANSFER,TRAVEL,2024-08-24 17:21:48,False,3119.08
TXN_00008303,CUST_0061,34.85,USD,PURCHASE,GROCERY,2024-08-24 17:21:53,False,5251.74
TXN_00005091,CUST_0153,177.0,EUR,TRANSFER,ELECTRONICS,2024-08-24 18:30:16,False,31548.63
TXN_00004482,CUST_0119,2232.68,USD,TRANSFER,DINING,2024-08-24 19:01:34,False,88407.26
TXN_00006699,CUST_0107,165.07,EUR,WITHDRAWAL,ELECTRONICS,2024-08-24 19:15:40,False,32140.34
TXN_00001410,CUST_0192,1322.94,USD,PURCHASE,GROCERY,2024-08-24 19:23:21,False,71268.99
TXN_00003575,CUST_0145,295.24,USD,TRANSFER,GROCERY,2024-08-24 19:52:07,False,15912.05
TXN_00007707,CUST_0187,341.18,EUR,PURCHASE,DINING,2024-08-25 06:19:22,False,98720.8
TXN_00002157,CUST_0086,4873.19,EUR,PURCHASE,TRAVEL,2024-08-25 08:15:55,False,49135.21
TXN_00000071,CUST_0084,8770.46,EUR,PURCHASE,,2024-08-25 09:29:37,False,59559.3
TXN_00000203,CUST_0194,1735.08,EUR,TRANSFER,TRAVEL,2024-08-25 09:42:46,False,69628.34
TXN_00004107,CUST_0070,212.91,EUR,TRANSFER,GROCERY,2024-08-25 10:02:28,False,59992.48
TXN_00009839,CUST_0190,126.58,USD,PURCHASE,HEALTHCARE,2024-08-25 10:38:18,False,85168.17
TXN_00001214,CUST_0076,94.36,EUR,WITHDRAWAL,DINING,2024-08-25 12:00:41,False,86256.96
TXN_00008345,CUST_0158,71.94,USD,TRANSFER,GROCERY,2024-08-25 14:09:19,False,72703.91
TXN_00003905,CUST_0168,220.63,EUR,PURCHASE,ELECTRONICS,2024-08-25 14:38:21,False,20568.72
TXN_00003256,CUST_0065,297.79,GBP,PURCHASE,DINING,2024-08-25 14:40:21,False,27083.66
TXN_00007020,CUST_0078,321.26,EUR,TRANSFER,TRAVEL,2024-08-25 14:40:36,False,66158.68
TXN_00000543,CUST_0100,113.02,EUR,TRANSFER,HEALTHCARE,2024-08-25 14:51:02,False,12681.58
TXN_00007444,CUST_0032,342.67,EUR,PURCHASE,GROCERY,2024-08-25 14:57:00,False,68632.7
TXN_00003214,CUST_0111,103.1,GBP,TRANSFER,DINING,2024-08-25 15:17:21,False,47642.73
TXN_00008165,CUST_0169,52.48,EUR,PURCHASE,UTILITIES,2024-08-25 15:43:05,False,79873.08
TXN_00003394,CUST_0177,-207.87,GBP,REFUND,,2024-08-25 17:32:44,False,16153.27
TXN_00003797,CUST_0010,33.14,EUR,WITHDRAWAL,TRAVEL,2024-08-25 17:52:10,False,6654.77
TXN_00001650,CUST_0170,83.08,USD,PURCHASE,GROCERY,2024-08-25 18:16:16,False,12810.23
TXN_00005902,CUST_0186,134.61,EUR,PURCHASE,HEALTHCARE,2024-08-25 18:26:00,True,13112.74
TXN_00006672,CUST_0135,1652.88,USD,WITHDRAWAL,HEALTHCARE,2024-08-25 19:30:58,False,81109.31
TXN_00002707,CUST_0102,360.92,GBP,WITHDRAWAL,UTILITIES,2024-08-26 03:11:20,False,84918.88
TXN_00008526,CUST_0035,48.7,EUR,PURCHASE,ELECTRONICS,2024-08-26 08:03:14,False,53668.99
TXN_00000196,CUST_0094,50.13,EUR,WITHDRAWAL,ELECTRONICS,2024-08-26 08:47:16,False,45527.92
TXN_00007728,CUST_0189,222.41,EUR,PURCHASE,UTILITIES,2024-08-26 08:47:19,False,78797.51
TXN_00008102,CUST_0013,-46.98,GBP,REFUND,TRAVEL,2024-08-26 10:06:25,False,21589.27
TXN_00005701,CUST_0064,63.93,GBP,WITHDRAWAL,GROCERY,2024-08-26 10:09:45,False,25400.08
TXN_00009385,CUST_0009,9.72,EUR,PURCHASE,DINING,2024-08-26 10:13:18,False,72402.57
TXN_00005642,CUST_0023,36.24,EUR,TRANSFER,DINING,2024-08-26 10:17:29,False,3432.28
TXN_00003889,CUST_0071,32.41,EUR,PURCHASE,TRAVEL,2024-08-26 11:09:04,False,7579.51
TXN_00007303,CUST_0183,9.74,GBP,PURCHASE,ELECTRONICS,2024-08-26 11:27:05,False,10273.97
TXN_00002781,CUST_0144,777.53,EUR,TRANSFER,UTILITIES,2024-08-26 12:14:26,False,93140.92
TXN_00009571,CUST_0083,277.74,EUR,PURCHASE,DINING,2024-08-26 12:22:42,False,5950.19
TXN_00002270,CUST_0008,116.48,EUR,PURCHASE,HEALTHCARE,2024-08-26 12:30:57,False,12629.94
TXN_00003143,CUST_0039,339.23,EUR,PURCHASE,UTILITIES,2024-08-26 13:04:44,False,76432.12
TXN_00004941,CUST_0157,226.1,EUR,PURCHASE,GROCERY,2024-08-26 13:41:29,False,5963.33
TXN_00003523,CUST_0157,714.38,EUR,PURCHASE,,2024-08-26 13:56:06,False,57301.82
TXN_00008849,CUST_0194,-32.44,USD,REFUND,TRAVEL,2024-08-26 14:04:00,False,80885.63
TXN_00000166,CUST_0013,449.09,USD,WITHDRAWAL,ELECTRONICS,2024-08-26 14:24:21,False,7865.27
TXN_00006037,CUST_0172,835.54,EUR,PURCHASE,HEALTHCARE,2024-08-26 14:43:25,False,80739.43
TXN_00003544,CUST_0157,1132.65,USD,WITHDRAWAL,TRAVEL,2024-08-26 14:57:00,False,6668.19
TXN_00006409,CUST_0057,2563.08,USD,WITHDRAWAL,ELECTRONICS,2024-08-26 15:51:34,False,21736.63
TXN_00001099,CUST_0031,2080.92,EUR,PURCHASE,HEALTHCARE,2024-08-26 16:02:37,False,41855.7
TXN_00001813,CUST_0063,410.12,EUR,TRANSFER,DINING,2024-08-26 16:04:38,False,30849.24
TXN_00007928,CUST_0026,11.26,EUR,PURCHASE,DINING,2024-08-26 16:45:28,False,26947.98
TXN_00001581,CUST_0028,828.51,EUR,PURCHASE,UTILITIES,2024-08-26 16:52:57,False,37574.74
TXN_00001263,CUST_0074,1144.11,EUR,WITHDRAWAL,ELECTRONICS,2024-08-26 19:03:39,False,64747.88
TXN_00006118,CUST_0147,597.02,EUR,TRANSFER,HEALTHCARE,2024-08-26 19:10:33,False,73415.88
TXN_00006754,CUST_0188,68.24,USD,PURCHASE,UTILITIES,2024-08-26 19:26:09,False,20686.31
TXN_00003963,CUST_0076,347.55,EUR,PURCHASE,GROCERY,2024-08-26 19:41:33,False,41355.17
TXN_00000977,CUST_0194,2202.23,EUR,WITHDRAWAL,DINING,2024-08-27 05:34:18,False,94486.75
TXN_00001374,CUST_0009,57.66,EUR,WITHDRAWAL,HEALTHCARE,2024-08-27 09:12:27,False,25020.57
TXN_00005030,CUST_0142,210.67,USD,TRANSFER,DINING,2024-08-27 09:42:41,False,46355.02
TXN_00003055,CUST_0015,-5018.62,GBP,REFUND,TRAVEL,2024-08-27 09:49:12,False,51020.36
TXN_00006918,CUST_0031,227.72,EUR,PURCHASE,UTILITIES,2024-08-27 10:49:49,False,36536.97
TXN_00009918,CUST_0017,35.39,EUR,TRANSFER,HEALTHCARE,2024-08-27 10:52:53,True,72507.94
TXN_00005266,CUST_0122,339.47,EUR,PURCHASE,HEALTHCARE,2024-08-27 12:27:47,False,7108.3
TXN_00005624,CUST_0059,846.92,EUR,TRANSFER,GROCERY,2024-08-27 13:13:25,False,94557.77
TXN_00006182,CUST_0063,59.82,EUR,WITHDRAWAL,HEALTHCARE,2024-08-27 13:51:50,False,20296.46
TXN_00005194,CUST_0181,158.18,USD,PURCHASE,TRAVEL,2024-08-27 14:04:43,False,15750.8
TXN_00000186,CUST_0063,270.98,EUR,PURCHASE,DINING,2024-08-27 14:22:54,False,60056.44
TXN_00007939,CUST_0066,126.85,EUR,PURCHASE,TRAVEL,2024-08-27 14:31:26,False,61058.21
TXN_00006827,CUST_0020,605.99,USD,WITHDRAWAL,TRAVEL,2024-08-27 15:35:48,False,47500.04
TXN_00005827,CUST_0072,85.16,EUR,PURCHASE,DINING,2024-08-27 15:56:59,False,22857.15
TXN_00009440,CUST_0189,123.75,EUR,TRANSFER,ELECTRONICS,2024-08-27 16:08:03,False,66011.74
TXN_00002053,CUST_0145,3391.88,USD,PURCHASE,DINING,2024-08-27 17:09:18,False,93561.53
TXN_00009202,CUST_0146,78.01,USD,PURCHASE,UTILITIES,2024-08-27 17:15:13,False,58977.47
TXN_00000051,CUST_0007,101.99,EUR,TRANSFER,UTILITIES,2024-08-27 18:15:32,False,23511.73
TXN_00008473,CUST_0056,727.21,GBP,PURCHASE,ELECTRONICS,2024-08-27 18:21:39,False,23233.32
TXN_00004692,CUST_0011,3171.04,USD,PURCHASE,ELECTRONICS,2024-08-27 18:47:50,False,35335.93
TXN_00008714,CUST_0186,172.5,EUR,PURCHASE,UTILITIES,2024-08-27 19:45:01,False,92644.56
TXN_00007073,CUST_0112,13.04,EUR,PURCHASE,UTILITIES,2024-08-28 04:24:59,False,9821.39
TXN_00008124,CUST_0060,158.84,EUR,PURCHASE,GROCERY,2024-08-28 05:25:43,False,37940.54
TXN_00008131,CUST_0058,-354.4,EUR,REFUND,GROCERY,2024-08-28 06:22:11,False,34373.61
TXN_00003891,CUST_0119,701.3,EUR,PURCHASE,GROCERY,2024-08-28 08:19:27,False,26497.64
TXN_00009558,CUST_0187,1095.59,EUR,PURCHASE,TRAVEL,2024-08-28 09:18:44,False,59116.17
TXN_00002599,CUST_0067,21.42,EUR,PURCHASE,TRAVEL,2024-08-28 09:40:26,False,98345.44
TXN_00007695,CUST_0008,44.4,EUR,PURCHASE,ELECTRONICS,2024-08-28 09:55:45,False,15910.52
TXN_00004343,CUST_0086,201.59,EUR,PURCHASE,TRAVEL,2024-08-28 12:39:25,False,9800.08
TXN_00001564,CUST_0191,1115.65,EUR,WITHDRAWAL,ELECTRONICS,2024-08-28 13:06:18,False,65332.49
TXN_00004307,CUST_0010,1380.2,EUR,TRANSFER,GROCERY,2024-08-28 13:23:57,False,76290.98
TXN_00009804,CUST_0098,422.71,EUR,WITHDRAWAL,GROCERY,2024-08-28 14:21:18,False,12553.84
TXN_00009089,CUST_0127,44.62,EUR,PURCHASE,DINING,2024-08-28 15:03:52,False,7675.57
TXN_00007964,CUST_0017,83.88,USD,PURCHASE,GROCERY,2024-08-28 15:25:03,False,31674.77
TXN_00005811,CUST_0056,2278.2,EUR,PURCHASE,UTILITIES,2024-08-28 15:30:52,False,7923.22
TXN_00006218,CUST_0149,156.83,EUR,PURCHASE,ELECTRONICS,2024-08-28 16:17:18,False,94261.92
TXN_00003321,CUST_0173,3154.54,EUR,PURCHASE,HEALTHCARE,2024-08-28 16:26:01,False,97931.68
TXN_00002025,CUST_0040,724.58,USD,PURCHASE,TRAVEL,2024-08-28 17:16:42,False,22449.55
TXN_00000959,CUST_0055,102.91,EUR,PURCHASE,UTILITIES,2024-08-28 18:15:58,False,20045.29
TXN_00004274,CUST_0175,-3126.12,EUR,REFUND,UTILITIES,2024-08-28 19:55:48,False,53553.7
TXN_00001995,CUST_0083,85.79,EUR,TRANSFER,DINING,2024-08-28 20:20:49,False,92758.5
TXN_00001931,CUST_0120,95.97,EUR,PURCHASE,ELECTRONICS,2024-08-28 20:37:01,False,35862.03
TXN_00004012,CUST_0157,451.1,EUR,TRANSFER,DINING,2024-08-29 05:06:02,False,60511.46
TXN_00003729,CUST_0022,995.92,EUR,TRANSFER,ELECTRONICS,2024-08-29 06:45:49,False,86031.52
TXN_00000811,CUST_0180,1961.57,GBP,PURCHASE,HEALTHCARE,2024-08-29 08:16:50,False,48522.33
TXN_00000566,CUST_0022,128.34,EUR,PURCHASE,DINING,2024-08-29 08:36:44,False,92939.5
TXN_00000164,CUST_0196,1323.24,GBP,WITHDRAWAL,TRAVEL,2024-08-29 08:55:32,False,5985.43
TXN_00006279,CUST_0145,-316.23,EUR,REFUND,HEALTHCARE,2024-08-29 09:36:51,False,68399.58
TXN_00002117,CUST_0154,190.41,EUR,PURCHASE,DINING,2024-08-29 10:06:57,False,80447.41
TXN_00009005,CUST_0092,930.54,EUR,PURCHASE,TRAVEL,2024-08-29 10:16:18,False,96666.26
TXN_00008017,CUST_0086,-796.99,USD,REFUND,UTILITIES,2024-08-29 10:16:48,False,7140.33
TXN_00004560,CUST_0196,1412.25,EUR,WITHDRAWAL,ELECTRONICS,2024-08-29 11:04:57,False,25956.77
TXN_00000941,CUST_0016,564.74,EUR,WITHDRAWAL,TRAVEL,2024-08-29 11:51:44,False,49991.99
TXN_00006169,CUST_0052,807.81,USD,TRANSFER,ELECTRONICS,2024-08-29 12:38:20,False,38266.25
TXN_00000412,CUST_0146,561.7,EUR,WITHDRAWAL,UTILITIES,2024-08-29 13:32:40,False,51436.13
TXN_00002991,CUST_0143,49.1,EUR,PURCHASE,ELECTRONICS,2024-08-29 13:53:13,False,44456.38
TXN_00000902,CUST_0161,664.87,EUR,PURCHASE,DINING,2024-08-29 14:19:51,False,36954.64
TXN_00003687,CUST_0148,423.64,GBP,PURCHASE,UTILITIES,2024-08-29 14:44:03,False,55508.2
TXN_00001660,CUST_0093,470.05,USD,TRANSFER,DINING,2024-08-29 14:49:29,False,88714.32
TXN_00000503,CUST_0123,163.55,EUR,TRANSFER,ELECTRONICS,2024-08-29 15:04:46,False,42355.6
TXN_00001036,CUST_0182,648.98,EUR,WITHDRAWAL,GROCERY,2024-08-29 15:20:47,False,76611.22
TXN_00005496,CUST_0056,60.3,EUR,PURCHASE,DINING,2024-08-29 15:59:30,False,19037.1
TXN_00005589,CUST_0139,305.11,EUR,PURCHASE,GROCERY,2024-08-29 16:14:54,False,81938.19
TXN_00007483,CUST_0020,1083.64,USD,PURCHASE,ELECTRONICS,2024-08-29 16:15:24,False,31653.85
TXN_00007702,CUST_0013,23.01,EUR,TRANSFER,GROCERY,2024-08-29 16:41:14,False,76006.26
TXN_00009539,CUST_0122,109.72,EUR,TRANSFER,HEALTHCARE,2024-08-29 16:53:56,False,7470.04
TXN_00002480,CUST_0170,74.73,EUR,PURCHASE,ELECTRONICS,2024-08-29 17:32:49,False,18498.14
TXN_00004353,CUST_0121,45.01,USD,TRANSFER,GROCERY,2024-08-29 17:33:58,False,65876.75
TXN_00002041,CUST_0002,35.02,USD,TRANSFER,TRAVEL,2024-08-29 17:37:03,False,68203.21
TXN_00006361,CUST_0115,183.94,GBP,WITHDRAWAL,HEALTHCARE,2024-08-29 17:40:36,False,91316.1
TXN_00004532,CUST_0194,194.06,EUR,PURCHASE,ELECTRONICS,2024-08-29 18:32:22,False,13559.67
TXN_00000352,CUST_0172,50.19,EUR,PURCHASE,TRAVEL,2024-08-30 06:33:56,False,25407.87
TXN_00008797,CUST_0077,463.01,EUR,PURCHASE,TRAVEL,2024-08-30 06:52:17,False,42366.51
TXN_00002859,CUST_0138,247.5,EUR,TRANSFER,UTILITIES,2024-08-30 07:07:13,False,26529.33
TXN_00001885,CUST_0194,3.37,EUR,PURCHASE,GROCERY,2024-08-30 08:08:30,False,73370.79
TXN_00007619,CUST_0004,111.5,EUR,WITHDRAWAL,GROCERY,2024-08-30 08:54:49,False,87513.81
TXN_00009963,CUST_0127,232.97,EUR,PURCHASE,ELECTRONICS,2024-08-30 09:31:44,False,57197.33
TXN_00007650,CUST_0024,227.54,EUR,PURCHASE,TRAVEL,2024-08-30 09:45:51,False,29838.58
TXN_00008631,CUST_0051,738.42,USD,PURCHASE,HEALTHCARE,2024-08-30 10:33:28,False,65461.8
TXN_00002646,CUST_0183,42.91,EUR,PURCHASE,HEALTHCARE,2024-08-30 11:20:45,False,20564.95
TXN_00009891,CUST_0149,2123.17,EUR,PURCHASE,ELECTRONICS,2024-08-30 11:29:05,False,89448.36
TXN_00006775,CUST_0028,148.0,EUR,TRANSFER,TRAVEL,2024-08-30 11:45:47,False,91787.1
TXN_00004987,CUST_0141,59.48,EUR,TRANSFER,GROCERY,2024-08-30 11:56:30,False,82082.04
TXN_00007289,CUST_0144,23.32,EUR,WITHDRAWAL,ELECTRONICS,2024-08-30 12:22:05,False,21302.89
TXN_00004386,CUST_0109,3.31,EUR,PURCHASE,TRAVEL,2024-08-30 12:44:17,False,71420.76
TXN_00006646,CUST_0102,1268.54,EUR,TRANSFER,GROCERY,2024-08-30 12:53:30,False,52487.67
TXN_00007025,CUST_0118,186.38,EUR,WITHDRAWAL,ELECTRONICS,2024-08-30 14:33:43,False,13521.92
TXN_00009472,CUST_0015,428.24,EUR,PURCHASE,GROCERY,2024-08-30 15:17:10,False,32165.12
TXN_00002786,CUST_0105,25.45,EUR,PURCHASE,HEALTHCARE,2024-08-30 15:55:14,False,37296.39
TXN_00006391,CUST_0151,1017.84,EUR,PURCHASE,TRAVEL,2024-08-30 16:25:44,False,94929.28
TXN_00008984,CUST_0180,54.16,EUR,TRANSFER,DINING,2024-08-30 16:29:28,False,7419.98
TXN_00003840,CUST_0114,65.65,EUR,PURCHASE,UTILITIES,2024-08-30 16:31:41,False,79365.84
TXN_00005461,CUST_0126,254.82,GBP,PURCHASE,GROCERY,2024-08-30 16:39:45,False,14661.01
TXN_00009289,CUST_0150,193.15,EUR,TRANSFER,DINING,2024-08-30 17:02:51,False,99623.27
TXN_00005088,CUST_0129,125.77,USD,PURCHASE,TRAVEL,2024-08-30 20:30:24,False,85077.5
TXN_00004118,CUST_0023,282.95,USD,TRANSFER,UTILITIES,2024-08-30 20:33:53,False,37499.87
TXN_00004090,CUST_0150,48.43,EUR,TRANSFER,UTILITIES,2024-08-30 20:38:04,False,83510.81
TXN_00004572,CUST_0135,53.16,EUR,PURCHASE,GROCERY,2024-08-30 21:54:07,False,7578.58
TXN_00000429,CUST_0067,175.2,EUR,TRANSFER,UTILITIES,2024-08-30 23:34:28,False,30510.22
TXN_00008593,CUST_0185,38.12,USD,TRANSFER,GROCERY,2024-08-31 08:30:56,False,48151.97
TXN_00001487,CUST_0006,59.0,EUR,TRANSFER,DINING,2024-08-31 09:17:59,False,30471.27
TXN_00001394,CUST_0028,641.86,EUR,PURCHASE,HEALTHCARE,2024-08-31 09:24:41,False,27892.28
TXN_00004348,CUST_0015,317.62,USD,TRANSFER,ELECTRONICS,2024-08-31 09:48:51,False,59958.53
TXN_00000885,CUST_0072,716.09,EUR,PURCHASE,GROCERY,2024-08-31 10:56:11,False,78072.96
TXN_00007582,CUST_0104,565.36,EUR,WITHDRAWAL,GROCERY,2024-08-31 11:23:17,False,23354.95
TXN_00003555,CUST_0138,-12650.2,EUR,REFUND,DINING,2024-08-31 11:28:15,False,29317.76
TXN_00009085,CUST_0042,177.62,EUR,PURCHASE,TRAVEL,2024-08-31 11:30:19,False,12008.68
TXN_00009780,CUST_0024,395.02,EUR,PURCHASE,UTILITIES,2024-08-31 12:32:05,False,11898.65
TXN_00002459,CUST_0004,68.74,EUR,PURCHASE,TRAVEL,2024-08-31 12:53:18,False,82689.16
TXN_00006771,CUST_0059,35.85,GBP,PURCHASE,HEALTHCARE,2024-08-31 13:12:26,False,35767.7
TXN_00009141,CUST_0060,136.44,EUR,PURCHASE,GROCERY,2024-08-31 13:24:19,False,18564.1
TXN_00002110,CUST_0120,207.41,EUR,PURCHASE,TRAVEL,2024-08-31 13:55:56,False,17701.97
TXN_00008700,CUST_0183,824.05,USD,WITHDRAWAL,HEALTHCARE,2024-08-31 14:00:46,False,77907.33
TXN_00007956,CUST_0091,149.34,EUR,PURCHASE,,2024-08-31 14:27:21,False,21436.89
TXN_00002609,CUST_0000,7293.64,EUR,PURCHASE,HEALTHCARE,2024-08-31 14:37:32,False,26804.86
TXN_00003964,CUST_0018,135.88,EUR,PURCHASE,HEALTHCARE,2024-08-31 14:42:00,False,31689.04
TXN_00003376,CUST_0104,1128.79,USD,PURCHASE,UTILITIES,2024-08-31 15:38:46,False,47992.21
TXN_00006610,CUST_0051,1916.87,EUR,TRANSFER,HEALTHCARE,2024-08-31 16:13:47,False,54047.75
TXN_00005755,CUST_0003,979.09,EUR,PURCHASE,DINING,2024-08-31 16:29:52,False,54520.72
TXN_00006333,CUST_0003,118.68,USD,PURCHASE,HEALTHCARE,2024-08-31 16:43:14,False,42328.54
TXN_00006219,CUST_0119,159.76,EUR,PURCHASE,TRAVEL,2024-08-31 16:50:01,False,7990.27
TXN_00009486,CUST_0143,306.08,EUR,TRANSFER,HEALTHCARE,2024-08-31 16:55:06,False,75580.42
TXN_00004254,CUST_0188,72.77,EUR,PURCHASE,TRAVEL,2024-08-31 17:14:51,False,53087.62
TXN_00002360,CUST_0072,292.29,EUR,PURCHASE,HEALTHCARE,2024-08-31 17:37:25,False,72716.54
TXN_00004015,CUST_0070,703.12,EUR,PURCHASE,UTILITIES,2024-08-31 18:24:37,False,69949.7
TXN_00008118,CUST_0019,451.92,EUR,PURCHASE,HEALTHCARE,2024-08-31 19:14:25,False,46992.51
TXN_00003769,CUST_0179,384.95,EUR,WITHDRAWAL,UTILITIES,2024-08-31 19:22:14,False,78114.62
TXN_00007396,CUST_0196,63.23,EUR,TRANSFER,TRAVEL,2024-08-31 20:52:18,False,66127.87
TXN_00002381,CUST_0123,86.1,EUR,PURCHASE,UTILITIES,2024-08-31 21:06:26,False,90963.02
TXN_00001324,CUST_0109,85.48,USD,PURCHASE,UTILITIES,2024-09-01 06:10:54,False,42159.08
TXN_00004098,CUST_0155,148.62,USD,PURCHASE,UTILITIES,2024-09-01 06:47:46,False,81994.28
TXN_00002521,CUST_0128,283.56,EUR,PURCHASE,UTILITIES,2024-09-01 06:58:21,False,25530.53
TXN_00007911,CUST_0151,1310.71,EUR,PURCHASE,TRAVEL,2024-09-01 07:02:13,False,87441.01
TXN_00007434,CUST_0128,12.45,EUR,WITHDRAWAL,DINING,2024-09-01 10:19:02,False,3804.87
TXN_00001252,CUST_0171,16.46,GBP,PURCHASE,UTILITIES,2024-09-01 10:22:24,False,20786.87
TXN_00009579,CUST_0056,45.0,EUR,PURCHASE,GROCERY,2024-09-01 10:42:05,False,67335.42
TXN_00006943,CUST_0179,67.03,EUR,PURCHASE,ELECTRONICS,2024-09-01 11:01:45,False,47558.96
TXN_00003318,CUST_0096,52.73,EUR,PURCHASE,TRAVEL,2024-09-01 11:25:26,False,20353.98
TXN_00004133,CUST_0077,169.87,EUR,PURCHASE,UTILITIES,2024-09-01 11:39:44,False,11790.54
TXN_00007544,CUST_0127,355.89,EUR,WITHDRAWAL,GROCERY,2024-09-01 12:07:22,False,97915.79
TXN_00008911,CUST_0076,-971.95,EUR,REFUND,TRAVEL,2024-09-01 12:19:17,False,67732.16
TXN_00009380,CUST_0167,265.54,EUR,PURCHASE,ELECTRONICS,2024-09-01 12:44:57,False,89295.45
TXN_00003277,CUST_0091,410.6,EUR,PURCHASE,DINING,2024-09-01 12:57:56,False,39458.04
TXN_00009170,CUST_0147,12.05,EUR,WITHDRAWAL,GROCERY,2024-09-01 13:04:28,False,49182.55
TXN_00002782,CUST_0178,83.88,EUR,PURCHASE,TRAVEL,2024-09-01 13:41:43,False,48571.83
TXN_00007321,CUST_0124,32.07,USD,TRANSFER,ELECTRONICS,2024-09-01 13:44:21,False,83592.91
TXN_00006927,CUST_0135,1540.32,EUR,WITHDRAWAL,UTILITIES,2024-09-01 13:52:35,False,10070.42
TXN_00006703,CUST_0137,135.54,USD,PURCHASE,UTILITIES,2024-09-01 14:17:11,False,96536.58
TXN_00007661,CUST_0040,32.41,EUR,PURCHASE,ELECTRONICS,2024-09-01 14:31:01,False,75349.55
TXN_00001540,CUST_0170,448.42,GBP,WITHDRAWAL,HEALTHCARE,2024-09-01 14:42:16,False,78379.68
TXN_00001016,CUST_0165,232.04,EUR,PURCHASE,DINING,2024-09-01 14:46:32,False,27920.95
TXN_00006716,CUST_0095,394.93,GBP,PURCHASE,HEALTHCARE,2024-09-01 14:58:36,False,86489.39
TXN_00008419,CUST_0102,204.15,EUR,PURCHASE,ELECTRONICS,2024-09-01 15:30:11,False,18795.05
TXN_00008751,CUST_0020,488.6,GBP,PURCHASE,GROCERY,2024-09-01 15:46:50,False,70425.84
TXN_00006362,CUST_0087,4.6,EUR,PURCHASE,UTILITIES,2024-09-01 16:55:21,False,97610.75
TXN_00008845,CUST_0060,-17.24,EUR,REFUND,ELECTRONICS,2024-09-01 16:57:50,False,13447.33
TXN_00005637,CUST_0059,239.74,USD,PURCHASE,GROCERY,2024-09-01 17:02:48,False,22532.73
TXN_00001091,CUST_0094,430.05,EUR,PURCHASE,GROCERY,2024-09-01 20:21:41,False,29575.25
TXN_00003317,CUST_0198,700.79,EUR,PURCHASE,TRAVEL,2024-09-02 04:55:37,False,89232.66
TXN_00004010,CUST_0057,29.96,EUR,WITHDRAWAL,TRAVEL,2024-09-02 06:14:01,False,24546.48
TXN_00003696,CUST_0089,878.76,EUR,WITHDRAWAL,DINING,2024-09-02 06:18:46,False,74102.66
TXN_00000685,CUST_0053,2708.77,EUR,PURCHASE,ELECTRONICS,2024-09-02 08:18:31,True,68189.22
TXN_00003489,CUST_0154,260.53,EUR,PURCHASE,HEALTHCARE,2024-09-02 08:18:44,False,14069.27
TXN_00008582,CUST_0011,90.26,EUR,WITHDRAWAL,ELECTRONICS,2024-09-02 08:20:43,False,35054.4
TXN_00000302,CUST_0173,751.2,EUR,TRANSFER,UTILITIES,2024-09-02 08:25:57,False,63632.52
TXN_00004211,CUST_0038,580.94,EUR,PURCHASE,TRAVEL,2024-09-02 08:41:04,False,79937.17
TXN_00001266,CUST_0116,350.46,GBP,PURCHASE,TRAVEL,2024-09-02 09:01:07,False,34180.47
TXN_00007054,CUST_0167,445.13,USD,PURCHASE,TRAVEL,2024-09-02 09:29:44,False,9795.23
TXN_00004283,CUST_0044,1928.09,GBP,PURCHASE,UTILITIES,2024-09-02 10:13:34,False,73056.14
TXN_00001521,CUST_0096,266.39,EUR,TRANSFER,DINING,2024-09-02 10:44:39,False,94641.84
TXN_00008683,CUST_0084,-120.87,EUR,REFUND,HEALTHCARE,2024-09-02 11:12:39,False,30059.04
TXN_00008275,CUST_0033,1089.47,EUR,PURCHASE,GROCERY,2024-09-02 11:21:26,False,67934.23
TXN_00000112,CUST_0103,239.23,USD,PURCHASE,HEALTHCARE,2024-09-02 11:30:09,False,32936.58
TXN_00003815,CUST_0155,498.46,USD,PURCHASE,UTILITIES,2024-09-02 11:41:03,False,27278.39
TXN_00009341,CUST_0031,4791.26,GBP,WITHDRAWAL,DINING,2024-09-02 12:25:30,False,41757.88
TXN_00003252,CUST_0056,1429.38,GBP,PURCHASE,UTILITIES,2024-09-02 12:51:50,False,4871.11
TXN_00007377,CUST_0001,416.46,EUR,PURCHASE,ELECTRONICS,2024-09-02 13:06:02,False,61188.15
TXN_00004445,CUST_0153,1025.76,USD,PURCHASE,DINING,2024-09-02 13:18:08,False,51171.87
TXN_00001663,CUST_0050,152.02,GBP,TRANSFER,ELECTRONICS,2024-09-02 13:43:21,False,14032.16
TXN_00002986,CUST_0186,2015.26,EUR,TRANSFER,GROCERY,2024-09-02 14:09:00,True,65049.92
TXN_00000564,CUST_0049,17.81,EUR,PURCHASE,ELECTRONICS,2024-09-02 14:22:57,False,96135.51
TXN_00007410,CUST_0104,1395.18,EUR,TRANSFER,ELECTRONICS,2024-09-02 14:27:14,False,6613.94
TXN_00006607,CUST_0154,369.27,EUR,WITHDRAWAL,HEALTHCARE,2024-09-02 14:32:24,False,29929.4
TXN_00002174,CUST_0134,253.04,EUR,PURCHASE,GROCERY,2024-09-02 15:45:35,False,34125.27
TXN_00003958,CUST_0193,7.65,GBP,PURCHASE,GROCERY,2024-09-02 18:05:02,False,45965.14
TXN_00001413,CUST_0071,21.34,EUR,TRANSFER,GROCERY,2024-09-02 18:20:11,False,58534.35
TXN_00001758,CUST_0140,764.32,EUR,WITHDRAWAL,HEALTHCARE,2024-09-02 20:35:39,False,70678.31
TXN_00006002,CUST_0175,1823.68,EUR,TRANSFER,HEALTHCARE,2024-09-02 20:42:45,False,80245.96
TXN_00003600,CUST_0005,-82.59,USD,REFUND,TRAVEL,2024-09-02 23:40:48,False,18587.75
TXN_00001615,CUST_0113,37.97,EUR,PURCHASE,GROCERY,2024-09-03 05:18:25,False,98801.92
TXN_00007872,CUST_0170,19527.99,EUR,TRANSFER,HEALTHCARE,2024-09-03 06:57:19,False,38724.68
TXN_00008809,CUST_0064,560.47,EUR,PURCHASE,ELECTRONICS,2024-09-03 07:29:53,False,80246.34
TXN_00006215,CUST_0073,3471.92,EUR,PURCHASE,UTILITIES,2024-09-03 09:02:40,False,48749.81
TXN_00003437,CUST_0135,369.52,EUR,TRANSFER,UTILITIES,2024-09-03 09:04:38,False,66219.08
TXN_00003727,CUST_0137,2039.83,EUR,TRANSFER,GROCERY,2024-09-03 09:26:44,False,78753.12
TXN_00009723,CUST_0096,1299.06,EUR,PURCHASE,ELECTRONICS,2024-09-03 10:02:33,False,8287.01
TXN_00008266,CUST_0155,20.39,USD,TRANSFER,ELECTRONICS,2024-09-03 11:16:40,False,78739.83
TXN_00007706,CUST_0069,372.82,EUR,PURCHASE,DINING,2024-09-03 11:43:58,False,39916.36
TXN_00004839,CUST_0168,272.94,GBP,PURCHASE,TRAVEL,2024-09-03 12:04:28,False,74897.57
TXN_00005571,CUST_0179,185.83,USD,PURCHASE,ELECTRONICS,2024-09-03 12:47:14,False,3924.79
TXN_00001943,CUST_0034,17.98,EUR,PURCHASE,DINING,2024-09-03 12:47:48,False,90856.19
TXN_00004989,CUST_0149,109.73,EUR,PURCHASE,UTILITIES,2024-09-03 12:57:15,False,46685.47
TXN_00001052,CUST_0077,-701.38,EUR,REFUND,ELECTRONICS,2024-09-03 13:21:53,False,61788.51
TXN_00003571,CUST_0002,95.44,EUR,TRANSFER,GROCERY,2024-09-03 13:33:30,False,13008.53
TXN_00002600,CUST_0185,2843.43,EUR,PURCHASE,ELECTRONICS,2024-09-03 13:34:27,False,34810.68
TXN_00007648,CUST_0071,371.21,EUR,PURCHASE,UTILITIES,2024-09-03 13:36:07,False,24280.53
TXN_00005141,CUST_0050,468.35,EUR,PURCHASE,GROCERY,2024-09-03 14:03:43,False,49228.88
TXN_00001414,CUST_0182,1981.69,USD,PURCHASE,TRAVEL,2024-09-03 14:52:14,False,36452.51
TXN_00000917,CUST_0055,-2011.81,EUR,REFUND,TRAVEL,2024-09-03 15:07:12,False,2070.83
TXN_00000576,CUST_0100,61.92,EUR,PURCHASE,,2024-09-03 15:07:48,False,3623.95
TXN_00003011,CUST_0153,200.66,EUR,TRANSFER,UTILITIES,2024-09-03 15:49:28,False,29567.8
TXN_00006233,CUST_0082,38.77,EUR,PURCHASE,GROCERY,2024-09-03 16:01:58,False,23096.28
TXN_00008973,CUST_0157,1277.87,EUR,WITHDRAWAL,ELECTRONICS,2024-09-03 16:04:00,False,36042.94
TXN_00008244,CUST_0010,-273.72,USD,REFUND,ELECTRONICS,2024-09-03 17:27:11,False,27829.79
TXN_00000285,CUST_0069,800.12,EUR,PURCHASE,TRAVEL,2024-09-03 18:02:23,False,23130.32
TXN_00008681,CUST_0105,74.3,USD,TRANSFER,,2024-09-03 18:51:54,False,89655.28
TXN_00000182,CUST_0150,305.95,EUR,PURCHASE,ELECTRONICS,2024-09-03 20:28:03,False,10115.34
TXN_00008451,CUST_0140,1266.27,GBP,PURCHASE,ELECTRONICS,2024-09-03 21:20:02,False,64679.25
TXN_00006941,CUST_0011,2606.35,USD,TRANSFER,UTILITIES,2024-09-04 06:16:23,False,37883.36
TXN_00009327,CUST_0035,633.43,EUR,PURCHASE,UTILITIES,2024-09-04 06:19:38,False,92469.52
TXN_00006232,CUST_0019,5329.01,EUR,WITHDRAWAL,GROCERY,2024-09-04 08:17:27,False,86937.9
TXN_00006862,CUST_0081,226.04,EUR,PURCHASE,ELECTRONICS,2024-09-04 09:45:18,True,2742.57
TXN_00007188,CUST_0163,223.32,USD,PURCHASE,HEALTHCARE,2024-09-04 10:15:26,False,20369.78
TXN_00000704,CUST_0189,80.5,USD,PURCHASE,GROCERY,2024-09-04 11:07:54,False,98199.36
TXN_00007057,CUST_0166,1301.22,EUR,PURCHASE,HEALTHCARE,2024-09-04 11:55:16,False,49496.19
TXN_00003362,CUST_0077,16.48,EUR,PURCHASE,DINING,2024-09-04 12:00:01,False,60588.16
TXN_00000990,CUST_0120,399.15,EUR,PURCHASE,ELECTRONICS,2024-09-04 12:09:16,True,39057.31
TXN_00008520,CUST_0190,341.15,EUR,PURCHASE,ELECTRONICS,2024-09-04 12:18:18,False,64967.94
TXN_00008892,CUST_0127,424.45,EUR,PURCHASE,TRAVEL,2024-09-04 12:27:06,False,18677.72
TXN_00006353,CUST_0011,87.94,EUR,PURCHASE,ELECTRONICS,2024-09-04 13:33:55,False,99014.45
TXN_00007419,CUST_0154,36.49,EUR,TRANSFER,UTILITIES,2024-09-04 13:46:47,False,48356.62
TXN_00001962,CUST_0027,186.94,GBP,TRANSFER,DINING,2024-09-04 14:04:08,False,69745.91
TXN_00003786,CUST_0199,166.79,USD,TRANSFER,HEALTHCARE,2024-09-04 14:38:08,False,29824.45
TXN_00004431,CUST_0087,120.06,USD,WITHDRAWAL,TRAVEL,2024-09-04 14:38:20,False,71856.33
TXN_00003017,CUST_0081,50.74,USD,PURCHASE,HEALTHCARE,2024-09-04 14:54:19,False,29282.85
TXN_00003040,CUST_0112,883.76,EUR,WITHDRAWAL,TRAVEL,2024-09-04 15:30:14,False,30240.13
TXN_00002469,CUST_0141,162.25,EUR,PURCHASE,GROCERY,2024-09-04 16:04:55,False,29668.25
TXN_00003069,CUST_0138,217.08,EUR,PURCHASE,HEALTHCARE,2024-09-04 17:16:46,False,50402.87
TXN_00004819,CUST_0058,1662.45,GBP,WITHDRAWAL,TRAVEL,2024-09-04 17:43:25,False,39108.39
TXN_00001013,CUST_0047,89.17,USD,PURCHASE,ELECTRONICS,2024-09-04 18:27:16,False,88030.17
TXN_00004697,CUST_0015,267.35,USD,TRANSFER,ELECTRONICS,2024-09-04 20:57:40,False,62031.88
TXN_00006411,CUST_0107,96.86,EUR,PURCHASE,ELECTRONICS,2024-09-04 22:26:30,False,99264.54
TXN_00000928,CUST_0026,55.6,EUR,PURCHASE,DINING,2024-09-04 23:06:48,False,95743.27
TXN_00006707,CUST_0110,73.36,EUR,TRANSFER,ELECTRONICS,2024-09-05 03:57:19,False,53782.3
TXN_00002298,CUST_0020,250.77,EUR,PURCHASE,GROCERY,2024-09-05 04:30:24,False,70504.6
TXN_00000533,CUST_0195,5023.54,EUR,PURCHASE,,2024-09-05 07:08:00,True,93397.86
TXN_00006123,CUST_0163,1002.62,EUR,PURCHASE,GROCERY,2024-09-05 07:11:02,False,17047.3
TXN_00007527,CUST_0050,303.93,EUR,PURCHASE,UTILITIES,2024-09-05 08:25:57,False,13623.64
TXN_00007976,CUST_0105,-276.87,USD,REFUND,DINING,2024-09-05 09:13:30,False,39066.42
TXN_00003111,CUST_0189,198.15,EUR,TRANSFER,TRAVEL,2024-09-05 09:26:53,False,37989.55
TXN_00001796,CUST_0190,652.39,USD,PURCHASE,DINING,2024-09-05 10:27:42,False,57387.17
TXN_00009973,CUST_0014,732.4,EUR,WITHDRAWAL,HEALTHCARE,2024-09-05 11:59:49,False,58415.96
TXN_00003721,CUST_0140,-18.31,EUR,REFUND,TRAVEL,2024-09-05 12:07:04,False,37011.2
TXN_00009997,CUST_0110,19.94,EUR,PURCHASE,UTILITIES,2024-09-05 12:29:32,False,24990.57
TXN_00009335,CUST_0075,195.79,EUR,PURCHASE,UTILITIES,2024-09-05 12:41:31,False,32564.74
TXN_00005914,CUST_0023,287.09,EUR,WITHDRAWAL,DINING,2024-09-05 13:24:51,False,15116.21
TXN_00001958,CUST_0064,170.15,EUR,TRANSFER,UTILITIES,2024-09-05 13:43:35,False,95561.69
TXN_00002652,CUST_0162,136.98,EUR,PURCHASE,TRAVEL,2024-09-05 14:11:12,False,89707.0
TXN_00005821,CUST_0047,6637.55,USD,PURCHASE,HEALTHCARE,2024-09-05 14:35:09,False,1810.54
TXN_00005436,CUST_0092,41.08,EUR,PURCHASE,GROCERY,2024-09-05 14:41:24,False,50010.85
TXN_00005254,CUST_0188,1073.15,EUR,WITHDRAWAL,DINING,2024-09-05 14:48:02,False,83761.82
TXN_00005862,CUST_0139,410.09,EUR,PURCHASE,GROCERY,2024-09-05 15:12:43,False,59225.85
TXN_00003902,CUST_0079,385.81,USD,WITHDRAWAL,DINING,2024-09-05 15:35:47,False,50169.88
TXN_00003468,CUST_0105,146.4,EUR,TRANSFER,HEALTHCARE,2024-09-05 16:28:54,False,70055.87
TXN_00008718,CUST_0191,245.14,EUR,PURCHASE,UTILITIES,2024-09-05 16:50:49,False,79376.43
TXN_00001870,CUST_0109,19.78,USD,WITHDRAWAL,HEALTHCARE,2024-09-05 17:25:50,False,47104.03
TXN_00002556,CUST_0099,61.96,EUR,PURCHASE,TRAVEL,2024-09-05 18:27:37,False,32332.35
TXN_00006466,CUST_0039,980.56,USD,TRANSFER,ELECTRONICS,2024-09-05 18:54:29,False,12862.31
TXN_00005085,CUST_0091,857.09,EUR,TRANSFER,HEALTHCARE,2024-09-05 21:54:56,False,74307.87
TXN_00008990,CUST_0013,66.22,EUR,WITHDRAWAL,TRAVEL,2024-09-06 05:14:10,False,24036.97
TXN_00002669,CUST_0185,255.76,EUR,PURCHASE,GROCERY,2024-09-06 07:11:13,False,15211.37
TXN_00004826,CUST_0002,1181.7,EUR,PURCHASE,UTILITIES,2024-09-06 08:09:13,False,83205.48
TXN_00002948,CUST_0130,86.29,USD,WITHDRAWAL,UTILITIES,2024-09-06 08:22:59,False,88922.65
TXN_00003397,CUST_0110,464.9,USD,PURCHASE,GROCERY,2024-09-06 10:11:29,False,92625.82
TXN_00003791,CUST_0016,322.36,EUR,WITHDRAWAL,UTILITIES,2024-09-06 10:30:16,False,83169.66
TXN_00000318,CUST_0043,94.97,EUR,PURCHASE,ELECTRONICS,2024-09-06 10:58:44,False,48017.6
TXN_00005573,CUST_0077,449.94,EUR,WITHDRAWAL,TRAVEL,2024-09-06 13:06:35,False,88424.99
TXN_00000113,CUST_0128,119.62,EUR,PURCHASE,TRAVEL,2024-09-06 13:18:57,False,46276.7
TXN_00009244,CUST_0061,-995.38,USD,REFUND,ELECTRONICS,2024-09-06 13:37:34,False,3719.37
TXN_00002044,CUST_0169,-995.72,GBP,REFUND,GROCERY,2024-09-06 14:10:39,False,11108.66
TXN_00004610,CUST_0023,33.48,EUR,PURCHASE,DINING,2024-09-06 14:22:39,False,58942.22
TXN_00001230,CUST_0011,83.73,USD,PURCHASE,HEALTHCARE,2024-09-06 14:24:20,False,20954.15
TXN_00008108,CUST_0169,122.95,EUR,PURCHASE,GROCERY,2024-09-06 14:32:51,False,41945.68
TXN_00001220,CUST_0197,-2146.33,EUR,REFUND,TRAVEL,2024-09-06 14:39:09,False,55341.15
TXN_00007954,CUST_0136,1094.44,USD,PURCHASE,DINING,2024-09-06 14:47:12,False,12790.16
TXN_00008308,CUST_0058,2958.51,GBP,TRANSFER,UTILITIES,2024-09-06 15:20:35,False,94675.58
TXN_00004008,CUST_0095,1139.72,EUR,PURCHASE,HEALTHCARE,2024-09-06 16:39:20,False,53659.7
TXN_00007035,CUST_0064,29.61,EUR,TRANSFER,GROCERY,2024-09-06 19:15:38,False,61720.16
TXN_00009160,CUST_0094,249.37,EUR,PURCHASE,GROCERY,2024-09-06 19:23:12,False,1510.92
TXN_00004689,CUST_0066,2608.3,EUR,PURCHASE,GROCERY,2024-09-06 19:34:57,False,98376.21
TXN_00004330,CUST_0052,12646.29,EUR,PURCHASE,ELECTRONICS,2024-09-06 19:48:23,False,66275.74
TXN_00007224,CUST_0056,3542.92,EUR,WITHDRAWAL,DINING,2024-09-06 23:23:46,True,61463.7
TXN_00008195,CUST_0001,43.37,EUR,PURCHASE,TRAVEL,2024-09-07 05:46:57,False,59932.86
TXN_00003384,CUST_0126,312.4,USD,PURCHASE,DINING,2024-09-07 07:19:51,False,70001.16
TXN_00008151,CUST_0045,161.92,USD,PURCHASE,HEALTHCARE,2024-09-07 08:16:47,False,45330.21
TXN_00004880,CUST_0034,7.79,USD,PURCHASE,HEALTHCARE,2024-09-07 10:56:50,False,53869.42
TXN_00005855,CUST_0101,616.73,EUR,PURCHASE,HEALTHCARE,2024-09-07 11:33:10,False,47944.55
TXN_00002835,CUST_0195,8.11,EUR,PURCHASE,DINING,2024-09-07 12:10:36,False,92603.9
TXN_00004216,CUST_0101,252.98,USD,PURCHASE,HEALTHCARE,2024-09-07 12:15:06,False,16202.75
TXN_00007610,CUST_0146,774.48,EUR,PURCHASE,TRAVEL,2024-09-07 12:17:27,False,49054.71
TXN_00003856,CUST_0018,718.42,EUR,PURCHASE,,2024-09-07 12:35:51,False,52392.77
TXN_00007740,CUST_0076,83.15,GBP,PURCHASE,GROCERY,2024-09-07 12:37:16,False,82423.08
TXN_00001718,CUST_0031,717.02,EUR,PURCHASE,ELECTRONICS,2024-09-07 13:41:53,False,94822.27
TXN_00009426,CUST_0102,521.29,GBP,PURCHASE,HEALTHCARE,2024-09-07 13:44:35,False,88842.37
TXN_00002925,CUST_0150,407.64,EUR,WITHDRAWAL,GROCERY,2024-09-07 13:57:25,False,6884.76
TXN_00006932,CUST_0055,55.15,EUR,WITHDRAWAL,GROCERY,2024-09-07 15:04:05,False,31645.91
TXN_00000419,CUST_0128,1203.64,EUR,WITHDRAWAL,DINING,2024-09-07 15:06:10,False,48778.56
TXN_00008621,CUST_0051,1109.82,GBP,TRANSFER,HEALTHCARE,2024-09-07 15:07:50,False,92687.75
TXN_00007278,CUST_0115,1998.51,EUR,WITHDRAWAL,TRAVEL,2024-09-07 15:38:15,False,89635.22
TXN_00000968,CUST_0059,659.05,EUR,PURCHASE,TRAVEL,2024-09-07 15:52:02,False,92980.52
TXN_00000632,CUST_0150,1683.86,EUR,PURCHASE,DINING,2024-09-07 15:56:59,False,18128.93
TXN_00001427,CUST_0131,87.96,EUR,PURCHASE,DINING,2024-09-07 16:38:57,False,8399.56
TXN_00003779,CUST_0196,869.91,EUR,TRANSFER,HEALTHCARE,2024-09-07 17:03:28,False,16857.4
TXN_00009511,CUST_0135,4690.16,EUR,PURCHASE,TRAVEL,2024-09-07 17:48:48,False,512.82
TXN_00001067,CUST_0127,87.77,EUR,TRANSFER,HEALTHCARE,2024-09-07 18:02:14,False,33052.65
TXN_00001358,CUST_0002,156.3,EUR,TRANSFER,DINING,2024-09-07 18:30:21,False,75761.96
TXN_00006992,CUST_0000,311.04,EUR,TRANSFER,UTILITIES,2024-09-07 19:39:41,False,66544.1
TXN_00008398,CUST_0090,279.18,USD,PURCHASE,UTILITIES,2024-09-08 04:27:17,False,48397.99
TXN_00005582,CUST_0047,18.63,USD,PURCHASE,GROCERY,2024-09-08 07:54:13,False,42937.96
TXN_00004075,CUST_0142,106.16,USD,PURCHASE,TRAVEL,2024-09-08 08:14:33,False,58414.54
TXN_00006792,CUST_0170,476.27,EUR,PURCHASE,DINING,2024-09-08 09:03:12,True,50864.43
TXN_00008103,CUST_0149,645.95,GBP,WITHDRAWAL,HEALTHCARE,2024-09-08 09:07:17,False,32207.2
TXN_00003198,CUST_0176,301.47,EUR,PURCHASE,HEALTHCARE,2024-09-08 10:35:58,False,25086.26
TXN_00008030,CUST_0031,586.71,EUR,PURCHASE,UTILITIES,2024-09-08 11:03:58,False,89993.96
TXN_00006974,CUST_0108,198.65,EUR,PURCHASE,HEALTHCARE,2024-09-08 11:33:57,False,77839.81
TXN_00003851,CUST_0019,362.19,EUR,PURCHASE,ELECTRONICS,2024-09-08 11:49:58,False,9159.34
TXN_00005499,CUST_0161,297.97,EUR,WITHDRAWAL,ELECTRONICS,2024-09-08 12:19:28,False,39090.44
TXN_00009713,CUST_0175,175.4,EUR,PURCHASE,ELECTRONICS,2024-09-08 12:29:18,False,97938.37
TXN_00000151,CUST_0162,29.0,EUR,WITHDRAWAL,ELECTRONICS,2024-09-08 12:36:35,False,56043.98
TXN_00009604,CUST_0142,243.77,EUR,TRANSFER,ELECTRONICS,2024-09-08 12:37:29,False,66945.69
TXN_00003359,CUST_0046,-3314.19,EUR,REFUND,DINING,2024-09-08 12:53:15,False,69380.95
TXN_00000709,CUST_0097,431.01,EUR,TRANSFER,DINING,2024-09-08 14:12:14,False,45249.94
TXN_00009425,CUST_0067,198.31,EUR,PURCHASE,DINING,2024-09-08 14:23:15,False,50194.76
TXN_00007013,CUST_0142,44.74,EUR,PURCHASE,GROCERY,2024-09-08 14:24:40,False,75841.65
TXN_00006920,CUST_0145,348.44,EUR,TRANSFER,GROCERY,2024-09-08 14:54:26,False,77109.45
TXN_00000799,CUST_0167,-441.01,EUR,REFUND,UTILITIES,2024-09-08 15:17:39,False,14795.56
TXN_00001811,CUST_0185,5072.53,EUR,WITHDRAWAL,ELECTRONICS,2024-09-08 15:48:28,False,26196.37
TXN_00003524,CUST_0012,105.83,USD,PURCHASE,UTILITIES,2024-09-08 15:51:14,False,68418.7
TXN_00005888,CUST_0005,101.1,EUR,TRANSFER,DINING,2024-09-08 15:53:33,False,49447.55
TXN_00002773,CUST_0059,20.33,GBP,WITHDRAWAL,DINING,2024-09-08 16:07:42,False,46878.16
TXN_00002775,CUST_0098,-117.09,EUR,REFUND,HEALTHCARE,2024-09-08 18:31:25,False,32493.44
TXN_00004950,CUST_0064,447.03,EUR,PURCHASE,UTILITIES,2024-09-08 19:42:15,False,47824.27
TXN_00008414,CUST_0008,86.19,USD,PURCHASE,HEALTHCARE,2024-09-08 19:46:04,False,81462.92
TXN_00004117,CUST_0163,750.59,EUR,WITHDRAWAL,GROCERY,2024-09-09 07:04:01,False,68815.83
TXN_00005737,CUST_0067,3627.32,EUR,PURCHASE,ELECTRONICS,2024-09-09 07:47:08,False,69219.56
TXN_00005242,CUST_0118,990.96,USD,PURCHASE,UTILITIES,2024-09-09 08:22:32,False,66698.73
TXN_00006748,CUST_0127,31.58,EUR,WITHDRAWAL,TRAVEL,2024-09-09 08:58:31,False,3265.23
TXN_00001659,CUST_0109,16.94,EUR,TRANSFER,DINING,2024-09-09 10:13:47,False,51854.14
TXN_00003377,CUST_0046,144.4,EUR,WITHDRAWAL,UTILITIES,2024-09-09 10:20:51,False,29700.57
TXN_00004981,CUST_0064,253.74,EUR,PURCHASE,GROCERY,2024-09-09 10:25:50,False,80570.92
TXN_00005435,CUST_0127,1125.93,EUR,PURCHASE,UTILITIES,2024-09-09 10:38:41,False,45876.57
TXN_00007473,CUST_0014,74.85,EUR,PURCHASE,ELECTRONICS,2024-09-09 11:14:28,False,38343.97
TXN_00000138,CUST_0008,866.15,EUR,TRANSFER,TRAVEL,2024-09-09 11:39:41,False,52314.09
TXN_00008227,CUST_0158,134.39,EUR,WITHDRAWAL,ELECTRONICS,2024-09-09 11:46:18,False,66600.15
TXN_00004823,CUST_0173,138.19,EUR,TRANSFER,TRAVEL,2024-09-09 12:00:46,False,50593.1
TXN_00002567,CUST_0100,1071.9,USD,PURCHASE,GROCERY,2024-09-09 12:20:00,False,15894.11
TXN_00002180,CUST_0036,293.28,EUR,TRANSFER,DINING,2024-09-09 12:37:14,False,70355.5
TXN_00003665,CUST_0114,620.59,EUR,PURCHASE,TRAVEL,2024-09-09 13:13:45,False,23517.19
TXN_00007916,CUST_0147,2169.77,EUR,PURCHASE,GROCERY,2024-09-09 13:26:00,False,91238.21
TXN_00006256,CUST_0015,57.44,EUR,TRANSFER,GROCERY,2024-09-09 13:30:14,False,88896.82
TXN_00000541,CUST_0067,1381.44,EUR,PURCHASE,ELECTRONICS,2024-09-09 13:53:32,False,85116.08
TXN_00002732,CUST_0186,1035.27,USD,WITHDRAWAL,TRAVEL,2024-09-09 14:39:53,False,66639.5
TXN_00009294,CUST_0147,297.41,GBP,WITHDRAWAL,TRAVEL,2024-09-09 14:59:36,False,32830.58
TXN_00004485,CUST_0072,1358.59,EUR,PURCHASE,UTILITIES,2024-09-09 15:11:32,False,32087.57
TXN_00003728,CUST_0079,691.13,EUR,PURCHASE,GROCERY,2024-09-09 15:34:06,False,43338.0
TXN_00002215,CUST_0155,447.07,EUR,WITHDRAWAL,HEALTHCARE,2024-09-09 16:58:23,False,39760.24
TXN_00005502,CUST_0145,492.31,EUR,PURCHASE,TRAVEL,2024-09-09 17:17:49,False,8165.11
TXN_00007745,CUST_0173,553.84,EUR,PURCHASE,TRAVEL,2024-09-10 04:02:53,False,68422.45
TXN_00003767,CUST_0089,239.02,EUR,PURCHASE,GROCERY,2024-09-10 05:30:30,True,7735.85
TXN_00007400,CUST_0069,31.83,EUR,PURCHASE,UTILITIES,2024-09-10 06:36:37,False,24843.04
TXN_00000949,CUST_0169,472.33,EUR,PURCHASE,TRAVEL,2024-09-10 06:52:40,False,73678.59
TXN_00004963,CUST_0184,277.45,EUR,PURCHASE,UTILITIES,2024-09-10 08:20:23,False,75815.44
TXN_00006228,CUST_0080,174.85,EUR,TRANSFER,TRAVEL,2024-09-10 08:44:13,False,33586.47
TXN_00004779,CUST_0164,302.65,USD,TRANSFER,GROCERY,2024-09-10 08:47:05,False,37875.73
TXN_00006738,CUST_0168,1125.31,EUR,TRANSFER,DINING,2024-09-10 09:23:49,False,92490.0
TXN_00007983,CUST_0140,219.13,EUR,PURCHASE,DINING,2024-09-10 09:25:55,False,80593.74
TXN_00005972,CUST_0182,252.21,EUR,PURCHASE,GROCERY,2024-09-10 09:45:58,False,22872.23
TXN_00009103,CUST_0191,400.32,EUR,PURCHASE,TRAVEL,2024-09-10 09:49:52,False,82675.69
TXN_00001840,CUST_0016,2774.19,EUR,WITHDRAWAL,TRAVEL,2024-09-10 10:15:36,False,41821.68
TXN_00009318,CUST_0133,8254.51,EUR,TRANSFER,ELECTRONICS,2024-09-10 10:20:22,False,68125.7
TXN_00000508,CUST_0118,607.4,USD,WITHDRAWAL,,2024-09-10 11:06:20,False,34203.69
TXN_00006295,CUST_0010,461.2,USD,TRANSFER,TRAVEL,2024-09-10 11:07:06,False,60914.86
TXN_00006797,CUST_0131,127.79,EUR,PURCHASE,HEALTHCARE,2024-09-10 12:08:32,False,7213.02
TXN_00009863,CUST_0025,880.83,EUR,TRANSFER,ELECTRONICS,2024-09-10 12:46:58,False,91655.03
TXN_00009775,CUST_0199,457.53,EUR,PURCHASE,ELECTRONICS,2024-09-10 13:42:59,False,38234.56
TXN_00002100,CUST_0098,377.18,EUR,TRANSFER,ELECTRONICS,2024-09-10 14:16:15,False,79236.39
TXN_00000625,CUST_0011,55.7,USD,PURCHASE,TRAVEL,2024-09-10 14:23:33,False,8740.88
TXN_00004325,CUST_0196,1544.72,EUR,PURCHASE,TRAVEL,2024-09-10 15:25:07,False,13693.25
TXN_00001689,CUST_0084,49.33,EUR,PURCHASE,TRAVEL,2024-09-10 16:59:08,False,11869.79
TXN_00006007,CUST_0133,314.85,EUR,TRANSFER,UTILITIES,2024-09-10 18:16:04,False,34580.17
TXN_00001184,CUST_0008,1584.35,EUR,PURCHASE,ELECTRONICS,2024-09-10 22:21:03,False,42543.41
TXN_00007049,CUST_0110,113.4,EUR,PURCHASE,GROCERY,2024-09-10 23:25:09,False,30812.05
TXN_00002730,CUST_0059,2630.44,USD,PURCHASE,ELECTRONICS,2024-09-11 04:35:27,False,29613.61
TXN_00002827,CUST_0077,2655.93,GBP,PURCHASE,GROCERY,2024-09-11 06:01:45,False,63978.01
TXN_00001685,CUST_0079,-140.15,EUR,REFUND,GROCERY,2024-09-11 06:11:01,False,8183.95
TXN_00007199,CUST_0199,198.77,GBP,TRANSFER,GROCERY,2024-09-11 06:21:12,False,22248.0
TXN_00004994,CUST_0186,277.65,EUR,PURCHASE,ELECTRONICS,2024-09-11 07:02:20,False,85897.54
TXN_00005790,CUST_0019,2521.03,GBP,PURCHASE,DINING,2024-09-11 08:13:26,False,87410.56
TXN_00005051,CUST_0070,254.66,USD,PURCHASE,DINING,2024-09-11 08:15:08,False,21929.4
TXN_00006838,CUST_0096,256.97,EUR,PURCHASE,TRAVEL,2024-09-11 08:33:08,False,13604.27
TXN_00002002,CUST_0149,34.18,EUR,PURCHASE,DINING,2024-09-11 09:30:28,False,84750.59
TXN_00000286,CUST_0140,43.6,EUR,PURCHASE,HEALTHCARE,2024-09-11 10:32:27,False,41366.6
TXN_00002826,CUST_0132,67.91,USD,PURCHASE,UTILITIES,2024-09-11 10:53:29,False,52147.9
TXN_00000727,CUST_0086,1031.04,EUR,PURCHASE,DINING,2024-09-11 11:20:04,False,41214.8
TXN_00006930,CUST_0120,14.96,EUR,TRANSFER,HEALTHCARE,2024-09-11 11:27:09,False,77671.0
TXN_00005910,CUST_0128,289.28,EUR,PURCHASE,DINING,2024-09-11 11:50:50,True,5423.19
TXN_00009282,CUST_0043,90.24,EUR,PURCHASE,ELECTRONICS,2024-09-11 12:14:02,False,41782.74
TXN_00004959,CUST_0187,24137.02,EUR,TRANSFER,TRAVEL,2024-09-11 12:24:07,False,9132.92
TXN_00000050,CUST_0131,186.99,EUR,PURCHASE,ELECTRONICS,2024-09-11 12:33:05,False,88170.72
TXN_00007903,CUST_0057,343.64,EUR,WITHDRAWAL,HEALTHCARE,2024-09-11 13:09:07,False,17783.99
TXN_00008942,CUST_0161,417.66,EUR,PURCHASE,HEALTHCARE,2024-09-11 13:13:18,False,35591.89
TXN_00005577,CUST_0185,1513.93,USD,TRANSFER,GROCERY,2024-09-11 13:14:38,False,94343.43
TXN_00003432,CUST_0027,1029.33,EUR,PURCHASE,HEALTHCARE,2024-09-11 13:14:43,False,59346.17
TXN_00002621,CUST_0090,207.38,USD,PURCHASE,DINING,2024-09-11 13:15:01,False,27542.45
TXN_00001919,CUST_0087,131.41,GBP,PURCHASE,,2024-09-11 14:59:29,False,12208.16
TXN_00005158,CUST_0020,113.28,EUR,PURCHASE,DINING,2024-09-11 15:23:00,False,27821.4
TXN_00005671,CUST_0015,456.61,EUR,PURCHASE,HEALTHCARE,2024-09-11 15:57:21,False,84803.09
TXN_00005939,CUST_0187,154.76,EUR,WITHDRAWAL,HEALTHCARE,2024-09-11 16:26:35,False,19560.48
TXN_00006140,CUST_0126,231.47,GBP,PURCHASE,DINING,2024-09-11 16:50:12,False,17878.58
TXN_00000923,CUST_0023,186.63,EUR,PURCHASE,UTILITIES,2024-09-11 18:42:20,False,85414.31
TXN_00001900,CUST_0134,91.42,EUR,PURCHASE,GROCERY,2024-09-11 19:51:36,False,81595.57
TXN_00000296,CUST_0069,2980.88,USD,PURCHASE,UTILITIES,2024-09-12 04:43:34,False,64221.49
TXN_00006635,CUST_0100,3974.13,EUR,PURCHASE,HEALTHCARE,2024-09-12 05:54:26,False,52372.65
TXN_00000862,CUST_0186,45.81,EUR,PURCHASE,,2024-09-12 07:59:06,False,54408.05
TXN_00001181,CUST_0086,4626.34,EUR,WITHDRAWAL,HEALTHCARE,2024-09-12 09:58:11,False,91102.27
TXN_00004580,CUST_0152,49.85,EUR,WITHDRAWAL,DINING,2024-09-12 12:00:26,False,3915.75
TXN_00008183,CUST_0094,718.69,EUR,WITHDRAWAL,DINING,2024-09-12 12:53:38,False,49423.03
TXN_00006512,CUST_0063,1042.42,USD,PURCHASE,TRAVEL,2024-09-12 12:58:06,False,31681.8
TXN_00005125,CUST_0092,189.7,EUR,PURCHASE,UTILITIES,2024-09-12 13:49:55,False,80058.21
TXN_00006693,CUST_0147,90.67,EUR,PURCHASE,UTILITIES,2024-09-12 13:50:21,False,83985.19
TXN_00002282,CUST_0007,815.77,EUR,PURCHASE,HEALTHCARE,2024-09-12 14:38:27,False,21652.56
TXN_00006737,CUST_0185,65.35,EUR,WITHDRAWAL,HEALTHCARE,2024-09-12 14:49:35,False,57674.93
TXN_00007676,CUST_0122,465.81,USD,PURCHASE,ELECTRONICS,2024-09-12 14:52:48,False,79869.6
TXN_00004791,CUST_0080,10.39,EUR,PURCHASE,ELECTRONICS,2024-09-12 15:21:07,False,62083.22
TXN_00003473,CUST_0045,180.78,EUR,TRANSFER,UTILITIES,2024-09-12 15:33:44,False,91269.2
TXN_00005296,CUST_0134,530.57,EUR,WITHDRAWAL,ELECTRONICS,2024-09-12 15:39:19,False,92728.71
TXN_00008094,CUST_0093,210.43,USD,TRANSFER,UTILITIES,2024-09-12 16:13:12,False,46849.95
TXN_00005107,CUST_0132,532.95,EUR,PURCHASE,DINING,2024-09-12 17:01:15,False,10384.45
TXN_00008121,CUST_0020,118.02,EUR,PURCHASE,TRAVEL,2024-09-12 20:16:52,False,56381.49
TXN_00008539,CUST_0014,899.44,USD,WITHDRAWAL,DINING,2024-09-12 23:12:55,False,7951.97
TXN_00005025,CUST_0198,1089.34,EUR,TRANSFER,UTILITIES,2024-09-13 03:20:21,False,71991.37
TXN_00007175,CUST_0185,103.97,EUR,PURCHASE,TRAVEL,2024-09-13 05:11:50,False,83236.09
TXN_00002801,CUST_0108,408.88,EUR,PURCHASE,HEALTHCARE,2024-09-13 08:51:33,False,90655.02
TXN_00002000,CUST_0119,10.41,USD,PURCHASE,DINING,2024-09-13 08:56:13,False,12257.85
TXN_00002326,CUST_0172,302.25,EUR,PURCHASE,UTILITIES,2024-09-13 09:14:25,False,86399.98
TXN_00002399,CUST_0076,147.25,USD,PURCHASE,ELECTRONICS,2024-09-13 10:00:46,False,56549.01
TXN_00006004,CUST_0144,198.02,USD,PURCHASE,ELECTRONICS,2024-09-13 10:01:37,False,16419.32
TXN_00007230,CUST_0016,167.22,USD,PURCHASE,UTILITIES,2024-09-13 10:29:18,False,5895.46
TXN_00009673,CUST_0111,-80.34,EUR,REFUND,UTILITIES,2024-09-13 11:15:24,False,97790.94
TXN_00002391,CUST_0136,139.0,EUR,PURCHASE,ELECTRONICS,2024-09-13 11:42:49,False,23484.07
TXN_00008910,CUST_0079,38.2,EUR,PURCHASE,GROCERY,2024-09-13 12:22:49,False,58920.97
TXN_00008155,CUST_0085,144.13,EUR,TRANSFER,ELECTRONICS,2024-09-13 13:07:12,False,99701.78
TXN_00009977,CUST_0070,202.84,EUR,PURCHASE,TRAVEL,2024-09-13 13:36:29,False,27756.19
TXN_00007069,CUST_0119,174.51,USD,TRANSFER,ELECTRONICS,2024-09-13 13:42:27,False,17274.77
TXN_00000447,CUST_0144,137.14,USD,TRANSFER,HEALTHCARE,2024-09-13 14:04:19,False,32052.71
TXN_00005260,CUST_0018,1343.74,EUR,PURCHASE,GROCERY,2024-09-13 14:16:13,False,95056.7
TXN_00007344,CUST_0049,16.64,EUR,PURCHASE,GROCERY,2024-09-13 14:36:21,False,37727.17
TXN_00002372,CUST_0126,67.66,EUR,PURCHASE,GROCERY,2024-09-13 14:54:03,False,15107.65
TXN_00009528,CUST_0042,82.98,EUR,PURCHASE,GROCERY,2024-09-13 15:29:14,False,699.33
TXN_00007233,CUST_0069,107.05,USD,PURCHASE,GROCERY,2024-09-13 15:56:57,False,28033.44
TXN_00002894,CUST_0086,596.77,USD,TRANSFER,UTILITIES,2024-09-13 16:30:38,False,50842.01
TXN_00003096,CUST_0056,376.78,GBP,PURCHASE,ELECTRONICS,2024-09-13 17:08:59,False,37277.06
TXN_00004952,CUST_0015,603.46,GBP,WITHDRAWAL,TRAVEL,2024-09-13 17:27:17,False,5631.17
TXN_00004205,CUST_0162,257.0,EUR,TRANSFER,GROCERY,2024-09-13 17:28:35,False,96686.29
TXN_00002532,CUST_0144,-170.03,EUR,REFUND,HEALTHCARE,2024-09-13 22:39:02,False,65559.86
TXN_00007446,CUST_0051,56.51,USD,PURCHASE,UTILITIES,2024-09-14 04:22:25,False,55829.73
TXN_00006842,CUST_0057,555.77,EUR,PURCHASE,UTILITIES,2024-09-14 06:46:51,False,92055.06
TXN_00004641,CUST_0163,181.5,EUR,PURCHASE,HEALTHCARE,2024-09-14 07:03:11,False,83300.8
TXN_00001415,CUST_0178,179.95,EUR,PURCHASE,DINING,2024-09-14 07:51:38,False,15498.39
TXN_00005186,CUST_0018,9.08,EUR,PURCHASE,TRAVEL,2024-09-14 07:58:56,False,54772.4
TXN_00008055,CUST_0112,42.61,EUR,PURCHASE,DINING,2024-09-14 09:06:56,False,38687.14
TXN_00008847,CUST_0173,528.93,EUR,PURCHASE,GROCERY,2024-09-14 10:23:14,False,43339.83
TXN_00008123,CUST_0099,158.9,GBP,PURCHASE,UTILITIES,2024-09-14 10:29:51,False,41925.89
TXN_00005654,CUST_0102,61.84,EUR,WITHDRAWAL,UTILITIES,2024-09-14 10:44:27,False,97200.21
TXN_00009273,CUST_0165,202.01,GBP,PURCHASE,UTILITIES,2024-09-14 11:24:40,False,49117.51
TXN_00002055,CUST_0004,2101.28,EUR,TRANSFER,TRAVEL,2024-09-14 13:11:53,False,95639.03
TXN_00005503,CUST_0047,6672.38,USD,PURCHASE,ELECTRONICS,2024-09-14 13:22:42,False,27737.39
TXN_00000116,CUST_0117,333.63,EUR,PURCHASE,GROCERY,2024-09-14 13:26:19,False,43972.5
TXN_00008228,CUST_0048,788.65,EUR,WITHDRAWAL,GROCERY,2024-09-14 13:54:39,False,42059.33
TXN_00006978,CUST_0180,-39.56,EUR,REFUND,TRAVEL,2024-09-14 14:12:20,False,20510.36
TXN_00007823,CUST_0031,30.24,EUR,TRANSFER,ELECTRONICS,2024-09-14 14:19:54,True,86501.91
TXN_00001687,CUST_0061,75.64,EUR,PURCHASE,ELECTRONICS,2024-09-14 14:36:06,False,29294.02
TXN_00003518,CUST_0138,-137.99,EUR,REFUND,DINING,2024-09-14 14:40:53,False,69446.16
TXN_00000003,CUST_0082,878.99,EUR,TRANSFER,UTILITIES,2024-09-14 16:23:43,False,29876.05
TXN_00006879,CUST_0165,113.32,EUR,TRANSFER,TRAVEL,2024-09-14 17:00:00,False,86980.16
TXN_00008842,CUST_0126,429.57,USD,PURCHASE,DINING,2024-09-14 17:18:27,False,67981.11
TXN_00008248,CUST_0184,745.54,EUR,PURCHASE,DINING,2024-09-14 17:24:38,False,28610.92
TXN_00007907,CUST_0165,536.29,EUR,TRANSFER,DINING,2024-09-14 17:24:39,False,90229.42
TXN_00002058,CUST_0147,33.65,EUR,PURCHASE,GROCERY,2024-09-14 17:43:54,False,59965.44
TXN_00003336,CUST_0181,177.77,GBP,PURCHASE,HEALTHCARE,2024-09-14 18:14:23,False,20665.34
TXN_00007805,CUST_0041,137.39,EUR,PURCHASE,HEALTHCARE,2024-09-14 18:25:13,False,60334.53
TXN_00005243,CUST_0037,8.78,EUR,WITHDRAWAL,HEALTHCARE,2024-09-14 18:26:47,False,99966.95
TXN_00006638,CUST_0170,499.02,USD,PURCHASE,ELECTRONICS,2024-09-14 19:16:21,False,21703.07
TXN_00003663,CUST_0192,671.46,USD,PURCHASE,GROCERY,2024-09-15 04:33:18,False,78524.98
TXN_00003064,CUST_0142,19.18,EUR,TRANSFER,UTILITIES,2024-09-15 08:16:18,False,67160.45
TXN_00002511,CUST_0168,698.47,EUR,PURCHASE,ELECTRONICS,2024-09-15 08:34:32,False,49609.27
TXN_00006133,CUST_0195,446.47,USD,PURCHASE,TRAVEL,2024-09-15 09:28:34,False,27820.81
TXN_00005746,CUST_0052,209.73,USD,PURCHASE,DINING,2024-09-15 09:32:08,False,8209.72
TXN_00002181,CUST_0163,56.93,USD,WITHDRAWAL,DINING,2024-09-15 09:42:30,False,83591.69
TXN_00007888,CUST_0145,59.05,EUR,WITHDRAWAL,UTILITIES,2024-09-15 10:11:23,False,35068.94
TXN_00000638,CUST_0031,103.08,EUR,TRANSFER,UTILITIES,2024-09-15 10:16:58,False,20393.85
TXN_00006220,CUST_0183,37.22,EUR,TRANSFER,GROCERY,2024-09-15 10:53:48,False,71169.42
TXN_00007654,CUST_0009,10241.3,GBP,PURCHASE,GROCERY,2024-09-15 11:35:37,False,77208.68
TXN_00009155,CUST_0094,1458.81,USD,TRANSFER,TRAVEL,2024-09-15 11:46:29,True,71342.61
TXN_00005062,CUST_0198,3264.18,GBP,WITHDRAWAL,TRAVEL,2024-09-15 11:56:41,False,73393.75
TXN_00005524,CUST_0060,1849.32,EUR,PURCHASE,UTILITIES,2024-09-15 11:58:51,False,34189.35
TXN_00001791,CUST_0040,86.51,EUR,PURCHASE,UTILITIES,2024-09-15 12:03:56,False,43740.1
TXN_00000829,CUST_0030,443.27,EUR,PURCHASE,HEALTHCARE,2024-09-15 12:13:59,False,45431.75
TXN_00007652,CUST_0159,-2106.63,USD,REFUND,DINING,2024-09-15 12:17:18,False,42545.14
TXN_00005046,CUST_0193,42.56,EUR,PURCHASE,UTILITIES,2024-09-15 12:40:39,False,32627.35
TXN_00002803,CUST_0133,5612.41,USD,PURCHASE,UTILITIES,2024-09-15 12:43:50,False,15448.61
TXN_00008018,CUST_0169,150.61,EUR,PURCHASE,DINING,2024-09-15 12:48:35,False,11263.14
TXN_00004345,CUST_0045,5020.17,EUR,TRANSFER,DINING,2024-09-15 13:27:37,False,81668.04
TXN_00000225,CUST_0117,44.38,EUR,PURCHASE,HEALTHCARE,2024-09-15 13:32:05,False,42447.89
TXN_00009137,CUST_0124,64.53,USD,PURCHASE,UTILITIES,2024-09-15 13:46:34,False,15961.12
TXN_00005659,CUST_0063,3284.27,EUR,TRANSFER,DINING,2024-09-15 13:49:25,False,84604.24
TXN_00006401,CUST_0076,946.91,USD,WITHDRAWAL,HEALTHCARE,2024-09-15 14:06:35,False,68851.26
TXN_00004147,CUST_0087,368.31,EUR,WITHDRAWAL,TRAVEL,2024-09-15 14:50:31,False,61801.67
TXN_00001841,CUST_0032,-219.0,EUR,REFUND,HEALTHCARE,2024-09-15 14:51:46,False,63397.34
TXN_00000354,CUST_0028,121.99,USD,PURCHASE,GROCERY,2024-09-15 14:53:46,False,4803.12
TXN_00008016,CUST_0174,97.98,USD,PURCHASE,TRAVEL,2024-09-15 15:15:10,False,15514.49
TXN_00007177,CUST_0156,225.73,USD,PURCHASE,UTILITIES,2024-09-15 16:26:45,False,73645.47
TXN_00007227,CUST_0118,590.34,EUR,PURCHASE,ELECTRONICS,2024-09-15 16:37:19,False,93617.64
TXN_00008788,CUST_0063,752.31,EUR,WITHDRAWAL,DINING,2024-09-15 17:19:34,False,59153.83
TXN_00008479,CUST_0121,100.54,EUR,TRANSFER,DINING,2024-09-15 19:28:56,False,77347.9
TXN_00001803,CUST_0133,45.47,EUR,WITHDRAWAL,DINING,2024-09-15 19:55:04,False,5771.26
TXN_00000169,CUST_0075,1176.9,USD,WITHDRAWAL,ELECTRONICS,2024-09-15 20:52:22,False,29984.93
TXN_00002668,CUST_0014,65.57,EUR,PURCHASE,UTILITIES,2024-09-15 21:42:25,False,7176.73
TXN_00001033,CUST_0160,45.89,GBP,PURCHASE,GROCERY,2024-09-16 05:21:06,False,67179.02
TXN_00008661,CUST_0057,123.79,EUR,TRANSFER,GROCERY,2024-09-16 08:26:04,False,57005.55
TXN_00002475,CUST_0190,84.54,EUR,PURCHASE,DINING,2024-09-16 08:38:53,False,10431.4
TXN_00008184,CUST_0021,116.33,EUR,WITHDRAWAL,DINING,2024-09-16 08:41:25,False,84496.16
TXN_00001714,CUST_0074,120.4,EUR,PURCHASE,TRAVEL,2024-09-16 08:49:14,False,10304.95
TXN_00003924,CUST_0171,799.66,EUR,TRANSFER,HEALTHCARE,2024-09-16 10:32:19,False,13657.97
TXN_00000828,CUST_0118,207.08,GBP,PURCHASE,TRAVEL,2024-09-16 10:34:07,False,55797.7
TXN_00003604,CUST_0143,144.7,EUR,WITHDRAWAL,HEALTHCARE,2024-09-16 10:39:52,False,48768.26
TXN_00007087,CUST_0193,39.51,EUR,TRANSFER,GROCERY,2024-09-16 10:49:02,False,70649.1
TXN_00000622,CUST_0057,1247.29,EUR,WITHDRAWAL,TRAVEL,2024-09-16 11:16:54,False,76692.77
TXN_00007840,CUST_0164,167.78,EUR,PURCHASE,TRAVEL,2024-09-16 11:29:39,False,86343.27
TXN_00002934,CUST_0189,33.11,GBP,PURCHASE,TRAVEL,2024-09-16 11:33:26,False,17611.99
TXN_00006116,CUST_0166,97.24,EUR,TRANSFER,GROCERY,2024-09-16 12:23:48,False,93967.81
TXN_00004285,CUST_0097,144.82,EUR,PURCHASE,UTILITIES,2024-09-16 12:35:12,False,66454.01
TXN_00009647,CUST_0117,1427.15,GBP,TRANSFER,HEALTHCARE,2024-09-16 13:21:12,False,34311.72
TXN_00007987,CUST_0025,33.12,EUR,PURCHASE,ELECTRONICS,2024-09-16 13:41:00,False,86809.61
TXN_00006856,CUST_0047,43.36,EUR,TRANSFER,DINING,2024-09-16 13:45:21,False,13272.67
TXN_00008713,CUST_0187,101.34,EUR,WITHDRAWAL,UTILITIES,2024-09-16 13:49:23,False,63322.38
TXN_00003754,CUST_0057,2055.76,EUR,PURCHASE,TRAVEL,2024-09-16 15:07:59,False,17325.86
TXN_00007179,CUST_0125,1103.13,EUR,PURCHASE,UTILITIES,2024-09-16 15:16:37,False,6829.37
TXN_00000172,CUST_0192,230.46,EUR,WITHDRAWAL,GROCERY,2024-09-16 15:31:33,False,95556.46
TXN_00002523,CUST_0124,1067.75,EUR,PURCHASE,ELECTRONICS,2024-09-16 15:52:12,False,73918.63
TXN_00002825,CUST_0110,590.54,EUR,PURCHASE,HEALTHCARE,2024-09-16 16:04:04,False,64029.5
TXN_00003898,CUST_0000,173.58,GBP,TRANSFER,HEALTHCARE,2024-09-16 16:26:28,False,5503.12
TXN_00003352,CUST_0091,1537.25,EUR,PURCHASE,GROCERY,2024-09-16 17:45:55,False,43677.14
TXN_00001369,CUST_0099,223.56,EUR,PURCHASE,GROCERY,2024-09-16 17:50:53,False,12898.81
TXN_00007562,CUST_0023,14.88,USD,WITHDRAWAL,TRAVEL,2024-09-16 19:52:58,False,58448.43
TXN_00005594,CUST_0105,70.66,EUR,PURCHASE,ELECTRONICS,2024-09-16 22:14:15,False,20732.53
TXN_00009033,CUST_0101,176.19,GBP,PURCHASE,ELECTRONICS,2024-09-17 07:18:09,False,75652.49
TXN_00006245,CUST_0132,772.72,EUR,TRANSFER,DINING,2024-09-17 08:01:45,False,91713.42
TXN_00004364,CUST_0041,409.39,EUR,PURCHASE,UTILITIES,2024-09-17 08:47:15,False,81833.01
TXN_00006485,CUST_0071,676.64,EUR,WITHDRAWAL,ELECTRONICS,2024-09-17 08:56:45,False,33652.47
TXN_00007430,CUST_0088,2274.69,EUR,PURCHASE,HEALTHCARE,2024-09-17 09:00:09,False,4516.53
TXN_00004772,CUST_0128,7.49,EUR,PURCHASE,HEALTHCARE,2024-09-17 09:43:21,False,7948.89
TXN_00009524,CUST_0065,1895.61,EUR,PURCHASE,HEALTHCARE,2024-09-17 10:07:50,False,28072.17
TXN_00009020,CUST_0111,265.55,EUR,PURCHASE,ELECTRONICS,2024-09-17 10:09:09,False,72529.26
TXN_00003588,CUST_0118,3654.74,EUR,PURCHASE,UTILITIES,2024-09-17 10:14:18,False,68441.95
TXN_00003220,CUST_0160,111.82,EUR,PURCHASE,GROCERY,2024-09-17 10:59:23,False,17342.41
TXN_00008450,CUST_0156,115.02,GBP,TRANSFER,UTILITIES,2024-09-17 11:42:32,False,22541.15
TXN_00008578,CUST_0125,135.79,USD,PURCHASE,DINING,2024-09-17 11:59:26,False,82194.56
TXN_00008281,CUST_0022,37.84,EUR,PURCHASE,ELECTRONICS,2024-09-17 12:27:45,False,79323.7
TXN_00008377,CUST_0036,103.86,USD,PURCHASE,UTILITIES,2024-09-17 12:40:53,False,43041.78
TXN_00004511,CUST_0094,1157.99,EUR,PURCHASE,ELECTRONICS,2024-09-17 13:30:36,False,73027.66
TXN_00006200,CUST_0052,160.77,EUR,PURCHASE,TRAVEL,2024-09-17 13:57:21,False,89665.3
TXN_00005307,CUST_0157,4504.53,GBP,PURCHASE,TRAVEL,2024-09-17 14:05:12,True,62078.57
TXN_00002897,CUST_0038,1482.31,EUR,WITHDRAWAL,TRAVEL,2024-09-17 14:08:45,False,69168.55
TXN_00009414,CUST_0002,102.82,USD,PURCHASE,GROCERY,2024-09-17 14:25:21,False,9665.04
TXN_00004764,CUST_0191,178.92,EUR,TRANSFER,TRAVEL,2024-09-17 14:35:47,False,43246.86
TXN_00008489,CUST_0183,246.79,EUR,PURCHASE,GROCERY,2024-09-17 14:38:28,False,18750.22
TXN_00009395,CUST_0114,1586.88,GBP,WITHDRAWAL,UTILITIES,2024-09-17 15:02:41,False,27430.92
TXN_00006440,CUST_0172,2430.77,EUR,PURCHASE,HEALTHCARE,2024-09-17 15:07:00,False,20678.17
TXN_00001048,CUST_0069,92.88,EUR,WITHDRAWAL,TRAVEL,2024-09-17 16:22:15,False,33721.32
TXN_00001353,CUST_0190,5.28,GBP,WITHDRAWAL,TRAVEL,2024-09-17 16:44:26,False,64091.94
TXN_00007315,CUST_0026,2274.75,USD,WITHDRAWAL,TRAVEL,2024-09-17 16:47:23,False,38922.22
TXN_00007712,CUST_0166,490.46,EUR,WITHDRAWAL,ELECTRONICS,2024-09-17 18:43:54,False,64298.36
TXN_00004785,CUST_0144,698.79,EUR,TRANSFER,ELECTRONICS,2024-09-18 02:23:56,False,79515.17
TXN_00004082,CUST_0013,2878.96,USD,PURCHASE,ELECTRONICS,2024-09-18 05:27:00,False,23840.07
TXN_00004920,CUST_0070,55.41,EUR,PURCHASE,UTILITIES,2024-09-18 05:42:57,False,83917.99
TXN_00007133,CUST_0053,888.92,EUR,WITHDRAWAL,UTILITIES,2024-09-18 06:00:19,False,7402.78
TXN_00006680,CUST_0161,246.54,EUR,PURCHASE,DINING,2024-09-18 07:53:41,False,79584.68
TXN_00005189,CUST_0122,770.18,EUR,WITHDRAWAL,DINING,2024-09-18 08:42:33,False,14594.26
TXN_00000436,CUST_0093,-1666.7,USD,REFUND,TRAVEL,2024-09-18 09:02:44,False,79077.22
TXN_00003877,CUST_0083,566.25,USD,TRANSFER,HEALTHCARE,2024-09-18 09:10:33,False,53675.35
TXN_00003990,CUST_0072,444.34,USD,PURCHASE,ELECTRONICS,2024-09-18 10:34:17,False,81294.33
TXN_00001294,CUST_0197,588.01,EUR,PURCHASE,UTILITIES,2024-09-18 10:46:47,True,17078.03
TXN_00002056,CUST_0121,749.61,USD,PURCHASE,TRAVEL,2024-09-18 11:28:58,False,88205.76
TXN_00003778,CUST_0143,294.84,USD,PURCHASE,ELECTRONICS,2024-09-18 11:32:03,False,54249.6
TXN_00005159,CUST_0180,624.34,EUR,WITHDRAWAL,ELECTRONICS,2024-09-18 12:18:21,False,53022.85
TXN_00000739,CUST_0026,59.14,USD,PURCHASE,DINING,2024-09-18 12:21:24,False,64681.31
TXN_00005953,CUST_0163,645.01,EUR,PURCHASE,HEALTHCARE,2024-09-18 12:30:40,True,40912.68
TXN_00004687,CUST_0041,42.96,USD,PURCHASE,UTILITIES,2024-09-18 12:59:08,False,67647.34
TXN_00003193,CUST_0073,1898.56,EUR,PURCHASE,HEALTHCARE,2024-09-18 13:01:20,False,97309.68
TXN_00000096,CUST_0121,29.49,EUR,TRANSFER,UTILITIES,2024-09-18 13:46:34,False,21378.61
TXN_00007744,CUST_0174,64.08,EUR,WITHDRAWAL,UTILITIES,2024-09-18 14:31:57,False,33128.47
TXN_00009028,CUST_0049,27.65,EUR,PURCHASE,DINING,2024-09-18 15:11:12,False,87534.05
TXN_00003264,CUST_0189,88.94,USD,PURCHASE,TRAVEL,2024-09-18 15:40:36,False,63623.08
TXN_00007352,CUST_0130,314.47,EUR,PURCHASE,GROCERY,2024-09-18 15:53:28,False,83624.03
TXN_00009501,CUST_0130,156.88,USD,PURCHASE,DINING,2024-09-18 18:01:04,False,24464.15
TXN_00004135,CUST_0188,8.25,EUR,TRANSFER,GROCERY,2024-09-18 19:29:25,False,23764.04
TXN_00000369,CUST_0107,71.77,USD,WITHDRAWAL,UTILITIES,2024-09-18 20:23:18,False,39639.16
TXN_00005908,CUST_0003,56.41,EUR,PURCHASE,DINING,2024-09-19 00:22:24,False,548.02
TXN_00006645,CUST_0085,404.39,EUR,WITHDRAWAL,GROCERY,2024-09-19 08:07:52,False,69408.89
TXN_00008956,CUST_0003,26288.04,EUR,PURCHASE,ELECTRONICS,2024-09-19 08:21:21,False,3907.48
TXN_00002658,CUST_0051,3234.36,EUR,PURCHASE,GROCERY,2024-09-19 10:57:22,False,97767.8
TXN_00003430,CUST_0139,59.35,USD,PURCHASE,UTILITIES,2024-09-19 11:37:15,False,18152.92
TXN_00003929,CUST_0031,20.25,USD,PURCHASE,ELECTRONICS,2024-09-19 12:25:10,False,5179.86
TXN_00003581,CUST_0010,985.69,USD,PURCHASE,HEALTHCARE,2024-09-19 13:13:05,False,35009.13
TXN_00008924,CUST_0069,254.31,EUR,TRANSFER,ELECTRONICS,2024-09-19 13:13:19,False,43618.01
TXN_00001298,CUST_0002,636.73,EUR,PURCHASE,UTILITIES,2024-09-19 13:39:59,False,17563.36
TXN_00004218,CUST_0133,5668.64,EUR,TRANSFER,TRAVEL,2024-09-19 15:00:12,False,86795.17
TXN_00004470,CUST_0084,150.55,USD,PURCHASE,HEALTHCARE,2024-09-19 15:10:43,False,24466.75
TXN_00002472,CUST_0002,19.58,USD,PURCHASE,TRAVEL,2024-09-19 17:07:14,False,13510.65
TXN_00006071,CUST_0196,96.23,EUR,PURCHASE,UTILITIES,2024-09-19 18:14:56,False,24303.43
TXN_00004878,CUST_0149,234.99,EUR,PURCHASE,UTILITIES,2024-09-19 18:53:44,False,26641.72
TXN_00006211,CUST_0020,2060.39,EUR,WITHDRAWAL,,2024-09-19 20:07:45,False,81364.55
TXN_00005674,CUST_0065,39.93,USD,TRANSFER,DINING,2024-09-20 07:00:14,False,61247.58
TXN_00003098,CUST_0013,171.47,EUR,TRANSFER,UTILITIES,2024-09-20 09:38:18,False,85445.12
TXN_00000121,CUST_0149,2642.34,USD,TRANSFER,UTILITIES,2024-09-20 10:28:25,False,63225.19
TXN_00004609,CUST_0057,378.44,EUR,WITHDRAWAL,TRAVEL,2024-09-20 11:11:53,False,50499.34
TXN_00006865,CUST_0068,476.95,EUR,PURCHASE,ELECTRONICS,2024-09-20 11:48:12,False,73562.32
TXN_00006962,CUST_0129,61.44,EUR,PURCHASE,GROCERY,2024-09-20 12:13:36,False,2436.83
TXN_00002549,CUST_0103,31.57,EUR,TRANSFER,ELECTRONICS,2024-09-20 12:21:03,False,60025.11
TXN_00007717,CUST_0129,93.05,EUR,TRANSFER,HEALTHCARE,2024-09-20 12:27:51,False,41950.88
TXN_00006798,CUST_0008,86.21,EUR,TRANSFER,TRAVEL,2024-09-20 12:38:22,False,51093.93
TXN_00003338,CUST_0062,3469.47,EUR,PURCHASE,DINING,2024-09-20 12:42:41,False,26883.49
TXN_00005608,CUST_0033,15.02,EUR,TRANSFER,DINING,2024-09-20 13:33:32,False,81139.36
TXN_00008710,CUST_0028,1120.96,USD,TRANSFER,UTILITIES,2024-09-20 13:40:04,False,42781.66
TXN_00000849,CUST_0044,201.86,EUR,PURCHASE,DINING,2024-09-20 13:40:05,False,76055.08
TXN_00007064,CUST_0172,40.25,EUR,WITHDRAWAL,TRAVEL,2024-09-20 13:58:09,False,36515.15
TXN_00000287,CUST_0076,1134.47,EUR,TRANSFER,GROCERY,2024-09-20 14:33:34,False,57555.69
TXN_00001110,CUST_0177,342.3,EUR,WITHDRAWAL,ELECTRONICS,2024-09-20 14:37:47,False,30770.0
TXN_00000518,CUST_0015,178.49,EUR,TRANSFER,DINING,2024-09-20 14:53:43,False,29975.91
TXN_00005317,CUST_0052,251.53,GBP,WITHDRAWAL,ELECTRONICS,2024-09-20 15:09:46,False,97728.7
TXN_00001920,CUST_0091,1104.55,EUR,TRANSFER,UTILITIES,2024-09-20 15:18:04,False,1173.82
TXN_00000012,CUST_0000,1329.32,EUR,PURCHASE,TRAVEL,2024-09-20 16:01:05,False,78781.19
TXN_00007878,CUST_0168,63.37,EUR,PURCHASE,ELECTRONICS,2024-09-20 16:13:32,False,65367.94
TXN_00008050,CUST_0189,108.67,EUR,PURCHASE,UTILITIES,2024-09-20 17:29:28,False,65818.26
TXN_00000723,CUST_0140,48.36,USD,PURCHASE,ELECTRONICS,2024-09-20 19:01:40,False,5542.01
TXN_00000448,CUST_0089,271.08,EUR,WITHDRAWAL,UTILITIES,2024-09-20 19:53:19,False,5509.14
TXN_00008680,CUST_0142,214.98,GBP,PURCHASE,TRAVEL,2024-09-21 04:01:02,False,52544.86
TXN_00005913,CUST_0048,62.85,EUR,PURCHASE,UTILITIES,2024-09-21 04:32:34,False,11932.72
TXN_00002997,CUST_0181,324.96,GBP,PURCHASE,ELECTRONICS,2024-09-21 06:33:16,False,76428.32
TXN_00008396,CUST_0137,79.4,EUR,WITHDRAWAL,GROCERY,2024-09-21 08:05:46,False,71527.24
TXN_00004160,CUST_0054,293.79,EUR,PURCHASE,HEALTHCARE,2024-09-21 08:08:21,False,59296.22
TXN_00003662,CUST_0169,56.69,EUR,PURCHASE,HEALTHCARE,2024-09-21 08:52:39,False,67572.97
TXN_00000748,CUST_0139,240.84,USD,PURCHASE,TRAVEL,2024-09-21 10:16:23,False,84092.14
TXN_00008278,CUST_0176,45.11,USD,PURCHASE,UTILITIES,2024-09-21 10:57:26,False,48072.46
TXN_00007571,CUST_0036,939.33,USD,TRANSFER,ELECTRONICS,2024-09-21 11:39:09,False,70190.64
TXN_00000693,CUST_0171,605.68,EUR,PURCHASE,GROCERY,2024-09-21 11:51:37,False,49421.49
TXN_00007894,CUST_0077,11.89,GBP,PURCHASE,GROCERY,2024-09-21 12:08:25,False,57175.53
TXN_00005116,CUST_0112,2421.23,EUR,PURCHASE,HEALTHCARE,2024-09-21 12:17:41,False,48369.28
TXN_00001614,CUST_0050,1350.9,EUR,WITHDRAWAL,GROCERY,2024-09-21 12:27:36,False,83073.81
TXN_00007536,CUST_0060,580.19,EUR,PURCHASE,HEALTHCARE,2024-09-21 12:50:15,False,88430.71
TXN_00003632,CUST_0029,5927.29,GBP,PURCHASE,DINING,2024-09-21 14:06:31,False,629.82
TXN_00006386,CUST_0144,244.56,USD,TRANSFER,ELECTRONICS,2024-09-21 15:02:09,False,23245.68
TXN_00004895,CUST_0054,1118.71,EUR,PURCHASE,ELECTRONICS,2024-09-21 15:13:12,False,38516.03
TXN_00004971,CUST_0129,51.85,EUR,WITHDRAWAL,TRAVEL,2024-09-21 16:20:12,False,67114.98
TXN_00000479,CUST_0091,11.55,USD,PURCHASE,GROCERY,2024-09-21 17:02:20,False,33029.78
TXN_00001847,CUST_0138,1067.61,EUR,PURCHASE,TRAVEL,2024-09-21 17:14:29,False,69258.35
TXN_00002498,CUST_0185,139.78,EUR,WITHDRAWAL,GROCERY,2024-09-21 17:43:56,False,90151.53
TXN_00003243,CUST_0149,29.53,EUR,PURCHASE,GROCERY,2024-09-21 18:29:19,False,53132.0
TXN_00009958,CUST_0168,172.02,EUR,PURCHASE,,2024-09-21 19:40:22,False,648.93
TXN_00004298,CUST_0016,336.71,EUR,PURCHASE,HEALTHCARE,2024-09-21 20:14:24,False,43326.51
TXN_00005398,CUST_0038,2743.03,EUR,PURCHASE,UTILITIES,2024-09-21 22:44:58,False,15234.21
TXN_00000551,CUST_0185,459.83,EUR,TRANSFER,TRAVEL,2024-09-22 06:24:01,False,51495.84
TXN_00000328,CUST_0035,1033.09,EUR,PURCHASE,UTILITIES,2024-09-22 07:06:13,False,82284.56
TXN_00004686,CUST_0197,267.92,EUR,PURCHASE,TRAVEL,2024-09-22 07:11:47,False,77656.71
TXN_00008635,CUST_0161,419.63,EUR,PURCHASE,TRAVEL,2024-09-22 08:28:10,False,2393.58
TXN_00009747,CUST_0054,65.03,EUR,PURCHASE,TRAVEL,2024-09-22 09:41:10,False,30910.03
TXN_00009086,CUST_0049,107.62,EUR,TRANSFER,DINING,2024-09-22 10:37:15,False,1719.15
TXN_00004659,CUST_0077,59.19,GBP,TRANSFER,HEALTHCARE,2024-09-22 11:08:18,False,79733.95
TXN_00005520,CUST_0028,184.7,EUR,WITHDRAWAL,DINING,2024-09-22 11:17:40,False,45084.07
TXN_00003133,CUST_0104,190.03,USD,PURCHASE,UTILITIES,2024-09-22 11:24:30,False,65785.43
TXN_00005230,CUST_0005,224.26,EUR,PURCHASE,UTILITIES,2024-09-22 12:03:41,False,95957.21
TXN_00003640,CUST_0096,142.34,EUR,PURCHASE,TRAVEL,2024-09-22 13:28:31,False,85726.1
TXN_00005778,CUST_0091,1382.01,USD,PURCHASE,TRAVEL,2024-09-22 13:34:17,False,88266.67
TXN_00005034,CUST_0067,-1365.37,EUR,REFUND,ELECTRONICS,2024-09-22 14:06:37,False,73130.83
TXN_00008375,CUST_0150,298.94,EUR,TRANSFER,TRAVEL,2024-09-22 14:16:59,False,24485.89
TXN_00006300,CUST_0020,676.09,GBP,TRANSFER,DINING,2024-09-22 14:36:38,False,55141.99
TXN_00001161,CUST_0031,916.64,USD,PURCHASE,GROCERY,2024-09-22 14:39:45,False,10665.74
TXN_00009372,CUST_0059,1616.17,EUR,WITHDRAWAL,HEALTHCARE,2024-09-22 14:57:19,False,42995.8
TXN_00008989,CUST_0079,567.12,USD,PURCHASE,GROCERY,2024-09-22 15:42:46,False,84682.69
TXN_00005081,CUST_0168,148.25,EUR,PURCHASE,ELECTRONICS,2024-09-22 15:57:37,False,65780.95
TXN_00007884,CUST_0149,410.39,EUR,WITHDRAWAL,UTILITIES,2024-09-22 16:06:34,False,33981.13
TXN_00002074,CUST_0003,1137.47,USD,PURCHASE,UTILITIES,2024-09-22 17:12:00,False,76378.74
TXN_00003641,CUST_0069,242.64,USD,PURCHASE,UTILITIES,2024-09-22 17:12:46,False,57139.11
TXN_00004424,CUST_0133,4111.64,EUR,WITHDRAWAL,TRAVEL,2024-09-22 17:14:45,False,22094.69
TXN_00008071,CUST_0118,74.67,EUR,PURCHASE,TRAVEL,2024-09-22 17:21:38,False,24766.68
TXN_00007846,CUST_0142,177.82,EUR,PURCHASE,UTILITIES,2024-09-22 17:24:01,False,15237.39
TXN_00000763,CUST_0169,245.46,EUR,PURCHASE,ELECTRONICS,2024-09-22 18:13:17,False,48564.97
TXN_00006188,CUST_0101,13.22,USD,TRANSFER,UTILITIES,2024-09-22 20:49:50,False,15239.84
TXN_00003142,CUST_0150,737.83,EUR,PURCHASE,UTILITIES,2024-09-22 22:19:23,False,95384.81
TXN_00007880,CUST_0073,28.79,EUR,PURCHASE,HEALTHCARE,2024-09-23 07:36:28,False,68683.72
TXN_00007192,CUST_0021,66.54,USD,PURCHASE,DINING,2024-09-23 08:40:19,False,69806.79
TXN_00000314,CUST_0039,868.45,GBP,PURCHASE,DINING,2024-09-23 09:48:58,False,3880.12
TXN_00008884,CUST_0039,1016.84,USD,WITHDRAWAL,GROCERY,2024-09-23 09:51:30,False,17794.43
TXN_00005772,CUST_0023,30.5,EUR,TRANSFER,DINING,2024-09-23 09:55:53,False,98203.24
TXN_00003454,CUST_0184,687.98,EUR,PURCHASE,DINING,2024-09-23 10:25:42,False,79378.76
TXN_00007760,CUST_0187,868.98,USD,PURCHASE,TRAVEL,2024-09-23 11:41:18,False,11819.26
TXN_00009042,CUST_0071,2347.9,EUR,TRANSFER,HEALTHCARE,2024-09-23 12:06:20,True,30789.27
TXN_00009986,CUST_0169,246.99,EUR,TRANSFER,UTILITIES,2024-09-23 13:05:41,False,99979.71
TXN_00002579,CUST_0054,454.29,EUR,WITHDRAWAL,UTILITIES,2024-09-23 13:43:56,False,66497.91
TXN_00002124,CUST_0063,-240.31,EUR,REFUND,GROCERY,2024-09-23 13:46:33,False,93743.07
TXN_00008315,CUST_0196,6160.41,USD,PURCHASE,TRAVEL,2024-09-23 13:50:56,False,17551.51
TXN_00004708,CUST_0038,645.72,USD,WITHDRAWAL,TRAVEL,2024-09-23 14:51:25,False,13984.01
TXN_00001281,CUST_0073,31.32,EUR,PURCHASE,UTILITIES,2024-09-23 15:12:58,False,88634.95
TXN_00000552,CUST_0142,556.5,USD,WITHDRAWAL,ELECTRONICS,2024-09-23 15:14:08,False,60173.73
TXN_00001381,CUST_0083,100.2,EUR,PURCHASE,GROCERY,2024-09-23 15:38:03,False,32500.92
TXN_00007314,CUST_0085,1344.67,EUR,TRANSFER,HEALTHCARE,2024-09-23 16:17:48,False,98727.05
TXN_00008260,CUST_0085,567.22,EUR,PURCHASE,HEALTHCARE,2024-09-23 17:42:01,False,77479.15
TXN_00009669,CUST_0076,153.27,EUR,TRANSFER,ELECTRONICS,2024-09-23 18:02:39,False,74942.51
TXN_00000478,CUST_0122,237.81,EUR,PURCHASE,DINING,2024-09-23 19:09:01,False,20468.68
TXN_00003012,CUST_0078,305.18,EUR,PURCHASE,UTILITIES,2024-09-24 04:00:26,False,22001.86
TXN_00004695,CUST_0195,24.37,EUR,WITHDRAWAL,ELECTRONICS,2024-09-24 05:06:00,False,15540.72
TXN_00004640,CUST_0015,87.67,EUR,PURCHASE,UTILITIES,2024-09-24 05:12:47,False,32914.51
TXN_00004755,CUST_0193,339.17,EUR,PURCHASE,DINING,2024-09-24 06:46:06,False,24778.56
TXN_00004752,CUST_0022,682.64,USD,PURCHASE,ELECTRONICS,2024-09-24 08:08:19,False,5477.13
TXN_00001147,CUST_0043,124.17,EUR,PURCHASE,ELECTRONICS,2024-09-24 09:48:16,False,58723.88
TXN_00001637,CUST_0078,110.52,EUR,TRANSFER,HEALTHCARE,2024-09-24 10:39:01,False,36855.97
TXN_00006857,CUST_0181,204.32,EUR,TRANSFER,ELECTRONICS,2024-09-24 12:29:29,False,29970.75
TXN_00003537,CUST_0035,206.59,EUR,PURCHASE,GROCERY,2024-09-24 12:31:27,False,24687.15
TXN_00007180,CUST_0127,2638.02,EUR,PURCHASE,ELECTRONICS,2024-09-24 12:42:26,False,6930.64
TXN_00005860,CUST_0186,200.87,USD,PURCHASE,UTILITIES,2024-09-24 12:46:31,False,90866.27
TXN_00000767,CUST_0027,32.61,EUR,PURCHASE,UTILITIES,2024-09-24 13:34:42,False,71582.06
TXN_00005842,CUST_0102,92.61,EUR,PURCHASE,UTILITIES,2024-09-24 13:55:18,False,56340.05
TXN_00006269,CUST_0091,1229.59,GBP,WITHDRAWAL,UTILITIES,2024-09-24 14:47:24,False,14540.28
TXN_00005429,CUST_0176,387.05,EUR,TRANSFER,HEALTHCARE,2024-09-24 14:58:12,False,88696.53
TXN_00007757,CUST_0092,146.55,GBP,PURCHASE,TRAVEL,2024-09-24 15:08:33,False,76265.17
TXN_00007611,CUST_0163,5.63,EUR,PURCHASE,GROCERY,2024-09-24 16:11:35,False,13008.36
TXN_00000599,CUST_0190,302.47,EUR,PURCHASE,DINING,2024-09-24 17:40:46,False,85744.13
TXN_00001652,CUST_0145,993.89,EUR,PURCHASE,HEALTHCARE,2024-09-24 17:56:03,False,93982.48
TXN_00008173,CUST_0193,71.66,EUR,WITHDRAWAL,HEALTHCARE,2024-09-24 18:55:02,False,25098.23
TXN_00003776,CUST_0175,689.54,EUR,PURCHASE,DINING,2024-09-24 20:09:32,False,88680.63
TXN_00002176,CUST_0159,585.0,USD,PURCHASE,HEALTHCARE,2024-09-24 20:10:35,False,35960.23
TXN_00007211,CUST_0114,1665.17,EUR,PURCHASE,ELECTRONICS,2024-09-24 20:34:38,False,27491.49
TXN_00009304,CUST_0059,819.14,USD,PURCHASE,UTILITIES,2024-09-25 07:15:57,False,71813.24
TXN_00002865,CUST_0067,134.75,GBP,PURCHASE,UTILITIES,2024-09-25 08:12:42,False,62649.96
TXN_00004593,CUST_0073,2334.69,EUR,PURCHASE,TRAVEL,2024-09-25 10:29:04,False,75986.91
TXN_00009833,CUST_0190,119.89,EUR,PURCHASE,UTILITIES,2024-09-25 10:31:54,False,58589.66
TXN_00004528,CUST_0121,98.26,EUR,PURCHASE,GROCERY,2024-09-25 10:41:37,True,3125.99
TXN_00007600,CUST_0177,241.31,USD,PURCHASE,GROCERY,2024-09-25 10:55:53,False,46522.58
TXN_00005299,CUST_0188,209.47,EUR,PURCHASE,ELECTRONICS,2024-09-25 11:28:57,False,6298.06
TXN_00009909,CUST_0132,91.95,EUR,PURCHASE,TRAVEL,2024-09-25 12:36:53,False,58404.53
TXN_00003550,CUST_0023,337.49,EUR,PURCHASE,HEALTHCARE,2024-09-25 12:50:16,False,45381.9
TXN_00002630,CUST_0116,553.55,USD,WITHDRAWAL,ELECTRONICS,2024-09-25 12:53:07,False,51692.6
TXN_00002978,CUST_0167,24.6,USD,PURCHASE,UTILITIES,2024-09-25 13:05:32,False,12676.4
TXN_00004352,CUST_0087,181.82,EUR,WITHDRAWAL,GROCERY,2024-09-25 14:09:05,False,61521.58
TXN_00002561,CUST_0068,277.01,USD,TRANSFER,UTILITIES,2024-09-25 14:46:22,False,80222.24
TXN_00003332,CUST_0061,95.11,EUR,PURCHASE,UTILITIES,2024-09-25 14:54:18,False,61996.75
TXN_00008292,CUST_0143,557.45,EUR,PURCHASE,TRAVEL,2024-09-25 15:59:41,False,31337.47
TXN_00006189,CUST_0025,3773.7,EUR,TRANSFER,UTILITIES,2024-09-25 16:11:28,False,72687.37
TXN_00007515,CUST_0081,66.15,EUR,PURCHASE,ELECTRONICS,2024-09-25 16:25:55,True,66318.66
TXN_00007779,CUST_0035,267.98,EUR,PURCHASE,GROCERY,2024-09-25 16:40:10,True,85107.13
TXN_00001212,CUST_0021,1595.99,USD,TRANSFER,ELECTRONICS,2024-09-25 16:45:18,False,47912.2
TXN_00002353,CUST_0076,124.52,EUR,PURCHASE,,2024-09-25 16:57:02,False,56858.26
TXN_00008533,CUST_0187,106.54,GBP,TRANSFER,DINING,2024-09-25 18:32:53,False,60589.32
TXN_00007304,CUST_0026,952.66,EUR,PURCHASE,HEALTHCARE,2024-09-25 21:15:48,False,72376.51
TXN_00002387,CUST_0072,533.18,EUR,PURCHASE,GROCERY,2024-09-26 04:57:24,False,56337.69
TXN_00004087,CUST_0163,56.99,EUR,WITHDRAWAL,TRAVEL,2024-09-26 05:33:47,False,55535.91
TXN_00009814,CUST_0028,44.09,EUR,PURCHASE,UTILITIES,2024-09-26 07:44:20,False,35958.16
TXN_00007205,CUST_0090,14023.03,EUR,TRANSFER,HEALTHCARE,2024-09-26 08:55:36,False,16059.37
TXN_00003858,CUST_0101,-26.66,EUR,REFUND,ELECTRONICS,2024-09-26 09:00:56,False,58800.95
TXN_00009644,CUST_0159,261.56,EUR,PURCHASE,GROCERY,2024-09-26 09:49:58,False,22937.07
TXN_00008418,CUST_0110,994.72,EUR,PURCHASE,GROCERY,2024-09-26 09:54:11,False,95800.92
TXN_00006656,CUST_0171,82.6,EUR,WITHDRAWAL,UTILITIES,2024-09-26 10:17:50,True,82684.36
TXN_00005017,CUST_0090,651.92,EUR,PURCHASE,HEALTHCARE,2024-09-26 10:21:42,False,89995.05
TXN_00005488,CUST_0129,69.36,USD,PURCHASE,GROCERY,2024-09-26 12:02:04,False,98798.87
TXN_00006848,CUST_0037,278.51,EUR,TRANSFER,TRAVEL,2024-09-26 12:16:18,False,83122.57
TXN_00000974,CUST_0097,300.68,EUR,PURCHASE,HEALTHCARE,2024-09-26 13:05:56,False,4350.63
TXN_00007037,CUST_0135,22.04,GBP,PURCHASE,HEALTHCARE,2024-09-26 13:10:33,False,8419.12
TXN_00006078,CUST_0111,146.01,EUR,WITHDRAWAL,UTILITIES,2024-09-26 13:15:30,False,76395.92
TXN_00003585,CUST_0016,85.4,EUR,PURCHASE,HEALTHCARE,2024-09-26 13:30:49,False,89070.45
TXN_00001175,CUST_0168,9.2,EUR,PURCHASE,UTILITIES,2024-09-26 13:30:53,False,74155.22
TXN_00003822,CUST_0179,244.86,EUR,TRANSFER,TRAVEL,2024-09-26 13:36:49,False,4067.24
TXN_00002267,CUST_0031,46.58,USD,TRANSFER,UTILITIES,2024-09-26 13:37:11,False,93776.81
TXN_00004957,CUST_0118,170.89,EUR,PURCHASE,GROCERY,2024-09-26 13:38:35,False,6783.26
TXN_00006714,CUST_0070,40.01,EUR,PURCHASE,UTILITIES,2024-09-26 14:39:01,False,27429.2
TXN_00009367,CUST_0135,49.52,USD,PURCHASE,TRAVEL,2024-09-26 14:41:34,False,41329.53
TXN_00002156,CUST_0195,462.5,GBP,PURCHASE,DINING,2024-09-26 14:45:15,False,51878.75
TXN_00007088,CUST_0171,334.09,EUR,WITHDRAWAL,DINING,2024-09-26 14:56:36,False,77447.42
TXN_00003659,CUST_0011,7.3,EUR,PURCHASE,GROCERY,2024-09-26 15:14:19,False,40969.78
TXN_00006889,CUST_0029,276.17,EUR,WITHDRAWAL,HEALTHCARE,2024-09-26 15:17:32,False,41682.7
TXN_00005216,CUST_0110,1169.36,EUR,PURCHASE,DINING,2024-09-26 15:26:45,False,15693.21
TXN_00001303,CUST_0142,345.06,EUR,PURCHASE,UTILITIES,2024-09-26 16:09:06,False,72817.78
TXN_00009987,CUST_0175,402.17,GBP,WITHDRAWAL,TRAVEL,2024-09-26 16:32:46,False,19579.88
TXN_00001528,CUST_0001,540.63,EUR,TRANSFER,GROCERY,2024-09-26 17:30:30,False,93113.43
TXN_00004013,CUST_0125,440.97,EUR,PURCHASE,GROCERY,2024-09-26 19:43:45,False,17745.8
TXN_00000971,CUST_0015,-346.54,USD,REFUND,TRAVEL,2024-09-27 04:35:31,False,32890.42
TXN_00003692,CUST_0143,502.66,GBP,WITHDRAWAL,UTILITIES,2024-09-27 07:11:09,False,20889.2
TXN_00004650,CUST_0198,103.46,EUR,WITHDRAWAL,ELECTRONICS,2024-09-27 07:16:21,False,67974.86
TXN_00004281,CUST_0192,525.05,EUR,PURCHASE,DINING,2024-09-27 07:37:22,False,28743.1
TXN_00007584,CUST_0016,9.0,USD,WITHDRAWAL,DINING,2024-09-27 08:47:46,False,46476.96
TXN_00007838,CUST_0081,58.8,EUR,PURCHASE,DINING,2024-09-27 08:49:10,False,74831.93
TXN_00002374,CUST_0002,26.12,EUR,PURCHASE,ELECTRONICS,2024-09-27 09:09:37,False,86779.17
TXN_00004235,CUST_0107,9.09,EUR,PURCHASE,GROCERY,2024-09-27 09:18:08,True,92809.37
TXN_00008301,CUST_0134,212.07,EUR,PURCHASE,ELECTRONICS,2024-09-27 09:26:33,False,18066.17
TXN_00001074,CUST_0156,171.82,GBP,TRANSFER,ELECTRONICS,2024-09-27 09:29:56,False,21449.43
TXN_00002310,CUST_0147,952.08,EUR,WITHDRAWAL,TRAVEL,2024-09-27 10:02:08,False,17087.52
TXN_00000966,CUST_0183,-2045.41,USD,REFUND,TRAVEL,2024-09-27 11:00:46,False,20619.13
TXN_00006661,CUST_0152,63.36,EUR,PURCHASE,UTILITIES,2024-09-27 11:11:45,False,78484.06
TXN_00009768,CUST_0026,2620.54,USD,WITHDRAWAL,HEALTHCARE,2024-09-27 11:36:29,False,48096.75
TXN_00009178,CUST_0180,87.36,GBP,TRANSFER,TRAVEL,2024-09-27 11:55:11,False,22564.56
TXN_00003656,CUST_0082,276.29,GBP,PURCHASE,UTILITIES,2024-09-27 12:37:01,True,30117.4
TXN_00004964,CUST_0175,218.93,EUR,TRANSFER,GROCERY,2024-09-27 13:21:26,False,70009.03
TXN_00001012,CUST_0059,526.11,EUR,PURCHASE,ELECTRONICS,2024-09-27 13:26:25,False,26616.52
TXN_00003409,CUST_0079,23.56,EUR,PURCHASE,UTILITIES,2024-09-27 13:31:10,False,23446.96
TXN_00003835,CUST_0048,97.55,USD,TRANSFER,ELECTRONICS,2024-09-27 13:48:04,False,37112.67
TXN_00001428,CUST_0091,2598.02,EUR,TRANSFER,UTILITIES,2024-09-27 14:28:14,False,68288.2
TXN_00008929,CUST_0077,45.7,EUR,TRANSFER,DINING,2024-09-27 14:29:24,False,18635.63
TXN_00007081,CUST_0156,4654.45,USD,TRANSFER,UTILITIES,2024-09-27 15:28:59,False,58006.85
TXN_00004912,CUST_0140,55.35,GBP,TRANSFER,,2024-09-27 15:32:16,False,98115.45
TXN_00000093,CUST_0062,89.14,EUR,WITHDRAWAL,DINING,2024-09-27 15:53:42,False,89849.14
TXN_00003827,CUST_0172,170.65,USD,PURCHASE,TRAVEL,2024-09-27 16:46:20,False,23299.02
TXN_00003634,CUST_0108,108.09,EUR,TRANSFER,TRAVEL,2024-09-27 16:58:18,False,48590.46
TXN_00004660,CUST_0016,1411.23,USD,WITHDRAWAL,GROCERY,2024-09-27 17:18:48,False,19895.69
TXN_00004181,CUST_0063,316.8,EUR,PURCHASE,TRAVEL,2024-09-27 17:59:43,False,744.77
TXN_00002014,CUST_0085,166.91,EUR,PURCHASE,GROCERY,2024-09-27 18:37:22,False,87856.79
TXN_00006134,CUST_0105,170.23,EUR,PURCHASE,UTILITIES,2024-09-27 20:03:44,False,63043.75
TXN_00008726,CUST_0181,60.22,EUR,PURCHASE,UTILITIES,2024-09-27 21:24:39,False,96992.94
TXN_00003337,CUST_0036,631.25,EUR,PURCHASE,UTILITIES,2024-09-27 21:30:13,False,51031.03
TXN_00004816,CUST_0027,-44.92,USD,REFUND,TRAVEL,2024-09-28 04:54:43,False,9197.72
TXN_00003750,CUST_0083,1347.17,EUR,PURCHASE,HEALTHCARE,2024-09-28 08:21:15,False,38989.6
TXN_00005666,CUST_0154,22.17,GBP,PURCHASE,TRAVEL,2024-09-28 08:22:35,False,44288.31
TXN_00008978,CUST_0040,-159.24,EUR,REFUND,HEALTHCARE,2024-09-28 08:48:00,False,36152.39
TXN_00007169,CUST_0156,-2986.29,EUR,REFUND,DINING,2024-09-28 10:26:03,False,99748.64
TXN_00002751,CUST_0146,82.7,EUR,PURCHASE,ELECTRONICS,2024-09-28 10:42:51,False,61876.49
TXN_00002972,CUST_0052,396.49,EUR,TRANSFER,TRAVEL,2024-09-28 10:51:57,False,60145.56
TXN_00002210,CUST_0152,56.58,GBP,TRANSFER,TRAVEL,2024-09-28 11:16:25,False,89914.76
TXN_00007569,CUST_0165,138.81,EUR,PURCHASE,HEALTHCARE,2024-09-28 11:42:30,False,86942.36
TXN_00001314,CUST_0172,218.13,EUR,PURCHASE,ELECTRONICS,2024-09-28 11:53:17,False,9496.15
TXN_00004704,CUST_0138,755.59,EUR,PURCHASE,UTILITIES,2024-09-28 12:15:07,False,71564.35
TXN_00000156,CUST_0113,534.29,EUR,TRANSFER,HEALTHCARE,2024-09-28 12:27:52,False,23001.63
TXN_00008740,CUST_0195,30.23,EUR,PURCHASE,UTILITIES,2024-09-28 12:28:53,False,96816.77
TXN_00009450,CUST_0149,231.61,EUR,PURCHASE,ELECTRONICS,2024-09-28 12:32:33,False,24792.11
TXN_00007336,CUST_0147,182.06,EUR,PURCHASE,GROCERY,2024-09-28 12:40:38,False,38180.82
TXN_00005070,CUST_0189,4.75,EUR,WITHDRAWAL,DINING,2024-09-28 12:43:37,False,22238.22
TXN_00002303,CUST_0129,628.34,EUR,PURCHASE,ELECTRONICS,2024-09-28 12:53:47,False,25107.96
TXN_00008535,CUST_0035,201.27,USD,WITHDRAWAL,TRAVEL,2024-09-28 13:54:17,False,42963.85
TXN_00007279,CUST_0056,44.09,EUR,PURCHASE,TRAVEL,2024-09-28 14:12:41,False,45865.67
TXN_00006970,CUST_0155,68.75,EUR,PURCHASE,DINING,2024-09-28 14:21:10,False,21413.49
TXN_00009965,CUST_0133,522.6,EUR,PURCHASE,ELECTRONICS,2024-09-28 15:47:33,False,58950.88
TXN_00001934,CUST_0027,339.98,EUR,WITHDRAWAL,DINING,2024-09-29 06:05:13,False,35723.2
TXN_00000962,CUST_0172,297.49,USD,PURCHASE,TRAVEL,2024-09-29 06:24:58,False,89814.11
TXN_00009645,CUST_0154,58.43,EUR,PURCHASE,HEALTHCARE,2024-09-29 07:59:55,False,84663.93
TXN_00004877,CUST_0166,610.89,GBP,PURCHASE,ELECTRONICS,2024-09-29 08:47:51,False,90957.4
TXN_00001255,CUST_0070,22.94,EUR,PURCHASE,UTILITIES,2024-09-29 08:56:13,False,89528.01
TXN_00004540,CUST_0113,10.77,USD,PURCHASE,GROCERY,2024-09-29 09:32:48,False,60317.77
TXN_00002121,CUST_0011,1410.59,EUR,PURCHASE,UTILITIES,2024-09-29 09:58:09,False,98401.17
TXN_00001576,CUST_0081,608.23,GBP,PURCHASE,TRAVEL,2024-09-29 10:14:33,False,32219.09
TXN_00001187,CUST_0115,906.56,EUR,TRANSFER,HEALTHCARE,2024-09-29 10:23:57,False,41816.77
TXN_00003030,CUST_0079,106.3,EUR,WITHDRAWAL,GROCERY,2024-09-29 11:00:44,True,12106.33
TXN_00008086,CUST_0021,3480.34,EUR,PURCHASE,DINING,2024-09-29 12:12:13,False,79007.52
TXN_00009000,CUST_0182,18.63,USD,PURCHASE,GROCERY,2024-09-29 12:24:20,False,53096.74
TXN_00006914,CUST_0009,417.91,USD,PURCHASE,HEALTHCARE,2024-09-29 12:26:41,False,41019.46
TXN_00009852,CUST_0148,838.31,EUR,TRANSFER,DINING,2024-09-29 12:50:41,False,53693.98
TXN_00009452,CUST_0179,5.76,EUR,PURCHASE,GROCERY,2024-09-29 12:58:31,False,61045.11
TXN_00000916,CUST_0115,-76.39,USD,REFUND,TRAVEL,2024-09-29 13:01:33,False,53528.88
TXN_00003309,CUST_0199,49.1,EUR,TRANSFER,UTILITIES,2024-09-29 13:16:13,False,24649.16
TXN_00008449,CUST_0032,217.6,EUR,TRANSFER,HEALTHCARE,2024-09-29 13:18:36,False,85758.88
TXN_00003515,CUST_0054,374.79,EUR,WITHDRAWAL,GROCERY,2024-09-29 13:21:21,False,67925.22
TXN_00006486,CUST_0130,323.24,EUR,PURCHASE,GROCERY,2024-09-29 13:34:20,False,82553.3
TXN_00000858,CUST_0056,95.1,EUR,WITHDRAWAL,DINING,2024-09-29 14:08:20,False,92268.11
TXN_00006917,CUST_0101,221.8,EUR,PURCHASE,ELECTRONICS,2024-09-29 15:06:11,False,88324.43
TXN_00008674,CUST_0135,320.47,USD,TRANSFER,DINING,2024-09-29 15:13:50,False,46355.97
TXN_00003282,CUST_0186,38.71,USD,PURCHASE,HEALTHCARE,2024-09-29 15:47:31,False,93084.76
TXN_00002806,CUST_0041,2754.3,EUR,WITHDRAWAL,TRAVEL,2024-09-29 16:16:20,False,36821.69
TXN_00008455,CUST_0102,235.06,USD,PURCHASE,TRAVEL,2024-09-29 16:20:20,False,63068.74
TXN_00001529,CUST_0123,91.91,GBP,PURCHASE,TRAVEL,2024-09-29 17:59:23,False,85016.48
TXN_00000085,CUST_0049,867.19,GBP,PURCHASE,TRAVEL,2024-09-29 18:39:32,False,92521.33
TXN_00002367,CUST_0131,175.67,USD,PURCHASE,DINING,2024-09-29 21:03:43,True,26176.22
TXN_00005732,CUST_0195,236.94,EUR,TRANSFER,UTILITIES,2024-09-30 03:47:17,False,96155.77
TXN_00008865,CUST_0072,1481.1,EUR,TRANSFER,UTILITIES,2024-09-30 04:35:52,False,95462.94
TXN_00003765,CUST_0119,319.37,EUR,PURCHASE,GROCERY,2024-09-30 07:21:18,False,960.68
TXN_00001610,CUST_0127,74.8,EUR,PURCHASE,GROCERY,2024-09-30 09:44:17,False,89977.79
TXN_00006966,CUST_0182,113.44,EUR,PURCHASE,HEALTHCARE,2024-09-30 09:52:45,False,63178.18
TXN_00006530,CUST_0134,1614.41,EUR,PURCHASE,TRAVEL,2024-09-30 09:52:52,False,42045.42
TXN_00004401,CUST_0028,103.0,EUR,PURCHASE,DINING,2024-09-30 09:55:10,False,58852.12
TXN_00001814,CUST_0121,43.35,EUR,PURCHASE,GROCERY,2024-09-30 10:29:50,False,23786.53
TXN_00005421,CUST_0081,45.37,USD,PURCHASE,ELECTRONICS,2024-09-30 10:30:10,False,28192.36
TXN_00008653,CUST_0173,94.69,GBP,TRANSFER,DINING,2024-09-30 10:57:20,False,78095.4
TXN_00002676,CUST_0151,179.62,EUR,PURCHASE,TRAVEL,2024-09-30 10:58:25,False,21408.29
TXN_00003966,CUST_0041,1624.87,EUR,WITHDRAWAL,DINING,2024-09-30 11:08:22,False,9511.36
TXN_00003939,CUST_0076,661.77,EUR,PURCHASE,ELECTRONICS,2024-09-30 11:34:24,False,65427.03
TXN_00003888,CUST_0110,521.47,EUR,TRANSFER,UTILITIES,2024-09-30 11:47:18,False,58704.44
TXN_00005557,CUST_0116,33.59,USD,TRANSFER,ELECTRONICS,2024-09-30 11:49:24,False,21613.59
TXN_00002502,CUST_0025,1324.3,GBP,PURCHASE,TRAVEL,2024-09-30 11:57:24,False,69465.29
TXN_00005482,CUST_0000,565.78,EUR,PURCHASE,GROCERY,2024-09-30 12:10:42,False,20142.79
TXN_00009949,CUST_0084,466.25,EUR,TRANSFER,ELECTRONICS,2024-09-30 12:16:57,False,13920.07
TXN_00005792,CUST_0180,282.74,EUR,PURCHASE,TRAVEL,2024-09-30 13:09:36,False,11062.31
TXN_00005076,CUST_0118,93.22,EUR,WITHDRAWAL,GROCERY,2024-09-30 15:27:39,False,11368.03
TXN_00003274,CUST_0106,530.19,EUR,PURCHASE,UTILITIES,2024-09-30 15:51:15,False,82131.3
TXN_00006283,CUST_0002,953.52,USD,PURCHASE,GROCERY,2024-09-30 15:54:32,False,16440.37
TXN_00000009,CUST_0010,268.86,EUR,PURCHASE,ELECTRONICS,2024-09-30 16:03:24,False,96999.71
TXN_00003978,CUST_0101,48.07,EUR,PURCHASE,TRAVEL,2024-09-30 16:51:08,False,94710.75
TXN_00005144,CUST_0028,72.77,GBP,TRANSFER,HEALTHCARE,2024-09-30 17:30:29,False,2926.35
TXN_00004594,CUST_0116,61.45,EUR,TRANSFER,TRAVEL,2024-09-30 17:48:15,False,71810.35
TXN_00006621,CUST_0116,390.38,USD,PURCHASE,GROCERY,2024-09-30 19:10:38,False,45048.72
TXN_00000204,CUST_0021,1648.17,GBP,PURCHASE,GROCERY,2024-09-30 19:14:24,False,21744.51
TXN_00004565,CUST_0089,15.14,GBP,TRANSFER,UTILITIES,2024-10-01 05:42:04,False,55627.67
TXN_00003029,CUST_0009,93.4,GBP,PURCHASE,,2024-10-01 06:13:39,False,85365.59
TXN_00007733,CUST_0014,192.05,USD,PURCHASE,GROCERY,2024-10-01 07:43:15,False,3818.04
TXN_00000838,CUST_0105,211.47,EUR,PURCHASE,ELECTRONICS,2024-10-01 09:16:54,False,96590.48
TXN_00004849,CUST_0082,2710.8,EUR,PURCHASE,DINING,2024-10-01 09:46:39,False,39301.02
TXN_00004341,CUST_0115,3580.95,EUR,PURCHASE,DINING,2024-10-01 09:54:12,False,33315.99
TXN_00001306,CUST_0101,123.51,GBP,PURCHASE,UTILITIES,2024-10-01 10:36:26,False,68614.97
TXN_00004946,CUST_0029,1735.63,USD,PURCHASE,GROCERY,2024-10-01 11:16:41,False,86115.96
TXN_00009734,CUST_0072,158.23,USD,PURCHASE,HEALTHCARE,2024-10-01 11:20:05,True,27923.15
TXN_00003467,CUST_0087,85.16,EUR,PURCHASE,GROCERY,2024-10-01 12:26:47,False,79696.02
TXN_00002159,CUST_0037,131.22,USD,PURCHASE,DINING,2024-10-01 12:32:01,False,25125.02
TXN_00003932,CUST_0104,52.42,GBP,TRANSFER,TRAVEL,2024-10-01 12:36:55,False,66310.25
TXN_00002497,CUST_0003,250.51,GBP,PURCHASE,UTILITIES,2024-10-01 13:20:21,False,41869.93
TXN_00001350,CUST_0194,300.94,EUR,WITHDRAWAL,TRAVEL,2024-10-01 15:12:12,False,59212.08
TXN_00006567,CUST_0135,73.14,USD,PURCHASE,ELECTRONICS,2024-10-01 15:13:02,False,80740.48
TXN_00005101,CUST_0074,552.84,GBP,PURCHASE,HEALTHCARE,2024-10-01 15:59:21,False,8969.01
TXN_00006574,CUST_0199,6083.13,EUR,TRANSFER,ELECTRONICS,2024-10-01 16:18:15,False,25339.45
TXN_00002485,CUST_0031,675.56,EUR,PURCHASE,ELECTRONICS,2024-10-01 16:45:19,False,51035.26
TXN_00003223,CUST_0129,374.96,EUR,WITHDRAWAL,HEALTHCARE,2024-10-01 19:17:15,False,70535.8
TXN_00003206,CUST_0065,655.88,EUR,PURCHASE,ELECTRONICS,2024-10-02 03:46:02,False,96757.13
TXN_00003026,CUST_0152,1860.43,EUR,PURCHASE,DINING,2024-10-02 07:10:41,False,93660.03
TXN_00001500,CUST_0078,1176.6,USD,PURCHASE,UTILITIES,2024-10-02 09:01:24,False,69296.68
TXN_00009813,CUST_0064,1139.1,EUR,PURCHASE,TRAVEL,2024-10-02 09:19:07,False,35721.41
TXN_00007030,CUST_0122,2731.8,EUR,PURCHASE,DINING,2024-10-02 09:40:22,False,68854.54
TXN_00007184,CUST_0005,52.87,EUR,PURCHASE,GROCERY,2024-10-02 10:11:17,False,64529.07
TXN_00007293,CUST_0064,-414.91,EUR,REFUND,HEALTHCARE,2024-10-02 10:44:49,False,95668.39
TXN_00003706,CUST_0047,1149.9,USD,TRANSFER,DINING,2024-10-02 10:48:16,False,55479.3
TXN_00003957,CUST_0141,55.73,USD,TRANSFER,ELECTRONICS,2024-10-02 11:26:07,False,88210.39
TXN_00001121,CUST_0120,619.65,EUR,PURCHASE,UTILITIES,2024-10-02 11:47:18,False,84955.79
TXN_00006544,CUST_0133,1555.37,USD,PURCHASE,DINING,2024-10-02 11:56:51,False,92333.93
TXN_00003054,CUST_0077,486.83,EUR,PURCHASE,GROCERY,2024-10-02 12:20:43,False,8087.68
TXN_00005950,CUST_0078,2978.44,EUR,PURCHASE,ELECTRONICS,2024-10-02 13:00:18,False,28726.79
TXN_00001985,CUST_0193,233.86,USD,TRANSFER,DINING,2024-10-02 13:29:18,False,85423.48
TXN_00008864,CUST_0067,674.48,GBP,TRANSFER,ELECTRONICS,2024-10-02 13:48:03,False,84145.09
TXN_00002075,CUST_0188,3650.78,USD,PURCHASE,ELECTRONICS,2024-10-02 17:56:46,False,78969.19
TXN_00009168,CUST_0108,16.08,GBP,WITHDRAWAL,DINING,2024-10-03 05:39:10,False,52971.03
TXN_00004077,CUST_0013,873.58,EUR,WITHDRAWAL,UTILITIES,2024-10-03 09:04:34,False,21549.01
TXN_00000582,CUST_0076,1925.69,EUR,TRANSFER,GROCERY,2024-10-03 09:35:10,False,56280.61
TXN_00000698,CUST_0026,28.96,GBP,PURCHASE,UTILITIES,2024-10-03 10:33:40,False,52117.52
TXN_00000068,CUST_0091,1232.0,EUR,PURCHASE,UTILITIES,2024-10-03 11:07:06,False,2184.78
TXN_00004847,CUST_0038,13.65,EUR,PURCHASE,TRAVEL,2024-10-03 11:09:41,False,45940.45
TXN_00009488,CUST_0013,663.51,EUR,TRANSFER,TRAVEL,2024-10-03 11:12:38,False,60707.05
TXN_00004662,CUST_0112,637.05,EUR,TRANSFER,UTILITIES,2024-10-03 11:16:01,False,10088.63
TXN_00002456,CUST_0115,149.13,EUR,PURCHASE,ELECTRONICS,2024-10-03 11:25:40,False,85140.4
TXN_00003498,CUST_0083,79.05,EUR,PURCHASE,HEALTHCARE,2024-10-03 11:27:45,False,39297.55
TXN_00003658,CUST_0031,4424.4,USD,PURCHASE,ELECTRONICS,2024-10-03 12:25:33,False,54493.88
TXN_00000575,CUST_0031,145.78,EUR,PURCHASE,DINING,2024-10-03 12:27:10,False,71625.91
TXN_00005472,CUST_0100,673.07,EUR,PURCHASE,UTILITIES,2024-10-03 13:09:56,False,54365.32
TXN_00001747,CUST_0034,-123.06,USD,REFUND,ELECTRONICS,2024-10-03 13:17:46,False,97219.83
TXN_00000191,CUST_0184,161.76,EUR,PURCHASE,DINING,2024-10-03 14:04:17,False,94667.71
TXN_00009063,CUST_0024,155.77,EUR,PURCHASE,HEALTHCARE,2024-10-03 14:11:41,False,58971.01
TXN_00001790,CUST_0153,7.64,EUR,PURCHASE,ELECTRONICS,2024-10-03 14:58:34,False,52445.94
TXN_00003075,CUST_0178,359.16,EUR,WITHDRAWAL,DINING,2024-10-03 15:15:14,False,80366.8
TXN_00000749,CUST_0198,118.75,EUR,WITHDRAWAL,ELECTRONICS,2024-10-03 16:50:58,False,42976.13
TXN_00002809,CUST_0096,995.82,EUR,PURCHASE,GROCERY,2024-10-03 17:17:34,False,37854.54
TXN_00007172,CUST_0180,53.8,EUR,WITHDRAWAL,DINING,2024-10-03 17:40:28,False,61609.76
TXN_00007091,CUST_0139,1524.39,EUR,WITHDRAWAL,TRAVEL,2024-10-03 18:38:24,False,92692.64
TXN_00002252,CUST_0055,337.68,USD,WITHDRAWAL,DINING,2024-10-03 19:33:25,False,55536.39
TXN_00005143,CUST_0067,-2064.85,EUR,REFUND,DINING,2024-10-04 04:07:55,False,45940.92
TXN_00005257,CUST_0124,181.23,EUR,WITHDRAWAL,ELECTRONICS,2024-10-04 06:09:51,False,99029.2
TXN_00006209,CUST_0146,28.86,USD,TRANSFER,TRAVEL,2024-10-04 06:10:45,False,89285.09
TXN_00001640,CUST_0111,119.91,EUR,PURCHASE,TRAVEL,2024-10-04 06:39:06,False,98840.52
TXN_00007079,CUST_0003,6400.26,USD,TRANSFER,HEALTHCARE,2024-10-04 08:13:17,False,77401.57
TXN_00003255,CUST_0141,12.56,EUR,PURCHASE,TRAVEL,2024-10-04 09:52:35,False,32352.83
TXN_00007920,CUST_0174,195.03,EUR,WITHDRAWAL,HEALTHCARE,2024-10-04 09:53:03,False,98618.24
TXN_00001570,CUST_0085,525.6,EUR,PURCHASE,UTILITIES,2024-10-04 09:56:43,False,31093.63
TXN_00005443,CUST_0096,1511.1,EUR,TRANSFER,GROCERY,2024-10-04 10:02:13,False,17589.13
TXN_00007313,CUST_0173,595.83,EUR,WITHDRAWAL,GROCERY,2024-10-04 11:00:56,False,93182.96
TXN_00000383,CUST_0106,827.02,USD,PURCHASE,ELECTRONICS,2024-10-04 11:03:19,False,88239.69
TXN_00003981,CUST_0007,32.63,EUR,PURCHASE,ELECTRONICS,2024-10-04 11:25:21,False,62908.44
TXN_00009018,CUST_0011,248.73,USD,TRANSFER,DINING,2024-10-04 11:34:10,False,91967.04
TXN_00003080,CUST_0042,-722.25,EUR,REFUND,TRAVEL,2024-10-04 11:36:37,False,20814.3
TXN_00009405,CUST_0041,98.88,EUR,TRANSFER,DINING,2024-10-04 11:45:54,False,26634.63
TXN_00006471,CUST_0150,93.33,EUR,PURCHASE,TRAVEL,2024-10-04 12:27:42,True,3989.13
TXN_00008766,CUST_0034,594.87,EUR,WITHDRAWAL,TRAVEL,2024-10-04 13:20:27,False,9248.18
TXN_00008716,CUST_0002,427.46,EUR,TRANSFER,ELECTRONICS,2024-10-04 13:42:05,False,26607.02
TXN_00001159,CUST_0142,140.69,EUR,WITHDRAWAL,UTILITIES,2024-10-04 14:01:30,False,17904.22
TXN_00003173,CUST_0107,254.27,EUR,WITHDRAWAL,DINING,2024-10-04 14:23:39,True,50501.41
TXN_00003589,CUST_0194,39.37,EUR,TRANSFER,UTILITIES,2024-10-04 14:33:55,False,87939.96
TXN_00008820,CUST_0028,565.88,GBP,TRANSFER,ELECTRONICS,2024-10-04 14:42:09,False,84100.16
TXN_00009859,CUST_0139,159.68,USD,PURCHASE,GROCERY,2024-10-04 15:02:29,False,26133.51
TXN_00004042,CUST_0062,1018.03,EUR,PURCHASE,GROCERY,2024-10-04 15:22:54,False,70759.21
TXN_00002259,CUST_0079,13.77,EUR,PURCHASE,ELECTRONICS,2024-10-04 15:24:18,False,87411.78
TXN_00000935,CUST_0198,320.49,EUR,TRANSFER,HEALTHCARE,2024-10-04 15:33:55,False,92884.04
TXN_00005370,CUST_0066,1617.98,EUR,TRANSFER,DINING,2024-10-04 16:11:23,False,21178.39
TXN_00006951,CUST_0016,409.28,GBP,PURCHASE,GROCERY,2024-10-04 16:20:27,False,44622.92
TXN_00009207,CUST_0047,62.47,EUR,PURCHASE,HEALTHCARE,2024-10-04 16:51:04,False,3070.91
TXN_00009771,CUST_0028,626.76,EUR,PURCHASE,DINING,2024-10-04 17:12:36,False,21746.73
TXN_00008188,CUST_0144,117.58,GBP,PURCHASE,GROCERY,2024-10-04 18:25:39,False,68946.52
TXN_00003496,CUST_0008,229.0,USD,TRANSFER,UTILITIES,2024-10-04 20:13:58,False,8784.86
TXN_00001436,CUST_0070,80.05,EUR,PURCHASE,GROCERY,2024-10-04 21:00:09,False,66781.9
TXN_00009333,CUST_0048,622.94,EUR,WITHDRAWAL,GROCERY,2024-10-04 23:36:03,False,98665.29
TXN_00004863,CUST_0186,2746.45,EUR,PURCHASE,ELECTRONICS,2024-10-05 05:29:42,False,42430.08
TXN_00009677,CUST_0052,70.99,EUR,PURCHASE,UTILITIES,2024-10-05 07:19:18,False,34147.1
TXN_00004527,CUST_0017,313.79,EUR,PURCHASE,DINING,2024-10-05 08:30:36,False,39091.8
TXN_00008829,CUST_0168,172.19,EUR,PURCHASE,ELECTRONICS,2024-10-05 09:31:12,False,5600.24
TXN_00006709,CUST_0173,425.97,EUR,PURCHASE,ELECTRONICS,2024-10-05 09:44:18,False,27927.79
TXN_00003060,CUST_0188,326.18,USD,WITHDRAWAL,HEALTHCARE,2024-10-05 09:46:29,False,55324.02
TXN_00004101,CUST_0134,7227.33,EUR,PURCHASE,GROCERY,2024-10-05 10:12:16,False,85162.77
TXN_00008316,CUST_0018,20.2,EUR,TRANSFER,HEALTHCARE,2024-10-05 10:28:53,False,20514.08
TXN_00001925,CUST_0052,118.07,EUR,PURCHASE,ELECTRONICS,2024-10-05 11:06:25,False,70167.79
TXN_00005808,CUST_0073,177.19,EUR,TRANSFER,DINING,2024-10-05 11:24:31,False,51344.22
TXN_00006620,CUST_0134,7.28,EUR,PURCHASE,TRAVEL,2024-10-05 11:30:13,False,83014.65
TXN_00006590,CUST_0170,4010.27,EUR,TRANSFER,UTILITIES,2024-10-05 11:33:13,False,35967.04
TXN_00008966,CUST_0156,1050.17,EUR,PURCHASE,DINING,2024-10-05 12:13:10,False,77346.44
TXN_00008975,CUST_0093,430.48,GBP,PURCHASE,ELECTRONICS,2024-10-05 13:35:59,False,18598.98
TXN_00004800,CUST_0077,127.58,GBP,PURCHASE,UTILITIES,2024-10-05 13:55:47,False,51223.79
TXN_00004372,CUST_0019,598.31,EUR,PURCHASE,DINING,2024-10-05 13:59:12,False,14403.87
TXN_00005417,CUST_0036,231.15,EUR,PURCHASE,HEALTHCARE,2024-10-05 14:20:07,False,81807.02
TXN_00000129,CUST_0148,477.58,EUR,PURCHASE,DINING,2024-10-05 14:24:34,False,81146.0
TXN_00004499,CUST_0006,238.16,USD,PURCHASE,DINING,2024-10-05 14:26:30,False,44508.32
TXN_00007837,CUST_0111,467.37,EUR,PURCHASE,ELECTRONICS,2024-10-05 14:37:40,False,83306.39
TXN_00007077,CUST_0116,13.94,EUR,PURCHASE,HEALTHCARE,2024-10-05 15:06:16,False,51399.46
TXN_00001984,CUST_0137,160.04,GBP,PURCHASE,HEALTHCARE,2024-10-05 15:13:28,False,23451.24
TXN_00003807,CUST_0042,576.38,EUR,PURCHASE,HEALTHCARE,2024-10-05 15:42:54,False,12527.09
TXN_00001440,CUST_0120,153.35,GBP,PURCHASE,ELECTRONICS,2024-10-05 16:17:58,False,48221.91
TXN_00003195,CUST_0078,110.24,EUR,PURCHASE,DINING,2024-10-05 16:32:07,False,846.2
TXN_00006454,CUST_0012,71.02,EUR,TRANSFER,TRAVEL,2024-10-05 17:07:47,False,30873.92
TXN_00008780,CUST_0033,1136.09,EUR,PURCHASE,UTILITIES,2024-10-05 17:10:24,False,43471.08
TXN_00000770,CUST_0000,33.5,EUR,TRANSFER,DINING,2024-10-05 17:35:34,False,83502.52
TXN_00004615,CUST_0107,880.7,EUR,WITHDRAWAL,UTILITIES,2024-10-05 18:13:10,False,19470.94
TXN_00008786,CUST_0029,308.09,EUR,TRANSFER,GROCERY,2024-10-05 18:23:42,False,41391.59
TXN_00002636,CUST_0017,786.82,EUR,TRANSFER,GROCERY,2024-10-05 18:44:01,False,15536.32
TXN_00006299,CUST_0053,326.51,EUR,TRANSFER,UTILITIES,2024-10-05 20:18:13,False,87939.4
TXN_00004619,CUST_0095,1020.25,EUR,PURCHASE,GROCERY,2024-10-05 22:45:48,False,7827.09
TXN_00007891,CUST_0129,301.8,EUR,TRANSFER,TRAVEL,2024-10-06 06:50:27,False,71703.11
TXN_00004442,CUST_0075,18.82,EUR,PURCHASE,UTILITIES,2024-10-06 07:27:35,False,45864.68
TXN_00007531,CUST_0188,3908.84,EUR,PURCHASE,UTILITIES,2024-10-06 08:19:09,False,27280.92
TXN_00007010,CUST_0114,356.85,EUR,WITHDRAWAL,TRAVEL,2024-10-06 08:54:29,False,43516.62
TXN_00002715,CUST_0164,720.72,USD,TRANSFER,ELECTRONICS,2024-10-06 09:01:12,False,57345.29
TXN_00003410,CUST_0188,3127.95,GBP,WITHDRAWAL,ELECTRONICS,2024-10-06 09:57:01,False,89760.03
TXN_00009559,CUST_0065,385.11,USD,PURCHASE,UTILITIES,2024-10-06 10:24:34,False,88832.12
TXN_00002365,CUST_0096,861.95,EUR,TRANSFER,DINING,2024-10-06 10:25:44,False,18990.44
TXN_00002383,CUST_0085,290.81,EUR,WITHDRAWAL,ELECTRONICS,2024-10-06 10:28:08,False,26852.47
TXN_00007704,CUST_0195,326.44,USD,PURCHASE,UTILITIES,2024-10-06 10:47:46,False,46532.0
TXN_00000945,CUST_0160,235.64,EUR,PURCHASE,HEALTHCARE,2024-10-06 11:26:39,False,27807.97
TXN_00008230,CUST_0102,1078.86,EUR,WITHDRAWAL,ELECTRONICS,2024-10-06 11:52:55,False,56577.9
TXN_00006916,CUST_0016,134.36,EUR,PURCHASE,ELECTRONICS,2024-10-06 12:34:28,False,98071.09
TXN_00002765,CUST_0136,220.49,EUR,PURCHASE,UTILITIES,2024-10-06 13:18:18,False,90356.31
TXN_00002032,CUST_0147,37.85,USD,TRANSFER,DINING,2024-10-06 13:41:34,False,90600.89
TXN_00000996,CUST_0122,345.44,EUR,PURCHASE,HEALTHCARE,2024-10-06 13:42:54,False,95828.64
TXN_00006292,CUST_0193,2565.5,EUR,TRANSFER,ELECTRONICS,2024-10-06 14:13:06,False,58326.63
TXN_00002957,CUST_0032,486.81,EUR,WITHDRAWAL,DINING,2024-10-06 14:33:06,False,34867.18
TXN_00005936,CUST_0018,1331.61,EUR,PURCHASE,TRAVEL,2024-10-06 14:54:09,False,55486.93
TXN_00000079,CUST_0128,85.06,EUR,TRANSFER,TRAVEL,2024-10-06 15:28:48,False,91049.11
TXN_00007443,CUST_0059,475.6,EUR,TRANSFER,ELECTRONICS,2024-10-06 15:39:42,False,22572.69
TXN_00009337,CUST_0059,3163.79,EUR,PURCHASE,HEALTHCARE,2024-10-06 15:45:14,False,94485.23
TXN_00003291,CUST_0096,536.81,USD,PURCHASE,UTILITIES,2024-10-06 15:51:12,False,78876.95
TXN_00000115,CUST_0115,280.01,USD,PURCHASE,UTILITIES,2024-10-06 16:15:54,False,84344.14
TXN_00002741,CUST_0102,38.94,EUR,TRANSFER,ELECTRONICS,2024-10-06 17:07:08,False,28699.75
TXN_00001341,CUST_0060,75.87,EUR,PURCHASE,TRAVEL,2024-10-06 18:20:09,False,98097.05
TXN_00008685,CUST_0143,1190.04,USD,TRANSFER,HEALTHCARE,2024-10-06 18:50:48,False,34736.02
TXN_00007098,CUST_0101,343.22,USD,PURCHASE,,2024-10-06 19:08:25,False,69528.06
TXN_00009607,CUST_0106,-7.16,USD,REFUND,GROCERY,2024-10-06 19:19:27,False,82747.92
TXN_00004376,CUST_0132,838.36,EUR,PURCHASE,GROCERY,2024-10-06 19:33:49,False,89715.23
TXN_00007268,CUST_0183,202.87,EUR,WITHDRAWAL,DINING,2024-10-06 19:50:44,False,72271.09
TXN_00007770,CUST_0040,1708.11,EUR,PURCHASE,ELECTRONICS,2024-10-07 03:58:46,False,66324.84
TXN_00003921,CUST_0087,1909.97,EUR,WITHDRAWAL,UTILITIES,2024-10-07 08:22:43,False,2186.93
TXN_00008491,CUST_0083,625.09,GBP,PURCHASE,HEALTHCARE,2024-10-07 08:40:09,False,65148.42
TXN_00005919,CUST_0150,239.74,USD,WITHDRAWAL,GROCERY,2024-10-07 09:28:39,True,11540.24
TXN_00003421,CUST_0136,314.03,EUR,PURCHASE,TRAVEL,2024-10-07 10:49:13,False,6297.57
TXN_00005826,CUST_0075,118.17,USD,PURCHASE,GROCERY,2024-10-07 11:01:27,False,25217.76
TXN_00008269,CUST_0021,132.52,EUR,WITHDRAWAL,DINING,2024-10-07 11:04:59,False,66361.48
TXN_00000691,CUST_0164,392.44,EUR,PURCHASE,GROCERY,2024-10-07 11:19:33,False,44585.14
TXN_00006501,CUST_0069,27.92,EUR,WITHDRAWAL,TRAVEL,2024-10-07 11:32:16,False,61107.28
TXN_00002320,CUST_0096,1069.02,USD,PURCHASE,TRAVEL,2024-10-07 11:49:24,False,44214.45
TXN_00003534,CUST_0131,212.32,EUR,PURCHASE,UTILITIES,2024-10-07 12:07:48,False,93343.86
TXN_00005805,CUST_0153,50.44,USD,PURCHASE,UTILITIES,2024-10-07 13:13:37,False,97133.53
TXN_00000301,CUST_0106,30.67,USD,PURCHASE,GROCERY,2024-10-07 13:38:08,False,6484.24
TXN_00003543,CUST_0115,2.14,USD,PURCHASE,DINING,2024-10-07 14:35:03,False,4040.98
TXN_00007146,CUST_0188,2594.23,EUR,PURCHASE,GROCERY,2024-10-07 15:03:37,False,79728.39
TXN_00003574,CUST_0142,-30.1,USD,REFUND,TRAVEL,2024-10-07 15:34:30,False,94812.48
TXN_00000082,CUST_0035,536.89,EUR,PURCHASE,DINING,2024-10-07 17:02:39,False,88226.36
TXN_00006465,CUST_0022,82.17,EUR,TRANSFER,GROCERY,2024-10-07 17:30:13,False,78379.4
TXN_00002066,CUST_0169,272.69,USD,WITHDRAWAL,ELECTRONICS,2024-10-07 17:45:23,False,21393.79
TXN_00002244,CUST_0044,183.32,USD,PURCHASE,TRAVEL,2024-10-07 18:11:09,False,64377.65
TXN_00009667,CUST_0086,128.3,EUR,PURCHASE,ELECTRONICS,2024-10-07 19:49:22,False,64159.37
TXN_00005764,CUST_0064,241.7,EUR,PURCHASE,UTILITIES,2024-10-07 20:18:56,False,51774.11
TXN_00002301,CUST_0032,52.53,USD,WITHDRAWAL,HEALTHCARE,2024-10-07 21:45:08,False,80888.21
TXN_00002837,CUST_0144,70.98,EUR,PURCHASE,ELECTRONICS,2024-10-08 04:52:30,False,50331.68
TXN_00003866,CUST_0079,23.04,GBP,PURCHASE,GROCERY,2024-10-08 06:06:21,False,76067.09
TXN_00000480,CUST_0141,-6.62,EUR,REFUND,GROCERY,2024-10-08 06:35:14,False,19918.57
TXN_00003184,CUST_0189,371.24,EUR,PURCHASE,GROCERY,2024-10-08 09:20:29,False,17236.47
TXN_00009548,CUST_0168,53.68,EUR,PURCHASE,HEALTHCARE,2024-10-08 09:24:57,False,3719.09
TXN_00007726,CUST_0140,184.42,EUR,PURCHASE,HEALTHCARE,2024-10-08 09:46:38,False,38272.16
TXN_00009144,CUST_0199,9.95,USD,PURCHASE,HEALTHCARE,2024-10-08 10:10:18,False,31756.54
TXN_00003400,CUST_0038,251.39,EUR,PURCHASE,UTILITIES,2024-10-08 10:20:00,False,22163.26
TXN_00005768,CUST_0046,19.54,USD,PURCHASE,UTILITIES,2024-10-08 10:48:32,False,33295.5
TXN_00001688,CUST_0180,75.36,EUR,PURCHASE,TRAVEL,2024-10-08 11:22:39,False,34200.79
TXN_00003429,CUST_0182,41.62,EUR,PURCHASE,HEALTHCARE,2024-10-08 11:39:37,False,94950.26
TXN_00000938,CUST_0142,246.86,EUR,PURCHASE,GROCERY,2024-10-08 12:06:46,False,28480.62
TXN_00004893,CUST_0183,72.92,USD,PURCHASE,ELECTRONICS,2024-10-08 12:14:25,False,40123.4
TXN_00002660,CUST_0198,261.29,GBP,PURCHASE,GROCERY,2024-10-08 12:40:21,True,20647.72
TXN_00002838,CUST_0052,133.26,GBP,TRANSFER,ELECTRONICS,2024-10-08 12:43:24,False,80572.05
TXN_00003276,CUST_0127,41.94,EUR,TRANSFER,ELECTRONICS,2024-10-08 12:50:11,False,73128.64
TXN_00009343,CUST_0028,401.47,USD,PURCHASE,,2024-10-08 12:59:12,False,39809.16
TXN_00009585,CUST_0176,108.07,GBP,PURCHASE,HEALTHCARE,2024-10-08 13:01:45,False,79785.29
TXN_00000313,CUST_0067,-62.72,GBP,REFUND,HEALTHCARE,2024-10-08 13:28:20,False,31184.83
TXN_00004980,CUST_0075,74.8,EUR,PURCHASE,DINING,2024-10-08 14:14:41,False,50957.3
TXN_00006177,CUST_0006,410.62,EUR,PURCHASE,,2024-10-08 14:46:29,False,41432.27
TXN_00001065,CUST_0192,899.38,EUR,WITHDRAWAL,TRAVEL,2024-10-08 14:48:02,False,69521.98
TXN_00006555,CUST_0028,1834.17,EUR,PURCHASE,GROCERY,2024-10-08 15:44:43,False,89219.43
TXN_00006541,CUST_0176,688.33,EUR,TRANSFER,TRAVEL,2024-10-08 16:05:58,False,9619.26
TXN_00003874,CUST_0086,1114.68,EUR,PURCHASE,ELECTRONICS,2024-10-08 16:19:09,False,59262.89
TXN_00009261,CUST_0013,1237.82,EUR,WITHDRAWAL,,2024-10-08 16:20:08,False,25924.23
TXN_00007998,CUST_0174,50.16,EUR,WITHDRAWAL,TRAVEL,2024-10-08 16:44:06,False,30682.19
TXN_00004419,CUST_0199,434.43,EUR,WITHDRAWAL,GROCERY,2024-10-08 16:45:35,True,65436.36
TXN_00007535,CUST_0171,1655.09,USD,PURCHASE,HEALTHCARE,2024-10-08 16:52:46,False,76292.16
TXN_00003079,CUST_0060,-437.16,USD,REFUND,GROCERY,2024-10-08 17:01:11,False,75285.74
TXN_00009375,CUST_0026,644.39,EUR,WITHDRAWAL,TRAVEL,2024-10-08 18:03:51,False,41058.98
TXN_00005551,CUST_0034,877.23,EUR,WITHDRAWAL,GROCERY,2024-10-08 18:06:59,False,42201.0
TXN_00005165,CUST_0081,93.82,EUR,PURCHASE,DINING,2024-10-08 19:09:33,False,51620.79
TXN_00003104,CUST_0004,2811.77,EUR,TRANSFER,TRAVEL,2024-10-08 20:26:17,False,36827.44
TXN_00000569,CUST_0142,-23.92,EUR,REFUND,TRAVEL,2024-10-08 21:03:33,False,9439.73
TXN_00003204,CUST_0049,257.02,EUR,WITHDRAWAL,ELECTRONICS,2024-10-09 04:22:12,False,57086.31
TXN_00001251,CUST_0040,216.88,EUR,WITHDRAWAL,ELECTRONICS,2024-10-09 07:12:48,False,95509.59
TXN_00000252,CUST_0193,119.27,EUR,PURCHASE,HEALTHCARE,2024-10-09 08:09:39,False,70661.0
TXN_00002329,CUST_0089,-934.96,EUR,REFUND,TRAVEL,2024-10-09 09:09:34,False,87935.17
TXN_00008423,CUST_0011,239.04,EUR,TRANSFER,GROCERY,2024-10-09 09:59:28,False,62597.2
TXN_00000983,CUST_0196,116.0,EUR,PURCHASE,DINING,2024-10-09 10:11:16,False,3825.58
TXN_00005183,CUST_0122,333.44,USD,PURCHASE,HEALTHCARE,2024-10-09 10:14:31,False,39054.81
TXN_00001997,CUST_0184,1076.83,EUR,TRANSFER,TRAVEL,2024-10-09 10:19:24,True,98699.3
TXN_00006334,CUST_0195,34.43,GBP,PURCHASE,GROCERY,2024-10-09 10:40:47,False,21656.5
TXN_00003386,CUST_0048,913.04,EUR,WITHDRAWAL,GROCERY,2024-10-09 10:59:44,False,76464.44
TXN_00002424,CUST_0146,94.67,EUR,WITHDRAWAL,GROCERY,2024-10-09 11:03:15,False,15038.64
TXN_00009992,CUST_0064,15.86,USD,PURCHASE,DINING,2024-10-09 11:03:28,False,33968.45
TXN_00006171,CUST_0191,-252.14,EUR,REFUND,HEALTHCARE,2024-10-09 11:07:32,False,29627.85
TXN_00008772,CUST_0019,481.77,EUR,PURCHASE,GROCERY,2024-10-09 11:56:33,False,83111.92
TXN_00009728,CUST_0100,99.58,GBP,PURCHASE,DINING,2024-10-09 11:59:24,False,14274.45
TXN_00006931,CUST_0027,45.79,USD,TRANSFER,UTILITIES,2024-10-09 12:12:01,False,93186.7
TXN_00006354,CUST_0155,68.8,USD,PURCHASE,,2024-10-09 12:32:49,False,17181.44
TXN_00008531,CUST_0089,178.99,EUR,PURCHASE,TRAVEL,2024-10-09 12:33:35,False,23034.03
TXN_00005684,CUST_0066,123.61,GBP,PURCHASE,TRAVEL,2024-10-09 12:39:29,False,62973.26
TXN_00001297,CUST_0169,62.59,EUR,TRANSFER,UTILITIES,2024-10-09 13:14:07,False,19342.85
TXN_00006954,CUST_0053,55.89,EUR,PURCHASE,DINING,2024-10-09 13:37:20,False,3222.1
TXN_00004223,CUST_0154,-254.56,EUR,REFUND,ELECTRONICS,2024-10-09 13:37:52,False,77612.97
TXN_00008239,CUST_0028,13.06,EUR,PURCHASE,HEALTHCARE,2024-10-09 14:52:02,False,35661.97
TXN_00005641,CUST_0055,392.47,GBP,PURCHASE,ELECTRONICS,2024-10-09 15:14:11,False,4549.9
TXN_00005635,CUST_0065,415.91,EUR,PURCHASE,DINING,2024-10-09 15:37:34,False,34007.23
TXN_00009040,CUST_0182,267.39,USD,PURCHASE,DINING,2024-10-09 16:51:00,False,19491.27
TXN_00004472,CUST_0124,94.42,EUR,WITHDRAWAL,HEALTHCARE,2024-10-09 16:59:58,False,89054.22
TXN_00000139,CUST_0169,185.35,EUR,PURCHASE,ELECTRONICS,2024-10-09 17:57:01,False,87774.64
TXN_00000040,CUST_0123,800.61,GBP,PURCHASE,TRAVEL,2024-10-09 18:40:02,False,19605.0
TXN_00000029,CUST_0182,1610.58,USD,PURCHASE,TRAVEL,2024-10-09 19:08:14,False,15523.57
TXN_00000366,CUST_0057,34.27,EUR,PURCHASE,HEALTHCARE,2024-10-10 00:28:50,False,69315.69
TXN_00005512,CUST_0023,199.66,USD,WITHDRAWAL,GROCERY,2024-10-10 04:18:41,False,14622.28
TXN_00002034,CUST_0146,520.87,EUR,TRANSFER,HEALTHCARE,2024-10-10 05:27:23,False,71377.2
TXN_00001006,CUST_0098,306.96,EUR,PURCHASE,DINING,2024-10-10 07:06:48,False,53352.54
TXN_00004551,CUST_0175,58.12,EUR,PURCHASE,ELECTRONICS,2024-10-10 08:03:09,False,84475.05
TXN_00002884,CUST_0142,-166.1,EUR,REFUND,DINING,2024-10-10 08:12:20,False,50438.46
TXN_00009968,CUST_0114,286.69,EUR,PURCHASE,UTILITIES,2024-10-10 09:37:45,False,36826.71
TXN_00007234,CUST_0181,287.06,EUR,PURCHASE,UTILITIES,2024-10-10 09:59:58,False,40650.4
TXN_00008334,CUST_0010,8.49,EUR,PURCHASE,DINING,2024-10-10 11:02:00,False,87175.0
TXN_00008268,CUST_0114,76.48,USD,WITHDRAWAL,HEALTHCARE,2024-10-10 11:17:36,False,57885.88
TXN_00001274,CUST_0059,-1364.43,EUR,REFUND,TRAVEL,2024-10-10 11:52:05,False,86832.18
TXN_00008814,CUST_0057,137.89,EUR,WITHDRAWAL,ELECTRONICS,2024-10-10 13:37:01,False,81005.93
TXN_00008592,CUST_0015,2201.91,GBP,PURCHASE,TRAVEL,2024-10-10 14:10:14,False,31770.31
TXN_00006221,CUST_0141,562.12,EUR,PURCHASE,TRAVEL,2024-10-10 14:37:27,False,38018.75
TXN_00000035,CUST_0033,709.27,EUR,PURCHASE,TRAVEL,2024-10-10 15:01:41,False,93873.58
TXN_00001515,CUST_0171,47.36,EUR,TRANSFER,HEALTHCARE,2024-10-10 15:02:10,False,12609.2
TXN_00005980,CUST_0013,166.55,EUR,PURCHASE,GROCERY,2024-10-10 15:11:34,False,57357.24
TXN_00000449,CUST_0119,77.97,EUR,TRANSFER,ELECTRONICS,2024-10-10 16:56:42,False,58244.94
TXN_00006086,CUST_0195,129.74,EUR,TRANSFER,TRAVEL,2024-10-10 18:32:46,False,94091.13
TXN_00007660,CUST_0183,32.35,EUR,PURCHASE,TRAVEL,2024-10-10 18:33:16,False,6819.31
TXN_00007238,CUST_0108,80.16,EUR,PURCHASE,GROCERY,2024-10-10 19:51:58,False,15861.54
TXN_00005485,CUST_0041,104.89,EUR,PURCHASE,DINING,2024-10-10 20:47:34,False,43169.74
TXN_00005000,CUST_0195,341.61,EUR,PURCHASE,ELECTRONICS,2024-10-11 02:08:54,False,34899.63
TXN_00001050,CUST_0105,624.82,GBP,PURCHASE,GROCERY,2024-10-11 03:31:45,False,86976.55
TXN_00000276,CUST_0128,380.12,EUR,PURCHASE,DINING,2024-10-11 07:15:39,False,43909.21
TXN_00000762,CUST_0166,1089.72,EUR,TRANSFER,GROCERY,2024-10-11 08:10:12,False,83935.45
TXN_00006588,CUST_0180,56.06,GBP,PURCHASE,ELECTRONICS,2024-10-11 08:45:32,True,76295.48
TXN_00006019,CUST_0075,335.94,EUR,TRANSFER,HEALTHCARE,2024-10-11 08:48:23,False,59483.2
TXN_00003219,CUST_0060,205.5,EUR,PURCHASE,UTILITIES,2024-10-11 09:09:49,False,22100.55
TXN_00005877,CUST_0097,78.45,EUR,TRANSFER,ELECTRONICS,2024-10-11 09:20:34,False,4493.13
TXN_00007374,CUST_0082,27.24,GBP,PURCHASE,GROCERY,2024-10-11 09:37:23,False,78336.28
TXN_00001560,CUST_0084,32.01,GBP,TRANSFER,TRAVEL,2024-10-11 09:58:46,False,49050.42
TXN_00007603,CUST_0085,9363.79,EUR,PURCHASE,GROCERY,2024-10-11 10:19:27,False,13315.39
TXN_00008900,CUST_0149,700.81,EUR,PURCHASE,GROCERY,2024-10-11 10:44:48,False,20175.58
TXN_00003383,CUST_0177,507.31,USD,PURCHASE,UTILITIES,2024-10-11 11:01:40,False,25652.13
TXN_00008005,CUST_0072,-2654.54,EUR,REFUND,HEALTHCARE,2024-10-11 11:35:22,False,69166.77
TXN_00009553,CUST_0075,276.29,EUR,TRANSFER,HEALTHCARE,2024-10-11 11:56:33,False,81063.0
TXN_00005870,CUST_0074,31.46,EUR,PURCHASE,TRAVEL,2024-10-11 12:03:08,False,88580.05
TXN_00007989,CUST_0019,1136.58,EUR,PURCHASE,HEALTHCARE,2024-10-11 12:03:46,False,47261.1
TXN_00006307,CUST_0125,237.11,USD,PURCHASE,UTILITIES,2024-10-11 12:05:25,False,17892.83
TXN_00000789,CUST_0000,50.71,USD,PURCHASE,TRAVEL,2024-10-11 12:12:58,False,88337.16
TXN_00006345,CUST_0035,2702.35,USD,TRANSFER,DINING,2024-10-11 12:33:06,False,24107.51
TXN_00009162,CUST_0022,600.77,EUR,PURCHASE,UTILITIES,2024-10-11 13:55:11,False,57434.98
TXN_00001684,CUST_0028,661.71,EUR,PURCHASE,DINING,2024-10-11 13:57:57,False,58825.61
TXN_00000915,CUST_0091,220.1,EUR,TRANSFER,GROCERY,2024-10-11 13:58:33,False,13021.45
TXN_00006652,CUST_0159,681.01,EUR,WITHDRAWAL,,2024-10-11 14:04:22,False,4431.72
TXN_00001340,CUST_0062,198.25,USD,PURCHASE,GROCERY,2024-10-11 14:19:38,False,97205.64
TXN_00006055,CUST_0103,493.98,EUR,PURCHASE,TRAVEL,2024-10-11 14:20:25,False,70396.24
TXN_00008691,CUST_0060,518.48,EUR,PURCHASE,HEALTHCARE,2024-10-11 14:20:28,False,28221.08
TXN_00007097,CUST_0008,160.51,EUR,TRANSFER,TRAVEL,2024-10-11 14:37:04,False,40962.25
TXN_00006493,CUST_0142,249.53,GBP,PURCHASE,GROCERY,2024-10-11 14:41:34,True,45458.08
TXN_00006144,CUST_0129,26.97,USD,TRANSFER,GROCERY,2024-10-11 14:50:34,False,7846.48
TXN_00004373,CUST_0121,1414.04,EUR,PURCHASE,DINING,2024-10-11 15:37:58,False,50883.94
TXN_00009534,CUST_0073,511.94,EUR,WITHDRAWAL,HEALTHCARE,2024-10-11 15:42:27,False,31867.71
TXN_00006120,CUST_0177,101.12,GBP,PURCHASE,DINING,2024-10-11 15:47:35,False,52501.1
TXN_00009672,CUST_0083,1142.83,EUR,PURCHASE,GROCERY,2024-10-11 15:55:45,False,31160.26
TXN_00003763,CUST_0007,723.19,EUR,PURCHASE,UTILITIES,2024-10-11 16:11:51,False,87027.27
TXN_00009480,CUST_0097,78.77,GBP,PURCHASE,GROCERY,2024-10-11 16:21:38,False,23522.44
TXN_00003800,CUST_0063,230.83,USD,WITHDRAWAL,DINING,2024-10-11 16:56:49,False,79425.49
TXN_00002269,CUST_0076,146.4,EUR,WITHDRAWAL,UTILITIES,2024-10-11 17:17:19,False,7582.83
TXN_00004902,CUST_0076,46.93,USD,PURCHASE,UTILITIES,2024-10-11 17:32:52,False,31384.18
TXN_00002631,CUST_0010,43.7,EUR,TRANSFER,TRAVEL,2024-10-11 18:30:40,False,74587.76
TXN_00005952,CUST_0148,271.15,USD,PURCHASE,ELECTRONICS,2024-10-11 18:38:05,False,16190.25
TXN_00004843,CUST_0050,1665.02,USD,PURCHASE,DINING,2024-10-11 19:08:01,False,49095.35
TXN_00009848,CUST_0186,187.27,USD,TRANSFER,TRAVEL,2024-10-11 21:29:21,False,27691.92
TXN_00006801,CUST_0066,217.45,EUR,PURCHASE,UTILITIES,2024-10-11 21:42:41,False,84659.9
TXN_00008923,CUST_0099,489.96,USD,WITHDRAWAL,TRAVEL,2024-10-12 04:42:28,False,69954.03
TXN_00008647,CUST_0066,2334.93,EUR,TRANSFER,UTILITIES,2024-10-12 06:47:54,False,48285.65
TXN_00002054,CUST_0119,69.24,EUR,PURCHASE,ELECTRONICS,2024-10-12 07:17:10,False,81363.38
TXN_00007890,CUST_0093,193.48,GBP,PURCHASE,ELECTRONICS,2024-10-12 07:17:15,False,85910.68
TXN_00008249,CUST_0095,415.0,EUR,PURCHASE,UTILITIES,2024-10-12 07:40:03,False,72806.9
TXN_00004778,CUST_0187,13.26,EUR,TRANSFER,TRAVEL,2024-10-12 08:06:13,False,76039.79
TXN_00008259,CUST_0194,180.01,GBP,PURCHASE,HEALTHCARE,2024-10-12 09:37:22,False,28493.86
TXN_00006009,CUST_0193,57.83,USD,PURCHASE,UTILITIES,2024-10-12 09:41:06,False,14436.04
TXN_00000697,CUST_0073,26.43,USD,PURCHASE,UTILITIES,2024-10-12 10:25:47,False,67287.82
TXN_00003556,CUST_0192,59.53,EUR,TRANSFER,HEALTHCARE,2024-10-12 10:45:39,False,96028.8
TXN_00005288,CUST_0183,180.08,GBP,PURCHASE,,2024-10-12 11:28:52,False,93156.92
TXN_00000038,CUST_0030,820.93,EUR,TRANSFER,ELECTRONICS,2024-10-12 11:54:27,False,76761.3
TXN_00006664,CUST_0121,9202.56,EUR,PURCHASE,DINING,2024-10-12 11:57:27,False,94840.73
TXN_00008472,CUST_0079,66.38,EUR,PURCHASE,TRAVEL,2024-10-12 12:29:58,False,56611.06
TXN_00003648,CUST_0091,35.51,EUR,TRANSFER,TRAVEL,2024-10-12 13:26:37,False,40624.81
TXN_00002294,CUST_0190,111.94,USD,WITHDRAWAL,DINING,2024-10-12 13:27:22,False,40008.77
TXN_00003170,CUST_0026,502.07,EUR,PURCHASE,UTILITIES,2024-10-12 14:40:42,False,88326.52
TXN_00006507,CUST_0134,4250.34,USD,PURCHASE,GROCERY,2024-10-12 15:00:07,False,79018.21
TXN_00006356,CUST_0027,543.28,USD,PURCHASE,ELECTRONICS,2024-10-12 15:08:49,False,64708.31
TXN_00000529,CUST_0037,624.54,EUR,TRANSFER,ELECTRONICS,2024-10-12 16:20:19,False,12370.96
TXN_00000522,CUST_0005,33.89,EUR,WITHDRAWAL,HEALTHCARE,2024-10-12 16:57:35,False,35199.87
TXN_00002879,CUST_0065,38.49,USD,PURCHASE,DINING,2024-10-12 17:11:43,False,32510.29
TXN_00001192,CUST_0092,350.57,EUR,PURCHASE,ELECTRONICS,2024-10-12 17:12:42,False,6798.4
TXN_00004815,CUST_0160,13.05,USD,PURCHASE,ELECTRONICS,2024-10-12 20:30:04,False,32690.54
TXN_00006503,CUST_0182,4055.25,EUR,PURCHASE,ELECTRONICS,2024-10-13 06:24:36,False,40392.02
TXN_00005205,CUST_0072,51.31,USD,PURCHASE,HEALTHCARE,2024-10-13 08:03:33,True,50578.95
TXN_00009441,CUST_0029,482.4,EUR,WITHDRAWAL,TRAVEL,2024-10-13 08:22:05,False,94070.78
TXN_00006113,CUST_0052,384.74,EUR,PURCHASE,DINING,2024-10-13 09:11:07,False,21264.95
TXN_00003304,CUST_0142,1467.82,EUR,WITHDRAWAL,TRAVEL,2024-10-13 09:23:19,False,15925.76
TXN_00002377,CUST_0115,155.21,EUR,PURCHASE,HEALTHCARE,2024-10-13 10:51:57,False,96913.12
TXN_00006289,CUST_0145,880.09,EUR,PURCHASE,ELECTRONICS,2024-10-13 11:08:21,False,55497.56
TXN_00005639,CUST_0102,376.31,EUR,PURCHASE,HEALTHCARE,2024-10-13 11:19:46,False,35753.04
TXN_00001672,CUST_0146,348.76,EUR,TRANSFER,HEALTHCARE,2024-10-13 12:20:01,False,96660.13
TXN_00007724,CUST_0054,901.1,EUR,WITHDRAWAL,ELECTRONICS,2024-10-13 12:40:15,False,61284.71
TXN_00000960,CUST_0133,97.08,EUR,PURCHASE,GROCERY,2024-10-13 13:16:10,False,32426.93
TXN_00002263,CUST_0145,579.25,USD,TRANSFER,ELECTRONICS,2024-10-13 13:20:31,False,85935.5
TXN_00004684,CUST_0085,70.46,EUR,PURCHASE,GROCERY,2024-10-13 13:46:08,False,56836.88
TXN_00004280,CUST_0112,208.38,USD,PURCHASE,GROCERY,2024-10-13 13:53:58,False,96100.75
TXN_00006497,CUST_0187,203.46,USD,PURCHASE,,2024-10-13 14:11:32,False,2468.76
TXN_00009556,CUST_0025,253.44,EUR,WITHDRAWAL,UTILITIES,2024-10-13 14:25:55,False,80398.66
TXN_00002010,CUST_0025,224.76,EUR,WITHDRAWAL,GROCERY,2024-10-13 14:29:22,False,64305.0
TXN_00004547,CUST_0067,1039.21,EUR,PURCHASE,GROCERY,2024-10-13 15:13:28,False,48700.85
TXN_00006352,CUST_0030,548.25,EUR,TRANSFER,GROCERY,2024-10-13 15:20:14,False,46449.27
TXN_00005277,CUST_0126,2.79,EUR,PURCHASE,HEALTHCARE,2024-10-13 16:22:11,False,93504.5
TXN_00005334,CUST_0148,589.86,GBP,TRANSFER,TRAVEL,2024-10-13 16:27:04,False,82985.37
TXN_00007033,CUST_0087,2398.54,USD,PURCHASE,GROCERY,2024-10-13 17:47:58,False,21529.01
TXN_00003267,CUST_0152,3295.16,USD,TRANSFER,HEALTHCARE,2024-10-14 05:21:01,False,45658.57
TXN_00007955,CUST_0011,152.48,EUR,TRANSFER,,2024-10-14 07:02:14,False,50330.42
TXN_00005391,CUST_0075,1181.05,EUR,PURCHASE,UTILITIES,2024-10-14 07:14:12,False,44495.86
TXN_00000084,CUST_0034,83.63,EUR,PURCHASE,DINING,2024-10-14 08:26:41,False,553.65
TXN_00006987,CUST_0038,80.11,EUR,PURCHASE,HEALTHCARE,2024-10-14 08:34:22,False,64177.32
TXN_00008739,CUST_0167,235.11,EUR,PURCHASE,UTILITIES,2024-10-14 09:01:46,False,48915.97
TXN_00007076,CUST_0136,465.44,EUR,TRANSFER,TRAVEL,2024-10-14 09:08:39,False,55164.97
TXN_00000594,CUST_0050,59.28,EUR,PURCHASE,GROCERY,2024-10-14 09:14:16,False,10521.92
TXN_00007385,CUST_0013,125.61,GBP,PURCHASE,UTILITIES,2024-10-14 09:23:42,False,52088.23
TXN_00001357,CUST_0111,93.17,USD,TRANSFER,GROCERY,2024-10-14 09:39:12,False,5691.23
TXN_00006236,CUST_0152,47.26,EUR,PURCHASE,GROCERY,2024-10-14 09:46:46,False,12796.77
TXN_00002554,CUST_0165,126.38,USD,TRANSFER,DINING,2024-10-14 09:51:43,False,2867.21
TXN_00002592,CUST_0082,3373.74,EUR,PURCHASE,GROCERY,2024-10-14 11:03:08,False,34431.19
TXN_00001009,CUST_0010,215.45,EUR,PURCHASE,HEALTHCARE,2024-10-14 11:05:47,False,6796.5
TXN_00003241,CUST_0103,1160.33,EUR,PURCHASE,TRAVEL,2024-10-14 13:00:16,False,70957.43
TXN_00006989,CUST_0184,595.78,USD,WITHDRAWAL,UTILITIES,2024-10-14 13:10:44,False,67464.8
TXN_00001262,CUST_0142,1203.72,USD,TRANSFER,GROCERY,2024-10-14 13:13:36,False,71734.31
TXN_00000392,CUST_0023,725.33,USD,PURCHASE,DINING,2024-10-14 13:21:10,False,8798.61
TXN_00000895,CUST_0158,1221.44,EUR,PURCHASE,ELECTRONICS,2024-10-14 14:27:21,False,66524.04
TXN_00009110,CUST_0171,187.8,EUR,PURCHASE,TRAVEL,2024-10-14 14:33:28,False,6794.04
TXN_00009002,CUST_0107,257.6,USD,PURCHASE,DINING,2024-10-14 14:44:11,False,64825.63
TXN_00000282,CUST_0171,443.99,EUR,PURCHASE,TRAVEL,2024-10-14 15:33:59,False,5874.6
TXN_00008109,CUST_0039,2.37,EUR,PURCHASE,UTILITIES,2024-10-14 15:46:16,False,98037.57
TXN_00005290,CUST_0094,307.65,EUR,WITHDRAWAL,GROCERY,2024-10-14 15:50:35,False,82790.5
TXN_00000284,CUST_0101,75.8,EUR,PURCHASE,HEALTHCARE,2024-10-14 16:00:56,False,68488.59
TXN_00006957,CUST_0107,133.62,EUR,PURCHASE,TRAVEL,2024-10-14 16:07:54,False,35704.42
TXN_00002351,CUST_0083,222.93,GBP,PURCHASE,UTILITIES,2024-10-14 16:21:41,False,32327.43
TXN_00003340,CUST_0191,531.36,EUR,PURCHASE,TRAVEL,2024-10-14 17:45:51,False,46996.0
TXN_00006491,CUST_0154,609.48,EUR,PURCHASE,TRAVEL,2024-10-14 18:25:22,False,66157.92
TXN_00007291,CUST_0199,26.56,EUR,WITHDRAWAL,ELECTRONICS,2024-10-14 19:27:28,False,73122.95
TXN_00009196,CUST_0108,1301.31,USD,PURCHASE,GROCERY,2024-10-14 20:29:32,False,60786.73
TXN_00003845,CUST_0113,-1789.46,USD,REFUND,TRAVEL,2024-10-14 20:32:35,False,5653.45
TXN_00003623,CUST_0033,78.82,EUR,WITHDRAWAL,HEALTHCARE,2024-10-14 23:57:49,False,15804.69
TXN_00002325,CUST_0068,156.37,EUR,PURCHASE,ELECTRONICS,2024-10-15 00:01:13,False,2079.68
TXN_00007161,CUST_0134,135.71,GBP,WITHDRAWAL,DINING,2024-10-15 05:59:16,False,16253.29
TXN_00005023,CUST_0108,104.0,USD,TRANSFER,ELECTRONICS,2024-10-15 06:57:45,False,73041.07
TXN_00009370,CUST_0178,161.8,GBP,PURCHASE,GROCERY,2024-10-15 07:05:20,False,95671.68
TXN_00005361,CUST_0052,70.31,EUR,PURCHASE,GROCERY,2024-10-15 07:58:35,False,18933.64
TXN_00002062,CUST_0074,232.72,EUR,PURCHASE,DINING,2024-10-15 08:16:07,False,40417.48
TXN_00000660,CUST_0109,-2589.13,EUR,REFUND,UTILITIES,2024-10-15 08:33:27,False,27825.38
TXN_00007627,CUST_0104,-4976.43,EUR,REFUND,TRAVEL,2024-10-15 09:26:48,False,59825.49
TXN_00001987,CUST_0054,225.44,EUR,TRANSFER,HEALTHCARE,2024-10-15 09:38:39,False,32380.91
TXN_00002162,CUST_0117,162.57,USD,TRANSFER,ELECTRONICS,2024-10-15 09:56:13,False,97632.42
TXN_00001667,CUST_0140,134.58,EUR,TRANSFER,TRAVEL,2024-10-15 10:58:17,False,45270.18
TXN_00002400,CUST_0182,630.73,EUR,PURCHASE,GROCERY,2024-10-15 10:58:27,False,42586.04
TXN_00006880,CUST_0148,206.84,EUR,TRANSFER,DINING,2024-10-15 11:20:19,False,62867.59
TXN_00006676,CUST_0087,149.8,EUR,PURCHASE,ELECTRONICS,2024-10-15 11:54:30,False,74276.54
TXN_00004564,CUST_0139,53.2,EUR,TRANSFER,ELECTRONICS,2024-10-15 13:35:26,False,11703.92
TXN_00009483,CUST_0052,-647.71,EUR,REFUND,HEALTHCARE,2024-10-15 14:33:37,False,75100.74
TXN_00002701,CUST_0197,152.94,USD,WITHDRAWAL,ELECTRONICS,2024-10-15 15:17:36,False,32393.73
TXN_00003157,CUST_0061,2982.11,EUR,TRANSFER,UTILITIES,2024-10-15 15:50:10,False,52776.32
TXN_00000022,CUST_0084,526.21,EUR,PURCHASE,GROCERY,2024-10-15 15:57:40,False,58453.14
TXN_00003671,CUST_0028,159.26,GBP,PURCHASE,TRAVEL,2024-10-15 16:35:02,False,32291.35
TXN_00000245,CUST_0024,1314.31,EUR,TRANSFER,ELECTRONICS,2024-10-15 17:03:21,False,25549.18
TXN_00001053,CUST_0138,1316.61,EUR,WITHDRAWAL,GROCERY,2024-10-15 19:29:16,False,37168.12
TXN_00001924,CUST_0014,252.2,EUR,TRANSFER,GROCERY,2024-10-15 19:46:15,False,92881.07
TXN_00005859,CUST_0040,240.38,EUR,TRANSFER,DINING,2024-10-15 20:41:53,False,79350.45
TXN_00005830,CUST_0121,499.69,USD,PURCHASE,TRAVEL,2024-10-15 21:00:52,False,35386.59
TXN_00003660,CUST_0151,-77.9,USD,REFUND,GROCERY,2024-10-16 06:29:12,False,21733.79
TXN_00003926,CUST_0172,1059.23,EUR,TRANSFER,HEALTHCARE,2024-10-16 06:34:24,False,68927.41
TXN_00007651,CUST_0070,56.18,GBP,TRANSFER,DINING,2024-10-16 09:59:18,False,69277.01
TXN_00000833,CUST_0047,166.7,GBP,PURCHASE,HEALTHCARE,2024-10-16 10:38:02,False,20352.46
TXN_00003974,CUST_0003,56.15,EUR,PURCHASE,HEALTHCARE,2024-10-16 10:42:42,False,70613.81
TXN_00002999,CUST_0189,83.73,EUR,TRANSFER,UTILITIES,2024-10-16 10:47:11,False,50088.01
TXN_00007533,CUST_0020,969.96,EUR,TRANSFER,DINING,2024-10-16 11:40:39,True,44827.39
TXN_00000777,CUST_0187,97.5,EUR,TRANSFER,GROCERY,2024-10-16 11:55:27,False,82032.08
TXN_00001018,CUST_0198,575.84,USD,PURCHASE,,2024-10-16 12:02:57,False,75416.25
TXN_00004546,CUST_0116,696.38,EUR,PURCHASE,UTILITIES,2024-10-16 12:08:57,False,71038.97
TXN_00007270,CUST_0170,3268.06,USD,TRANSFER,HEALTHCARE,2024-10-16 12:11:53,False,31371.62
TXN_00006000,CUST_0041,497.03,EUR,PURCHASE,UTILITIES,2024-10-16 13:20:14,False,29125.69
TXN_00002832,CUST_0107,185.77,EUR,PURCHASE,GROCERY,2024-10-16 13:46:02,False,30607.66
TXN_00005592,CUST_0121,132.33,USD,PURCHASE,GROCERY,2024-10-16 13:56:13,False,78969.22
TXN_00009443,CUST_0168,353.93,EUR,TRANSFER,DINING,2024-10-16 13:59:18,False,31034.52
TXN_00004623,CUST_0160,141.78,USD,PURCHASE,UTILITIES,2024-10-16 14:36:32,False,67802.08
TXN_00002245,CUST_0061,131.6,EUR,PURCHASE,UTILITIES,2024-10-16 14:42:09,False,21555.4
TXN_00000827,CUST_0074,1253.41,GBP,PURCHASE,GROCERY,2024-10-16 14:45:13,False,16046.86
TXN_00004780,CUST_0150,162.83,EUR,TRANSFER,UTILITIES,2024-10-16 14:45:58,False,91578.66
TXN_00008796,CUST_0167,779.72,EUR,PURCHASE,UTILITIES,2024-10-16 14:52:27,False,95623.33
TXN_00008965,CUST_0123,450.64,USD,PURCHASE,GROCERY,2024-10-16 14:57:13,False,90977.99
TXN_00009995,CUST_0013,869.64,EUR,PURCHASE,HEALTHCARE,2024-10-16 15:20:50,False,96998.17
TXN_00005269,CUST_0042,749.29,USD,PURCHASE,GROCERY,2024-10-16 18:50:40,False,69560.03
TXN_00005575,CUST_0036,1490.94,EUR,TRANSFER,GROCERY,2024-10-16 20:43:34,False,10565.08
TXN_00003830,CUST_0179,12.16,EUR,PURCHASE,DINING,2024-10-17 05:34:27,False,7326.33
TXN_00008799,CUST_0037,672.76,EUR,TRANSFER,ELECTRONICS,2024-10-17 05:55:36,False,97234.1
TXN_00004948,CUST_0079,560.04,USD,PURCHASE,GROCERY,2024-10-17 08:00:06,False,81857.73
TXN_00001113,CUST_0000,153.86,EUR,TRANSFER,TRAVEL,2024-10-17 08:51:10,False,81510.63
TXN_00002717,CUST_0187,50.5,GBP,PURCHASE,TRAVEL,2024-10-17 08:51:22,False,45715.98
TXN_00000521,CUST_0026,19.94,USD,WITHDRAWAL,ELECTRONICS,2024-10-17 10:33:22,False,28771.12
TXN_00000265,CUST_0066,2259.18,EUR,PURCHASE,GROCERY,2024-10-17 10:51:24,False,47257.58
TXN_00005007,CUST_0107,307.66,EUR,PURCHASE,GROCERY,2024-10-17 11:42:31,False,21926.54
TXN_00001280,CUST_0071,49.83,USD,PURCHASE,DINING,2024-10-17 12:47:54,False,62295.1
TXN_00006753,CUST_0009,1041.61,EUR,WITHDRAWAL,ELECTRONICS,2024-10-17 12:49:08,False,37692.15
TXN_00005742,CUST_0121,1011.02,GBP,WITHDRAWAL,HEALTHCARE,2024-10-17 12:52:13,False,71281.14
TXN_00002081,CUST_0159,80.14,EUR,PURCHASE,DINING,2024-10-17 13:12:51,False,58737.17
TXN_00002354,CUST_0089,45.28,EUR,PURCHASE,DINING,2024-10-17 14:51:33,False,26304.2
TXN_00006379,CUST_0083,650.91,USD,TRANSFER,ELECTRONICS,2024-10-17 16:23:40,False,96227.73
TXN_00001571,CUST_0187,738.5,EUR,TRANSFER,GROCERY,2024-10-17 16:49:00,False,30180.62
TXN_00008866,CUST_0037,242.23,EUR,PURCHASE,ELECTRONICS,2024-10-17 17:17:20,False,6800.96
TXN_00000477,CUST_0037,34.69,EUR,PURCHASE,GROCERY,2024-10-17 17:43:37,False,98695.73
TXN_00001744,CUST_0166,687.9,USD,TRANSFER,ELECTRONICS,2024-10-18 03:05:56,False,8310.48
TXN_00007401,CUST_0108,523.18,EUR,PURCHASE,ELECTRONICS,2024-10-18 03:45:28,False,73100.34
TXN_00004226,CUST_0020,120.49,EUR,WITHDRAWAL,UTILITIES,2024-10-18 08:09:53,False,18175.12
TXN_00005652,CUST_0078,163.67,GBP,PURCHASE,ELECTRONICS,2024-10-18 08:28:15,False,26059.14
TXN_00000868,CUST_0133,249.18,EUR,TRANSFER,TRAVEL,2024-10-18 09:43:43,False,42731.02
TXN_00008853,CUST_0033,14.23,USD,TRANSFER,HEALTHCARE,2024-10-18 10:06:24,False,24268.07
TXN_00009654,CUST_0017,356.17,EUR,PURCHASE,TRAVEL,2024-10-18 10:30:52,False,28746.24
TXN_00005292,CUST_0163,132.89,EUR,PURCHASE,ELECTRONICS,2024-10-18 11:19:51,False,92000.29
TXN_00008891,CUST_0091,1766.34,EUR,TRANSFER,UTILITIES,2024-10-18 11:32:05,False,47309.22
TXN_00001401,CUST_0013,294.74,EUR,WITHDRAWAL,DINING,2024-10-18 11:49:51,False,34816.31
TXN_00005853,CUST_0002,170.19,USD,WITHDRAWAL,HEALTHCARE,2024-10-18 12:21:39,False,37653.43
TXN_00006203,CUST_0189,388.1,GBP,PURCHASE,ELECTRONICS,2024-10-18 12:30:27,False,95589.04
TXN_00009219,CUST_0156,129.32,EUR,WITHDRAWAL,ELECTRONICS,2024-10-18 12:52:54,False,96053.27
TXN_00003131,CUST_0000,110.85,GBP,PURCHASE,DINING,2024-10-18 13:07:39,False,84298.26
TXN_00005631,CUST_0029,1326.8,EUR,PURCHASE,HEALTHCARE,2024-10-18 13:19:15,False,6084.14
TXN_00008953,CUST_0025,57.64,EUR,PURCHASE,HEALTHCARE,2024-10-18 13:45:54,False,21503.68
TXN_00007761,CUST_0107,185.68,EUR,TRANSFER,ELECTRONICS,2024-10-18 13:53:36,False,95506.34
TXN_00007021,CUST_0196,83.35,EUR,PURCHASE,DINING,2024-10-18 14:02:57,False,61440.69
TXN_00004115,CUST_0047,41.53,EUR,PURCHASE,ELECTRONICS,2024-10-18 14:19:15,False,28628.49
TXN_00005272,CUST_0162,973.75,EUR,TRANSFER,UTILITIES,2024-10-18 15:39:00,False,35317.16
TXN_00005104,CUST_0158,1187.67,EUR,TRANSFER,UTILITIES,2024-10-18 16:55:21,False,21550.61
TXN_00004039,CUST_0080,124.73,EUR,PURCHASE,GROCERY,2024-10-18 18:09:06,False,29761.76
TXN_00000251,CUST_0180,297.02,USD,TRANSFER,HEALTHCARE,2024-10-18 18:25:42,False,89156.55
TXN_00003455,CUST_0110,59.34,EUR,PURCHASE,HEALTHCARE,2024-10-18 18:38:15,False,33954.52
TXN_00003041,CUST_0036,99.66,EUR,PURCHASE,UTILITIES,2024-10-18 20:13:55,False,90322.86
TXN_00006259,CUST_0197,120.05,EUR,PURCHASE,UTILITIES,2024-10-18 21:34:38,True,72089.58
TXN_00006042,CUST_0114,25.67,USD,PURCHASE,TRAVEL,2024-10-19 05:00:52,False,35521.77
TXN_00009044,CUST_0187,804.5,EUR,WITHDRAWAL,ELECTRONICS,2024-10-19 07:32:15,False,75012.35
TXN_00000432,CUST_0086,821.65,EUR,PURCHASE,UTILITIES,2024-10-19 08:19:59,False,95586.95
TXN_00000258,CUST_0089,1249.44,USD,PURCHASE,GROCERY,2024-10-19 09:27:30,False,81907.36
TXN_00008945,CUST_0062,160.25,EUR,PURCHASE,ELECTRONICS,2024-10-19 09:37:44,False,15086.01
TXN_00008192,CUST_0135,249.46,USD,PURCHASE,TRAVEL,2024-10-19 10:10:47,False,3402.65
TXN_00004136,CUST_0165,19.66,USD,WITHDRAWAL,DINING,2024-10-19 10:12:23,False,91032.18
TXN_00008633,CUST_0194,111.07,EUR,PURCHASE,TRAVEL,2024-10-19 10:33:29,True,69973.97
TXN_00009090,CUST_0032,244.2,USD,PURCHASE,DINING,2024-10-19 10:54:10,True,1113.21
TXN_00003865,CUST_0168,76.49,GBP,TRANSFER,TRAVEL,2024-10-19 11:11:23,False,54176.01
TXN_00002142,CUST_0185,421.23,USD,TRANSFER,UTILITIES,2024-10-19 11:12:36,False,56130.74
TXN_00003561,CUST_0174,55.59,USD,WITHDRAWAL,TRAVEL,2024-10-19 11:30:11,False,63495.22
TXN_00001137,CUST_0085,227.87,GBP,PURCHASE,HEALTHCARE,2024-10-19 11:48:37,False,91902.96
TXN_00004664,CUST_0065,6498.17,EUR,WITHDRAWAL,GROCERY,2024-10-19 11:54:11,False,86600.23
TXN_00005614,CUST_0036,230.13,EUR,WITHDRAWAL,TRAVEL,2024-10-19 12:08:41,False,54381.69
TXN_00004162,CUST_0054,248.67,USD,PURCHASE,DINING,2024-10-19 12:42:31,False,24182.16
TXN_00000454,CUST_0139,182.51,USD,PURCHASE,ELECTRONICS,2024-10-19 12:52:58,False,54475.04
TXN_00007914,CUST_0041,283.59,EUR,PURCHASE,HEALTHCARE,2024-10-19 12:59:06,False,99279.64
TXN_00009766,CUST_0171,282.84,EUR,TRANSFER,GROCERY,2024-10-19 13:04:49,False,89831.41
TXN_00003873,CUST_0150,846.8,GBP,PURCHASE,UTILITIES,2024-10-19 14:03:11,False,37152.4
TXN_00008649,CUST_0040,1593.58,EUR,PURCHASE,ELECTRONICS,2024-10-19 14:26:20,False,50843.94
TXN_00009256,CUST_0053,65.49,EUR,PURCHASE,GROCERY,2024-10-19 14:51:43,False,38942.13
TXN_00007595,CUST_0153,603.03,GBP,PURCHASE,ELECTRONICS,2024-10-19 15:11:18,False,22846.82
TXN_00007101,CUST_0191,350.22,EUR,WITHDRAWAL,DINING,2024-10-19 15:37:52,False,53781.94
TXN_00000224,CUST_0031,151.09,EUR,PURCHASE,ELECTRONICS,2024-10-19 16:12:42,False,76442.86
TXN_00008584,CUST_0059,38.84,EUR,TRANSFER,ELECTRONICS,2024-10-19 17:18:00,False,44469.14
TXN_00002528,CUST_0114,172.08,EUR,PURCHASE,,2024-10-19 17:44:46,False,84964.27
TXN_00006480,CUST_0036,596.77,USD,WITHDRAWAL,UTILITIES,2024-10-19 20:52:08,False,57459.63
TXN_00007265,CUST_0138,164.22,EUR,PURCHASE,TRAVEL,2024-10-20 05:04:13,False,13851.47
TXN_00001378,CUST_0090,6.7,EUR,WITHDRAWAL,ELECTRONICS,2024-10-20 05:05:45,False,42838.83
TXN_00004381,CUST_0043,108.25,EUR,WITHDRAWAL,DINING,2024-10-20 05:21:48,False,49783.96
TXN_00007830,CUST_0081,137.86,USD,TRANSFER,HEALTHCARE,2024-10-20 06:18:58,False,14615.56
TXN_00003380,CUST_0100,91.19,USD,PURCHASE,ELECTRONICS,2024-10-20 07:28:49,False,14629.76
TXN_00005973,CUST_0163,10973.9,USD,PURCHASE,DINING,2024-10-20 07:32:17,False,22010.49
TXN_00008552,CUST_0089,939.66,EUR,PURCHASE,HEALTHCARE,2024-10-20 08:39:11,False,65810.67
TXN_00008224,CUST_0124,92.87,EUR,PURCHASE,HEALTHCARE,2024-10-20 09:03:47,False,12046.91
TXN_00001957,CUST_0067,470.68,EUR,WITHDRAWAL,DINING,2024-10-20 09:22:20,False,92297.26
TXN_00004480,CUST_0146,7.8,EUR,TRANSFER,GROCERY,2024-10-20 09:37:16,False,52486.61
TXN_00001649,CUST_0073,13786.86,USD,WITHDRAWAL,GROCERY,2024-10-20 09:43:54,False,28394.27
TXN_00006686,CUST_0179,673.38,EUR,PURCHASE,HEALTHCARE,2024-10-20 09:54:05,False,55364.2
TXN_00007226,CUST_0192,63.53,EUR,PURCHASE,ELECTRONICS,2024-10-20 10:13:08,False,68013.25
TXN_00001229,CUST_0092,-294.29,EUR,REFUND,GROCERY,2024-10-20 10:14:57,False,5592.74
TXN_00001347,CUST_0027,1170.47,USD,PURCHASE,GROCERY,2024-10-20 11:02:22,False,64736.94
TXN_00008599,CUST_0085,461.05,EUR,WITHDRAWAL,TRAVEL,2024-10-20 12:45:53,False,33773.93
TXN_00009618,CUST_0196,772.34,USD,PURCHASE,HEALTHCARE,2024-10-20 13:41:37,False,68391.4
TXN_00000780,CUST_0050,184.33,USD,PURCHASE,TRAVEL,2024-10-20 13:47:51,False,3636.87
TXN_00003494,CUST_0100,-1062.86,USD,REFUND,UTILITIES,2024-10-20 13:51:08,False,60440.3
TXN_00000247,CUST_0040,587.32,EUR,PURCHASE,GROCERY,2024-10-20 14:12:30,False,5228.69
TXN_00003847,CUST_0024,2517.01,USD,TRANSFER,DINING,2024-10-20 14:27:44,False,2538.62
TXN_00006163,CUST_0178,951.79,USD,TRANSFER,GROCERY,2024-10-20 15:43:17,False,65820.47
TXN_00006126,CUST_0025,583.21,USD,PURCHASE,UTILITIES,2024-10-20 16:25:50,False,30175.41
TXN_00003497,CUST_0007,2521.74,USD,PURCHASE,DINING,2024-10-20 17:33:07,False,78193.74
TXN_00000458,CUST_0015,91.6,EUR,PURCHASE,HEALTHCARE,2024-10-20 17:41:59,True,51188.71
TXN_00000667,CUST_0041,275.69,EUR,PURCHASE,ELECTRONICS,2024-10-20 17:59:58,False,12203.15
TXN_00007028,CUST_0189,-298.22,EUR,REFUND,GROCERY,2024-10-20 18:28:48,False,56953.33
TXN_00000004,CUST_0174,734.75,GBP,PURCHASE,HEALTHCARE,2024-10-20 18:43:24,False,27749.87
TXN_00005636,CUST_0168,825.5,EUR,PURCHASE,ELECTRONICS,2024-10-20 19:15:27,False,50143.74
TXN_00007605,CUST_0153,32.46,EUR,TRANSFER,GROCERY,2024-10-20 19:43:52,False,82271.67
TXN_00008492,CUST_0059,-1161.72,EUR,REFUND,GROCERY,2024-10-21 03:43:57,False,49159.31
TXN_00009803,CUST_0037,204.75,EUR,PURCHASE,GROCERY,2024-10-21 04:26:34,False,75780.38
TXN_00003771,CUST_0090,50.68,EUR,TRANSFER,UTILITIES,2024-10-21 06:55:07,False,37981.2
TXN_00004459,CUST_0168,328.81,EUR,PURCHASE,HEALTHCARE,2024-10-21 07:29:04,False,81867.83
TXN_00000315,CUST_0115,673.94,EUR,TRANSFER,HEALTHCARE,2024-10-21 07:39:34,False,39409.09
TXN_00002655,CUST_0180,265.83,USD,PURCHASE,TRAVEL,2024-10-21 08:22:03,False,86374.46
TXN_00008100,CUST_0163,628.5,USD,PURCHASE,UTILITIES,2024-10-21 09:07:47,False,12436.92
TXN_00003350,CUST_0015,117.74,USD,WITHDRAWAL,DINING,2024-10-21 09:17:55,False,3950.93
TXN_00009081,CUST_0121,144.95,EUR,PURCHASE,HEALTHCARE,2024-10-21 10:41:24,False,20936.88
TXN_00006243,CUST_0125,108.7,EUR,TRANSFER,GROCERY,2024-10-21 11:47:26,False,45220.29
TXN_00002129,CUST_0035,176.77,GBP,PURCHASE,TRAVEL,2024-10-21 12:48:48,False,81955.69
TXN_00000643,CUST_0127,64.23,USD,WITHDRAWAL,DINING,2024-10-21 12:49:34,False,34013.81
TXN_00007634,CUST_0042,77.27,EUR,PURCHASE,HEALTHCARE,2024-10-21 13:09:57,False,92780.76
TXN_00007295,CUST_0051,869.31,EUR,PURCHASE,UTILITIES,2024-10-21 13:13:04,False,57284.1
TXN_00000997,CUST_0099,146.13,EUR,PURCHASE,TRAVEL,2024-10-21 13:26:28,False,67652.69
TXN_00009717,CUST_0086,268.41,EUR,WITHDRAWAL,GROCERY,2024-10-21 13:33:33,False,17930.1
TXN_00008805,CUST_0187,639.03,EUR,TRANSFER,ELECTRONICS,2024-10-21 13:51:11,False,98513.14
TXN_00006003,CUST_0059,841.5,GBP,PURCHASE,HEALTHCARE,2024-10-21 14:09:09,False,13280.03
TXN_00000836,CUST_0073,174.33,EUR,PURCHASE,ELECTRONICS,2024-10-21 15:52:12,False,22637.91
TXN_00005394,CUST_0110,187.66,EUR,TRANSFER,DINING,2024-10-21 18:40:14,False,13570.59
TXN_00001172,CUST_0026,75.85,EUR,PURCHASE,HEALTHCARE,2024-10-21 19:39:12,False,93791.47
TXN_00007814,CUST_0012,55.3,EUR,TRANSFER,DINING,2024-10-21 19:49:52,False,22839.32
TXN_00003931,CUST_0030,-619.14,EUR,REFUND,GROCERY,2024-10-21 21:18:50,False,79375.92
TXN_00009039,CUST_0164,46.25,USD,TRANSFER,TRAVEL,2024-10-21 22:15:34,False,73617.0
TXN_00003146,CUST_0122,170.81,EUR,TRANSFER,GROCERY,2024-10-21 22:58:17,False,41710.81
TXN_00001153,CUST_0189,16.35,USD,TRANSFER,HEALTHCARE,2024-10-22 02:07:39,False,77683.88
TXN_00004035,CUST_0072,6092.8,EUR,PURCHASE,DINING,2024-10-22 03:16:24,False,20676.06
TXN_00008760,CUST_0174,481.0,EUR,WITHDRAWAL,UTILITIES,2024-10-22 06:14:28,False,53256.38
TXN_00007263,CUST_0134,-185.88,EUR,REFUND,TRAVEL,2024-10-22 08:17:26,False,1154.3
TXN_00008389,CUST_0058,390.67,USD,PURCHASE,ELECTRONICS,2024-10-22 08:18:17,False,12515.28
TXN_00006199,CUST_0118,120.99,EUR,TRANSFER,ELECTRONICS,2024-10-22 08:23:13,False,79063.83
TXN_00009260,CUST_0107,660.84,EUR,PURCHASE,HEALTHCARE,2024-10-22 09:20:04,False,51396.46
TXN_00000260,CUST_0148,551.85,GBP,PURCHASE,TRAVEL,2024-10-22 11:25:45,False,94673.15
TXN_00002379,CUST_0183,274.62,EUR,PURCHASE,GROCERY,2024-10-22 12:05:37,False,25859.88
TXN_00006129,CUST_0107,32.81,GBP,TRANSFER,UTILITIES,2024-10-22 12:09:08,False,80735.43
TXN_00004889,CUST_0190,34.02,EUR,WITHDRAWAL,GROCERY,2024-10-22 13:18:28,False,13305.69
TXN_00004514,CUST_0008,-24.53,USD,REFUND,UTILITIES,2024-10-22 13:22:21,True,78887.27
TXN_00009458,CUST_0058,737.18,EUR,PURCHASE,ELECTRONICS,2024-10-22 13:33:21,False,88409.65
TXN_00009068,CUST_0006,2434.49,EUR,WITHDRAWAL,ELECTRONICS,2024-10-22 13:35:10,False,80368.22
TXN_00001741,CUST_0068,334.42,USD,PURCHASE,DINING,2024-10-22 14:37:42,False,71971.35
TXN_00004733,CUST_0153,730.14,EUR,PURCHASE,GROCERY,2024-10-22 14:50:19,False,32281.2
TXN_00006710,CUST_0135,211.03,EUR,PURCHASE,DINING,2024-10-22 15:17:35,False,50961.54
TXN_00001330,CUST_0070,4128.27,EUR,PURCHASE,UTILITIES,2024-10-22 15:32:12,False,10561.47
TXN_00004817,CUST_0105,581.51,EUR,PURCHASE,UTILITIES,2024-10-22 15:44:36,False,71830.88
TXN_00002909,CUST_0076,330.62,USD,PURCHASE,ELECTRONICS,2024-10-22 16:33:59,False,11109.88
TXN_00003271,CUST_0143,679.95,EUR,PURCHASE,DINING,2024-10-22 16:50:15,False,83961.19
TXN_00008818,CUST_0066,1878.71,EUR,PURCHASE,TRAVEL,2024-10-22 18:28:37,False,1809.72
TXN_00003533,CUST_0028,127.98,EUR,WITHDRAWAL,UTILITIES,2024-10-22 19:06:05,False,9997.03
TXN_00006683,CUST_0018,86.04,EUR,TRANSFER,GROCERY,2024-10-22 19:26:36,False,27691.21
TXN_00006460,CUST_0011,208.3,EUR,PURCHASE,TRAVEL,2024-10-22 20:53:01,False,95573.07
TXN_00002166,CUST_0090,146.56,EUR,PURCHASE,GROCERY,2024-10-22 22:19:10,False,24158.51
TXN_00009505,CUST_0007,436.24,USD,WITHDRAWAL,TRAVEL,2024-10-23 02:52:22,False,64033.63
TXN_00001474,CUST_0131,4.57,EUR,PURCHASE,,2024-10-23 05:37:05,False,27612.87
TXN_00005438,CUST_0076,190.58,EUR,PURCHASE,UTILITIES,2024-10-23 08:26:56,False,8692.01
TXN_00004982,CUST_0012,507.79,EUR,TRANSFER,HEALTHCARE,2024-10-23 08:32:54,False,41550.74
TXN_00001948,CUST_0175,47.1,EUR,PURCHASE,UTILITIES,2024-10-23 08:47:23,False,73301.58
TXN_00001933,CUST_0177,55.13,EUR,WITHDRAWAL,HEALTHCARE,2024-10-23 09:01:18,False,25102.26
TXN_00007136,CUST_0176,5895.34,GBP,PURCHASE,DINING,2024-10-23 09:17:00,False,51737.38
TXN_00008971,CUST_0186,210.73,EUR,PURCHASE,TRAVEL,2024-10-23 09:50:21,False,33168.09
TXN_00003297,CUST_0026,90.54,USD,TRANSFER,DINING,2024-10-23 09:51:18,False,61344.31
TXN_00009662,CUST_0107,627.05,EUR,PURCHASE,DINING,2024-10-23 09:56:54,False,71105.37
TXN_00003391,CUST_0053,673.0,GBP,PURCHASE,ELECTRONICS,2024-10-23 10:01:49,False,34678.75
TXN_00005117,CUST_0023,152.67,EUR,PURCHASE,TRAVEL,2024-10-23 10:05:32,False,4896.18
TXN_00009876,CUST_0055,49.6,USD,PURCHASE,DINING,2024-10-23 10:37:06,False,76544.02
TXN_00002373,CUST_0198,13.79,USD,PURCHASE,TRAVEL,2024-10-23 11:36:50,False,65222.31
TXN_00004884,CUST_0020,366.54,EUR,TRANSFER,ELECTRONICS,2024-10-23 11:39:21,False,734.07
TXN_00009665,CUST_0154,201.21,GBP,PURCHASE,,2024-10-23 12:21:08,False,62868.13
TXN_00006968,CUST_0090,61.74,EUR,TRANSFER,UTILITIES,2024-10-23 12:22:44,False,56734.46
TXN_00006887,CUST_0001,-59.89,EUR,REFUND,DINING,2024-10-23 12:46:08,False,81228.21
TXN_00008987,CUST_0126,566.56,EUR,PURCHASE,HEALTHCARE,2024-10-23 12:51:47,False,18285.49
TXN_00007936,CUST_0157,715.52,EUR,WITHDRAWAL,TRAVEL,2024-10-23 13:02:48,True,4635.69
TXN_00004396,CUST_0019,512.98,EUR,TRANSFER,ELECTRONICS,2024-10-23 13:33:31,False,79579.83
TXN_00007588,CUST_0032,28.07,EUR,PURCHASE,UTILITIES,2024-10-23 14:22:30,False,36242.14
TXN_00007395,CUST_0135,814.68,EUR,PURCHASE,ELECTRONICS,2024-10-23 14:30:48,False,18272.37
TXN_00009778,CUST_0076,50.96,GBP,PURCHASE,TRAVEL,2024-10-23 14:41:05,False,4374.84
TXN_00005923,CUST_0151,452.99,EUR,WITHDRAWAL,ELECTRONICS,2024-10-23 15:09:13,False,81980.03
TXN_00002627,CUST_0103,665.7,EUR,PURCHASE,DINING,2024-10-23 15:41:12,False,8079.23
TXN_00004388,CUST_0023,1115.87,EUR,PURCHASE,HEALTHCARE,2024-10-23 15:57:35,False,40681.36
TXN_00005029,CUST_0083,132.35,EUR,TRANSFER,DINING,2024-10-23 16:00:04,False,95112.54
TXN_00009689,CUST_0141,1249.31,EUR,WITHDRAWAL,HEALTHCARE,2024-10-23 16:13:57,False,49228.42
TXN_00008276,CUST_0177,266.02,EUR,PURCHASE,DINING,2024-10-23 16:32:30,False,23159.88
TXN_00002143,CUST_0096,609.24,EUR,PURCHASE,GROCERY,2024-10-23 17:10:23,False,2334.66
TXN_00003773,CUST_0127,75.79,EUR,PURCHASE,DINING,2024-10-23 17:19:09,False,3411.98
TXN_00007699,CUST_0048,200.95,USD,PURCHASE,UTILITIES,2024-10-23 18:39:18,False,86740.42
TXN_00005930,CUST_0083,24.98,EUR,TRANSFER,HEALTHCARE,2024-10-23 19:19:21,False,64924.07
TXN_00007011,CUST_0149,879.78,EUR,PURCHASE,UTILITIES,2024-10-24 07:19:40,False,90552.4
TXN_00009324,CUST_0143,336.1,GBP,PURCHASE,UTILITIES,2024-10-24 07:51:47,False,72576.95
TXN_00004558,CUST_0133,99.61,EUR,TRANSFER,HEALTHCARE,2024-10-24 09:02:59,False,34790.3
TXN_00007312,CUST_0000,1822.75,USD,PURCHASE,HEALTHCARE,2024-10-24 09:35:18,False,31018.95
TXN_00003082,CUST_0071,68.58,EUR,PURCHASE,ELECTRONICS,2024-10-24 09:55:16,False,48704.94
TXN_00004275,CUST_0048,232.85,EUR,PURCHASE,TRAVEL,2024-10-24 10:22:51,False,77489.12
TXN_00002484,CUST_0131,481.16,GBP,PURCHASE,DINING,2024-10-24 10:32:01,False,59695.46
TXN_00009715,CUST_0019,236.19,EUR,WITHDRAWAL,,2024-10-24 10:32:43,False,93440.12
TXN_00007953,CUST_0089,164.83,EUR,WITHDRAWAL,DINING,2024-10-24 10:34:37,False,61836.69
TXN_00002708,CUST_0173,175.77,EUR,TRANSFER,GROCERY,2024-10-24 11:14:00,False,48816.35
TXN_00001291,CUST_0124,358.68,EUR,TRANSFER,HEALTHCARE,2024-10-24 11:17:53,False,22935.95
TXN_00003761,CUST_0153,63.33,EUR,TRANSFER,DINING,2024-10-24 11:36:25,False,17637.69
TXN_00008469,CUST_0043,660.12,EUR,PURCHASE,GROCERY,2024-10-24 12:04:23,False,83533.25
TXN_00003565,CUST_0020,-930.26,EUR,REFUND,DINING,2024-10-24 12:57:45,False,74417.63
TXN_00001318,CUST_0060,155.56,EUR,PURCHASE,GROCERY,2024-10-24 13:03:18,False,18270.37
TXN_00005681,CUST_0172,740.5,USD,PURCHASE,UTILITIES,2024-10-24 13:08:40,True,72353.89
TXN_00005241,CUST_0004,2221.4,EUR,PURCHASE,DINING,2024-10-24 13:33:29,False,73668.65
TXN_00004389,CUST_0097,52.63,EUR,PURCHASE,DINING,2024-10-24 13:34:37,False,78374.61
TXN_00009800,CUST_0004,183.88,EUR,PURCHASE,DINING,2024-10-24 13:39:24,False,75439.05
TXN_00000493,CUST_0046,357.27,EUR,TRANSFER,GROCERY,2024-10-24 13:55:35,False,75083.03
TXN_00002188,CUST_0019,21.44,EUR,PURCHASE,ELECTRONICS,2024-10-24 14:55:00,False,24887.4
TXN_00002729,CUST_0063,147.71,EUR,WITHDRAWAL,GROCERY,2024-10-24 15:12:11,False,82925.16
TXN_00000819,CUST_0028,-299.5,EUR,REFUND,UTILITIES,2024-10-24 16:20:15,False,6636.04
TXN_00000058,CUST_0185,355.64,EUR,PURCHASE,TRAVEL,2024-10-24 16:25:47,False,87986.63
TXN_00001295,CUST_0119,471.85,EUR,TRANSFER,ELECTRONICS,2024-10-24 17:11:59,False,79679.93
TXN_00009886,CUST_0141,1250.11,USD,PURCHASE,GROCERY,2024-10-24 17:34:41,False,45015.59
TXN_00006697,CUST_0067,899.56,EUR,PURCHASE,UTILITIES,2024-10-24 17:57:16,False,63634.63
TXN_00004731,CUST_0016,35.88,EUR,PURCHASE,GROCERY,2024-10-24 20:23:47,True,65511.13
TXN_00005771,CUST_0153,5196.08,EUR,TRANSFER,GROCERY,2024-10-24 21:52:51,False,41597.24
TXN_00004705,CUST_0015,54.65,EUR,PURCHASE,DINING,2024-10-25 01:07:53,False,64940.43
TXN_00007348,CUST_0151,282.15,EUR,PURCHASE,HEALTHCARE,2024-10-25 06:20:30,False,66779.93
TXN_00008139,CUST_0043,571.81,EUR,TRANSFER,ELECTRONICS,2024-10-25 10:47:42,False,19173.6
TXN_00003549,CUST_0099,190.56,EUR,PURCHASE,ELECTRONICS,2024-10-25 11:49:24,False,40653.24
TXN_00002251,CUST_0144,606.54,USD,WITHDRAWAL,DINING,2024-10-25 12:19:19,False,36568.06
TXN_00008914,CUST_0182,502.66,EUR,PURCHASE,ELECTRONICS,2024-10-25 12:47:53,False,83704.36
TXN_00006532,CUST_0021,24.46,USD,TRANSFER,DINING,2024-10-25 12:54:47,False,8451.88
TXN_00004930,CUST_0134,282.65,EUR,TRANSFER,GROCERY,2024-10-25 13:52:26,False,9917.02
TXN_00002344,CUST_0012,62.78,USD,PURCHASE,GROCERY,2024-10-25 13:55:11,False,77506.48
TXN_00000086,CUST_0110,62.0,EUR,PURCHASE,UTILITIES,2024-10-25 14:41:54,False,36661.01
TXN_00001211,CUST_0136,256.49,EUR,PURCHASE,DINING,2024-10-25 15:35:57,False,76766.18
TXN_00005590,CUST_0088,4189.84,EUR,PURCHASE,TRAVEL,2024-10-25 15:54:38,False,74637.14
TXN_00009095,CUST_0032,38.95,EUR,PURCHASE,GROCERY,2024-10-25 16:02:24,False,48972.15
TXN_00001139,CUST_0187,378.34,EUR,PURCHASE,UTILITIES,2024-10-25 16:21:19,False,22952.11
TXN_00003433,CUST_0133,18.26,GBP,PURCHASE,UTILITIES,2024-10-25 16:46:34,False,45070.01
TXN_00001724,CUST_0098,257.49,EUR,WITHDRAWAL,HEALTHCARE,2024-10-25 16:59:25,False,24160.87
TXN_00009238,CUST_0008,-593.68,EUR,REFUND,UTILITIES,2024-10-25 17:03:11,False,81776.97
TXN_00009080,CUST_0173,1525.4,EUR,TRANSFER,HEALTHCARE,2024-10-25 19:46:49,False,56664.29
TXN_00001112,CUST_0107,95.25,EUR,TRANSFER,GROCERY,2024-10-25 22:15:12,False,80282.22
TXN_00009074,CUST_0040,278.89,GBP,TRANSFER,TRAVEL,2024-10-26 07:07:34,False,18545.09
TXN_00007574,CUST_0170,244.81,EUR,PURCHASE,GROCERY,2024-10-26 07:08:26,False,55401.73
TXN_00006937,CUST_0090,54.04,EUR,PURCHASE,ELECTRONICS,2024-10-26 07:30:58,False,18428.71
TXN_00009967,CUST_0126,1970.12,EUR,PURCHASE,TRAVEL,2024-10-26 08:06:36,False,83218.71
TXN_00007283,CUST_0034,71.4,EUR,PURCHASE,HEALTHCARE,2024-10-26 10:16:24,False,8493.78
TXN_00009643,CUST_0153,217.07,EUR,PURCHASE,GROCERY,2024-10-26 10:49:27,False,67935.27
TXN_00002103,CUST_0025,561.29,EUR,PURCHASE,ELECTRONICS,2024-10-26 10:59:11,False,25151.5
TXN_00003502,CUST_0187,3969.43,EUR,WITHDRAWAL,ELECTRONICS,2024-10-26 11:05:03,False,46261.77
TXN_00008775,CUST_0015,230.67,EUR,PURCHASE,GROCERY,2024-10-26 11:40:08,False,83779.43
TXN_00006268,CUST_0187,210.66,EUR,PURCHASE,HEALTHCARE,2024-10-26 12:11:19,False,72028.87
TXN_00008322,CUST_0188,-1137.63,EUR,REFUND,UTILITIES,2024-10-26 12:29:58,False,12135.02
TXN_00007604,CUST_0010,928.65,EUR,PURCHASE,GROCERY,2024-10-26 12:41:37,False,34806.76
TXN_00006217,CUST_0004,177.4,USD,PURCHASE,ELECTRONICS,2024-10-26 12:49:42,False,81970.3
TXN_00009750,CUST_0154,44.15,EUR,WITHDRAWAL,ELECTRONICS,2024-10-26 12:59:45,False,80197.57
TXN_00004835,CUST_0152,-2562.07,EUR,REFUND,UTILITIES,2024-10-26 14:02:05,False,2242.02
TXN_00007408,CUST_0028,-3.04,EUR,REFUND,UTILITIES,2024-10-26 14:13:55,False,62751.51
TXN_00005457,CUST_0117,610.91,EUR,TRANSFER,ELECTRONICS,2024-10-26 14:35:34,False,71650.95
TXN_00007083,CUST_0187,262.68,GBP,TRANSFER,GROCERY,2024-10-26 14:42:37,False,89560.12
TXN_00004633,CUST_0101,1508.15,GBP,PURCHASE,GROCERY,2024-10-26 15:01:14,False,72964.96
TXN_00009624,CUST_0031,39.62,USD,WITHDRAWAL,GROCERY,2024-10-26 15:07:49,False,62209.22
TXN_00006252,CUST_0101,8784.75,EUR,PURCHASE,UTILITIES,2024-10-26 15:15:04,False,87627.99
TXN_00002736,CUST_0050,1090.77,USD,PURCHASE,GROCERY,2024-10-26 15:22:41,False,70918.22
TXN_00005078,CUST_0179,111.5,GBP,PURCHASE,GROCERY,2024-10-26 16:15:25,False,77261.31
TXN_00005201,CUST_0104,1795.81,EUR,PURCHASE,HEALTHCARE,2024-10-26 16:23:54,False,57477.11
TXN_00004247,CUST_0137,164.18,GBP,PURCHASE,TRAVEL,2024-10-26 16:42:30,False,87551.97
TXN_00006542,CUST_0167,249.36,EUR,PURCHASE,UTILITIES,2024-10-26 16:45:37,False,98772.19
TXN_00001317,CUST_0171,123.71,EUR,PURCHASE,HEALTHCARE,2024-10-26 18:33:12,False,61401.66
TXN_00006907,CUST_0163,481.06,EUR,TRANSFER,ELECTRONICS,2024-10-26 18:42:05,False,93425.76
TXN_00002347,CUST_0101,-191.67,EUR,REFUND,DINING,2024-10-26 20:21:23,False,81013.35
TXN_00007407,CUST_0041,168.63,EUR,TRANSFER,ELECTRONICS,2024-10-27 01:33:19,False,96075.39
TXN_00005801,CUST_0177,288.6,EUR,PURCHASE,TRAVEL,2024-10-27 05:52:33,False,6108.03
TXN_00000424,CUST_0162,223.11,EUR,PURCHASE,UTILITIES,2024-10-27 06:45:35,False,53940.78
TXN_00006435,CUST_0131,140.53,EUR,PURCHASE,GROCERY,2024-10-27 07:07:55,False,65352.34
TXN_00008329,CUST_0128,6904.71,USD,PURCHASE,ELECTRONICS,2024-10-27 08:13:56,False,89164.37
TXN_00009485,CUST_0072,54.66,EUR,PURCHASE,UTILITIES,2024-10-27 09:20:11,False,8773.36
TXN_00007382,CUST_0093,15.6,EUR,PURCHASE,TRAVEL,2024-10-27 09:24:08,False,86917.72
TXN_00002793,CUST_0095,6.57,GBP,WITHDRAWAL,GROCERY,2024-10-27 09:39:58,False,32299.91
TXN_00005168,CUST_0146,483.84,EUR,PURCHASE,GROCERY,2024-10-27 09:44:30,False,64161.03
TXN_00006142,CUST_0163,81.66,EUR,TRANSFER,ELECTRONICS,2024-10-27 10:18:50,False,43863.38
TXN_00007287,CUST_0175,2058.89,EUR,PURCHASE,HEALTHCARE,2024-10-27 10:21:29,False,16000.73
TXN_00009189,CUST_0058,4299.34,USD,PURCHASE,ELECTRONICS,2024-10-27 10:23:10,False,32001.22
TXN_00004318,CUST_0172,188.22,GBP,WITHDRAWAL,HEALTHCARE,2024-10-27 10:28:57,False,30296.41
TXN_00007572,CUST_0060,68.21,EUR,PURCHASE,GROCERY,2024-10-27 10:39:26,False,35827.8
TXN_00002296,CUST_0187,334.4,EUR,TRANSFER,GROCERY,2024-10-27 11:51:41,False,39164.74
TXN_00009172,CUST_0174,106.66,EUR,PURCHASE,TRAVEL,2024-10-27 11:54:31,False,35435.6
TXN_00005780,CUST_0168,114.3,EUR,PURCHASE,HEALTHCARE,2024-10-27 12:06:26,False,4821.45
TXN_00006864,CUST_0108,16.33,EUR,WITHDRAWAL,ELECTRONICS,2024-10-27 12:15:31,False,60496.33
TXN_00006674,CUST_0027,74.2,GBP,PURCHASE,GROCERY,2024-10-27 12:20:02,False,76473.12
TXN_00005261,CUST_0134,131.21,EUR,TRANSFER,DINING,2024-10-27 13:12:37,False,56330.8
TXN_00002796,CUST_0194,496.78,EUR,PURCHASE,DINING,2024-10-27 13:14:35,False,90199.68
TXN_00004183,CUST_0107,375.34,EUR,TRANSFER,DINING,2024-10-27 15:19:07,False,42218.53
TXN_00008688,CUST_0078,405.58,GBP,TRANSFER,UTILITIES,2024-10-27 15:23:10,False,15045.07
TXN_00001820,CUST_0081,43.07,EUR,PURCHASE,UTILITIES,2024-10-27 16:29:57,False,72444.55
TXN_00000898,CUST_0147,1237.58,EUR,PURCHASE,TRAVEL,2024-10-27 16:30:27,False,85172.88
TXN_00008494,CUST_0018,375.6,EUR,WITHDRAWAL,HEALTHCARE,2024-10-27 17:00:34,False,95351.57
TXN_00002499,CUST_0183,47.43,USD,WITHDRAWAL,HEALTHCARE,2024-10-27 17:07:15,False,46658.35
TXN_00006619,CUST_0054,115.8,EUR,TRANSFER,ELECTRONICS,2024-10-27 17:30:09,False,12212.23
TXN_00006027,CUST_0044,194.47,EUR,PURCHASE,TRAVEL,2024-10-27 19:24:42,False,50445.61
TXN_00008107,CUST_0023,830.37,EUR,PURCHASE,HEALTHCARE,2024-10-27 20:01:41,False,9935.03
TXN_00007898,CUST_0150,356.63,EUR,PURCHASE,UTILITIES,2024-10-27 20:50:28,False,78636.96
TXN_00003579,CUST_0058,155.56,EUR,TRANSFER,ELECTRONICS,2024-10-27 21:40:37,False,59683.37
TXN_00008851,CUST_0022,637.04,EUR,PURCHASE,GROCERY,2024-10-28 04:58:01,False,96482.52
TXN_00008444,CUST_0146,434.84,USD,PURCHASE,UTILITIES,2024-10-28 05:29:29,False,25728.53
TXN_00003569,CUST_0146,195.9,EUR,PURCHASE,HEALTHCARE,2024-10-28 06:04:48,False,52941.46
TXN_00003325,CUST_0111,-655.96,EUR,REFUND,HEALTHCARE,2024-10-28 07:07:34,False,50050.17
TXN_00009473,CUST_0050,597.84,EUR,TRANSFER,DINING,2024-10-28 07:43:24,False,4055.35
TXN_00004522,CUST_0099,93.67,EUR,WITHDRAWAL,UTILITIES,2024-10-28 07:45:45,False,5869.34
TXN_00002067,CUST_0105,1098.61,EUR,TRANSFER,GROCERY,2024-10-28 08:21:10,False,83540.29
TXN_00004762,CUST_0153,178.15,USD,PURCHASE,DINING,2024-10-28 08:33:18,False,43038.9
TXN_00005516,CUST_0045,409.59,USD,PURCHASE,GROCERY,2024-10-28 08:53:34,False,64219.2
TXN_00001577,CUST_0095,4568.57,EUR,PURCHASE,DINING,2024-10-28 09:44:03,False,70558.35
TXN_00004838,CUST_0103,715.22,USD,PURCHASE,TRAVEL,2024-10-28 10:10:33,False,92850.74
TXN_00003746,CUST_0191,107.7,USD,PURCHASE,ELECTRONICS,2024-10-28 10:47:28,False,38728.87
TXN_00007815,CUST_0029,208.96,EUR,PURCHASE,DINING,2024-10-28 10:51:59,False,50384.38
TXN_00000080,CUST_0168,148.62,EUR,TRANSFER,HEALTHCARE,2024-10-28 11:20:31,False,65067.32
TXN_00006343,CUST_0043,1182.43,EUR,PURCHASE,GROCERY,2024-10-28 11:25:26,False,85428.16
TXN_00008785,CUST_0097,4978.65,EUR,TRANSFER,UTILITIES,2024-10-28 11:49:30,False,72997.52
TXN_00003316,CUST_0054,29.49,EUR,PURCHASE,HEALTHCARE,2024-10-28 13:10:55,False,10601.54
TXN_00001444,CUST_0032,1982.9,EUR,PURCHASE,UTILITIES,2024-10-28 13:23:47,False,30179.25
TXN_00003979,CUST_0172,10869.81,USD,WITHDRAWAL,ELECTRONICS,2024-10-28 13:54:45,False,601.69
TXN_00005754,CUST_0079,928.53,EUR,PURCHASE,GROCERY,2024-10-28 14:04:04,False,78021.33
TXN_00005617,CUST_0036,1448.43,USD,TRANSFER,DINING,2024-10-28 14:48:27,False,14945.85
TXN_00003777,CUST_0008,2104.63,GBP,PURCHASE,HEALTHCARE,2024-10-28 14:58:51,False,37586.86
TXN_00000613,CUST_0063,633.49,USD,PURCHASE,GROCERY,2024-10-28 15:38:26,False,5520.54
TXN_00009292,CUST_0132,121.32,EUR,WITHDRAWAL,DINING,2024-10-28 15:59:56,False,42348.08
TXN_00000340,CUST_0012,36.95,EUR,WITHDRAWAL,HEALTHCARE,2024-10-28 17:28:52,False,47666.43
TXN_00004061,CUST_0137,1392.45,USD,TRANSFER,ELECTRONICS,2024-10-28 18:29:36,False,84741.14
TXN_00007300,CUST_0199,198.28,EUR,PURCHASE,GROCERY,2024-10-28 19:55:04,False,67505.24
TXN_00002076,CUST_0065,328.46,USD,PURCHASE,TRAVEL,2024-10-28 20:40:02,False,14118.68
TXN_00003989,CUST_0187,1673.21,USD,WITHDRAWAL,DINING,2024-10-28 20:44:08,False,69760.83
TXN_00004842,CUST_0039,1401.08,EUR,PURCHASE,ELECTRONICS,2024-10-28 22:33:31,False,25666.14
TXN_00000706,CUST_0091,2241.71,EUR,TRANSFER,HEALTHCARE,2024-10-29 08:34:56,False,81563.09
TXN_00004046,CUST_0189,107.75,USD,PURCHASE,HEALTHCARE,2024-10-29 09:21:25,False,71172.95
TXN_00005851,CUST_0093,203.97,EUR,TRANSFER,GROCERY,2024-10-29 09:42:19,False,75358.23
TXN_00009225,CUST_0132,6635.01,EUR,PURCHASE,TRAVEL,2024-10-29 10:13:02,False,91024.69
TXN_00006347,CUST_0022,17.31,EUR,WITHDRAWAL,HEALTHCARE,2024-10-29 11:12:16,False,50141.51
TXN_00002605,CUST_0109,250.64,EUR,WITHDRAWAL,GROCERY,2024-10-29 11:15:42,False,45808.4
TXN_00002184,CUST_0137,275.31,EUR,TRANSFER,ELECTRONICS,2024-10-29 12:14:17,True,86368.77
TXN_00007886,CUST_0004,913.71,GBP,TRANSFER,TRAVEL,2024-10-29 12:29:03,False,28978.73
TXN_00000861,CUST_0016,39.86,EUR,PURCHASE,HEALTHCARE,2024-10-29 12:47:17,False,65013.65
TXN_00000524,CUST_0132,2302.22,USD,WITHDRAWAL,ELECTRONICS,2024-10-29 13:29:56,False,37565.51
TXN_00002931,CUST_0045,121.16,EUR,PURCHASE,GROCERY,2024-10-29 13:30:30,False,33930.39
TXN_00005200,CUST_0045,444.23,GBP,TRANSFER,TRAVEL,2024-10-29 13:52:12,False,74845.34
TXN_00005846,CUST_0000,513.5,EUR,TRANSFER,GROCERY,2024-10-29 14:23:30,False,75903.99
TXN_00009158,CUST_0008,-808.92,EUR,REFUND,TRAVEL,2024-10-29 14:30:37,False,51723.55
TXN_00005887,CUST_0057,1378.28,USD,WITHDRAWAL,UTILITIES,2024-10-29 15:09:50,False,11852.63
TXN_00000324,CUST_0078,21.88,USD,PURCHASE,DINING,2024-10-29 15:16:22,False,65752.8
TXN_00002772,CUST_0157,44.95,EUR,PURCHASE,GROCERY,2024-10-29 15:25:51,False,61719.76
TXN_00005744,CUST_0025,423.13,EUR,WITHDRAWAL,GROCERY,2024-10-29 16:21:33,False,77204.53
TXN_00001332,CUST_0079,530.56,USD,PURCHASE,DINING,2024-10-29 17:42:26,False,96871.7
TXN_00000248,CUST_0071,157.48,EUR,PURCHASE,UTILITIES,2024-10-29 18:04:28,False,65195.29
TXN_00008783,CUST_0054,369.37,USD,PURCHASE,TRAVEL,2024-10-29 19:05:06,False,71249.49
TXN_00004213,CUST_0197,327.71,EUR,PURCHASE,ELECTRONICS,2024-10-29 19:20:19,False,43387.87
TXN_00000445,CUST_0082,506.77,EUR,PURCHASE,DINING,2024-10-29 19:30:10,False,53623.09
TXN_00002795,CUST_0021,22.47,EUR,WITHDRAWAL,GROCERY,2024-10-29 21:28:21,False,78984.88
TXN_00009619,CUST_0031,169.67,EUR,WITHDRAWAL,GROCERY,2024-10-30 02:48:42,False,80309.74
TXN_00006137,CUST_0112,583.08,EUR,PURCHASE,HEALTHCARE,2024-10-30 03:48:47,False,41230.06
TXN_00009348,CUST_0198,54.16,USD,PURCHASE,HEALTHCARE,2024-10-30 05:40:52,False,58020.11
TXN_00001633,CUST_0194,722.5,EUR,PURCHASE,HEALTHCARE,2024-10-30 06:35:39,False,87936.5
TXN_00008882,CUST_0038,1857.36,EUR,PURCHASE,HEALTHCARE,2024-10-30 06:39:02,False,53214.52
TXN_00005856,CUST_0191,31.44,EUR,PURCHASE,ELECTRONICS,2024-10-30 07:01:05,False,90292.89
TXN_00007261,CUST_0084,52.9,GBP,PURCHASE,ELECTRONICS,2024-10-30 08:02:33,False,40436.52
TXN_00006167,CUST_0189,142.92,EUR,PURCHASE,TRAVEL,2024-10-30 08:03:42,False,19374.75
TXN_00003686,CUST_0093,-491.58,USD,REFUND,TRAVEL,2024-10-30 08:14:28,False,5741.56
TXN_00005866,CUST_0195,83.49,EUR,WITHDRAWAL,GROCERY,2024-10-30 10:39:12,False,87523.33
TXN_00005539,CUST_0167,1591.6,EUR,PURCHASE,HEALTHCARE,2024-10-30 11:48:24,False,27334.51
TXN_00005530,CUST_0179,-501.31,EUR,REFUND,TRAVEL,2024-10-30 11:51:14,False,90495.77
TXN_00009796,CUST_0065,114596.84,EUR,WITHDRAWAL,HEALTHCARE,2024-10-30 11:55:45,False,88024.8
TXN_00003273,CUST_0027,2046.22,EUR,PURCHASE,UTILITIES,2024-10-30 13:11:13,False,92643.1
TXN_00005067,CUST_0021,126.63,EUR,TRANSFER,GROCERY,2024-10-30 13:13:16,False,90145.67
TXN_00007772,CUST_0129,14.38,EUR,PURCHASE,GROCERY,2024-10-30 13:28:15,False,58811.83
TXN_00000060,CUST_0194,53.39,USD,PURCHASE,TRAVEL,2024-10-30 13:31:58,False,69095.81
TXN_00006366,CUST_0169,98.73,USD,PURCHASE,TRAVEL,2024-10-30 14:16:11,False,81092.55
TXN_00007151,CUST_0166,104.09,GBP,PURCHASE,UTILITIES,2024-10-30 14:18:51,False,36745.38
TXN_00004289,CUST_0089,14905.71,EUR,PURCHASE,ELECTRONICS,2024-10-30 14:21:19,False,2214.14
TXN_00007587,CUST_0155,46.66,USD,PURCHASE,TRAVEL,2024-10-30 14:22:11,False,80560.95
TXN_00000728,CUST_0033,792.83,USD,PURCHASE,UTILITIES,2024-10-30 14:32:52,False,57918.33
TXN_00008331,CUST_0068,379.83,EUR,WITHDRAWAL,TRAVEL,2024-10-30 15:08:07,False,8927.77
TXN_00002891,CUST_0171,989.41,EUR,PURCHASE,ELECTRONICS,2024-10-30 15:38:46,False,5214.51
TXN_00003946,CUST_0149,80.22,EUR,TRANSFER,ELECTRONICS,2024-10-30 16:03:53,False,28038.3
TXN_00005155,CUST_0146,44.23,EUR,TRANSFER,TRAVEL,2024-10-30 16:23:17,False,70171.94
TXN_00003127,CUST_0110,975.69,EUR,PURCHASE,TRAVEL,2024-10-30 16:47:45,False,35317.19
TXN_00007500,CUST_0019,60.1,EUR,TRANSFER,UTILITIES,2024-10-30 17:00:18,False,64633.03
TXN_00002767,CUST_0196,8.58,EUR,PURCHASE,DINING,2024-10-30 17:04:52,False,15653.24
TXN_00001115,CUST_0049,1127.87,EUR,WITHDRAWAL,DINING,2024-10-30 17:52:34,False,55605.56
TXN_00005616,CUST_0119,597.96,EUR,PURCHASE,ELECTRONICS,2024-10-30 18:56:03,False,25866.06
TXN_00003013,CUST_0188,405.76,EUR,PURCHASE,HEALTHCARE,2024-10-30 21:23:43,False,96255.59
TXN_00002853,CUST_0142,63.88,EUR,WITHDRAWAL,UTILITIES,2024-10-30 23:06:00,False,37911.45
TXN_00005849,CUST_0063,987.96,EUR,PURCHASE,,2024-10-31 04:57:34,False,70004.16
TXN_00001980,CUST_0173,174.01,EUR,WITHDRAWAL,DINING,2024-10-31 07:04:59,False,80634.64
TXN_00003719,CUST_0104,-450.35,EUR,REFUND,UTILITIES,2024-10-31 07:10:46,False,12877.62
TXN_00002918,CUST_0190,1195.52,USD,WITHDRAWAL,TRAVEL,2024-10-31 07:35:29,False,17185.77
TXN_00007987,CUST_0123,232.14,EUR,TRANSFER,GROCERY,2024-10-31 07:52:58,False,13936.86
TXN_00007042,CUST_0106,125.03,USD,PURCHASE,HEALTHCARE,2024-10-31 09:00:38,False,1596.03
TXN_00004887,CUST_0199,170.46,USD,PURCHASE,DINING,2024-10-31 09:06:29,False,65036.46
TXN_00007433,CUST_0058,596.02,EUR,TRANSFER,TRAVEL,2024-10-31 10:30:47,False,4330.28
TXN_00003683,CUST_0194,24.83,EUR,PURCHASE,HEALTHCARE,2024-10-31 10:33:40,False,1814.22
TXN_00006719,CUST_0078,83.23,EUR,TRANSFER,DINING,2024-10-31 11:10:34,False,52243.61
TXN_00006266,CUST_0130,409.34,EUR,PURCHASE,GROCERY,2024-10-31 11:20:12,False,90621.74
TXN_00007203,CUST_0160,360.32,EUR,PURCHASE,HEALTHCARE,2024-10-31 12:39:29,False,4032.95
TXN_00006318,CUST_0197,124.34,GBP,PURCHASE,GROCERY,2024-10-31 13:06:29,False,75971.78
TXN_00005068,CUST_0088,56.12,USD,PURCHASE,HEALTHCARE,2024-10-31 13:08:20,False,50767.35
TXN_00000416,CUST_0009,73.8,USD,PURCHASE,TRAVEL,2024-10-31 13:08:38,False,55557.23
TXN_00000153,CUST_0114,2247.55,EUR,PURCHASE,HEALTHCARE,2024-10-31 13:13:14,False,72829.57
TXN_00005528,CUST_0075,1215.13,USD,PURCHASE,HEALTHCARE,2024-10-31 13:59:23,False,52331.79
TXN_00003028,CUST_0097,85.4,EUR,TRANSFER,UTILITIES,2024-10-31 14:05:17,False,9395.38
TXN_00006081,CUST_0047,-229.58,USD,REFUND,HEALTHCARE,2024-10-31 14:19:13,False,1711.09
TXN_00007714,CUST_0118,174.37,EUR,TRANSFER,GROCERY,2024-10-31 14:19:46,False,15178.04
TXN_00003814,CUST_0108,8.76,EUR,PURCHASE,UTILITIES,2024-10-31 14:31:50,False,42678.36
TXN_00004409,CUST_0125,33.36,USD,WITHDRAWAL,DINING,2024-10-31 14:33:17,False,68211.8
TXN_00001207,CUST_0107,29.19,EUR,TRANSFER,HEALTHCARE,2024-10-31 15:20:50,False,47077.89
TXN_00007290,CUST_0097,87.57,EUR,PURCHASE,UTILITIES,2024-10-31 15:51:16,False,44475.68
TXN_00002037,CUST_0000,417.1,EUR,PURCHASE,TRAVEL,2024-10-31 16:33:29,False,92618.54
TXN_00001915,CUST_0137,15.16,EUR,WITHDRAWAL,ELECTRONICS,2024-10-31 16:41:11,False,18050.65
TXN_00000627,CUST_0135,2720.74,EUR,PURCHASE,TRAVEL,2024-10-31 16:45:18,False,26512.54
TXN_00001854,CUST_0015,80.3,USD,TRANSFER,UTILITIES,2024-10-31 17:22:28,False,19408.23
TXN_00005267,CUST_0053,59.5,GBP,PURCHASE,HEALTHCARE,2024-10-31 17:33:15,False,88169.57
TXN_00008554,CUST_0096,2800.44,GBP,TRANSFER,DINING,2024-10-31 19:31:27,False,26973.04
TXN_00002224,CUST_0184,2258.34,GBP,PURCHASE,HEALTHCARE,2024-10-31 19:36:30,False,17318.76
TXN_00004085,CUST_0097,230.0,EUR,PURCHASE,GROCERY,2024-10-31 20:24:09,False,64625.82
TXN_00002672,CUST_0048,184.49,EUR,PURCHASE,GROCERY,2024-11-01 05:42:41,False,43171.76
TXN_00004403,CUST_0051,9850.4,EUR,PURCHASE,HEALTHCARE,2024-11-01 06:01:19,False,84630.64
TXN_00002866,CUST_0062,335.25,GBP,PURCHASE,HEALTHCARE,2024-11-01 06:21:54,False,33867.91
TXN_00003310,CUST_0166,70.14,EUR,PURCHASE,HEALTHCARE,2024-11-01 06:38:54,False,48587.17
TXN_00002546,CUST_0110,1939.17,USD,TRANSFER,DINING,2024-11-01 08:31:21,False,54787.27
TXN_00007411,CUST_0182,34178.93,EUR,PURCHASE,DINING,2024-11-01 10:12:46,False,50544.4
TXN_00004461,CUST_0037,109.63,EUR,PURCHASE,ELECTRONICS,2024-11-01 10:57:56,True,44461.66
TXN_00001397,CUST_0110,91.74,EUR,PURCHASE,DINING,2024-11-01 11:37:26,False,28449.84
TXN_00009953,CUST_0003,419.75,USD,PURCHASE,GROCERY,2024-11-01 11:59:38,False,43859.99
TXN_00003293,CUST_0166,1089.67,USD,PURCHASE,DINING,2024-11-01 12:01:56,False,44691.01
TXN_00001326,CUST_0161,252.5,EUR,TRANSFER,UTILITIES,2024-11-01 12:10:27,False,77988.48
TXN_00008703,CUST_0163,114.98,EUR,TRANSFER,HEALTHCARE,2024-11-01 12:20:09,True,37601.44
TXN_00001438,CUST_0081,1596.78,EUR,PURCHASE,ELECTRONICS,2024-11-01 12:25:45,False,68401.78
TXN_00006844,CUST_0195,921.93,EUR,PURCHASE,HEALTHCARE,2024-11-01 12:55:06,False,1470.07
TXN_00008413,CUST_0038,226.91,EUR,PURCHASE,UTILITIES,2024-11-01 12:58:13,False,22511.43
TXN_00005686,CUST_0142,19.08,EUR,WITHDRAWAL,TRAVEL,2024-11-01 14:04:51,False,60227.43
TXN_00005848,CUST_0023,761.83,EUR,WITHDRAWAL,HEALTHCARE,2024-11-01 14:58:00,False,44518.2
TXN_00002022,CUST_0000,244.34,EUR,PURCHASE,DINING,2024-11-01 15:27:13,False,52273.8
TXN_00004120,CUST_0085,100.93,GBP,TRANSFER,TRAVEL,2024-11-01 16:13:59,False,38930.15
TXN_00004722,CUST_0010,212.89,EUR,PURCHASE,TRAVEL,2024-11-01 16:57:18,False,11721.57
TXN_00004757,CUST_0084,1324.84,EUR,PURCHASE,HEALTHCARE,2024-11-01 17:01:14,False,10750.12
TXN_00009636,CUST_0102,145.85,EUR,TRANSFER,UTILITIES,2024-11-01 17:21:08,False,37967.55
TXN_00001607,CUST_0174,113.89,EUR,TRANSFER,ELECTRONICS,2024-11-01 17:47:29,False,41249.34
TXN_00008410,CUST_0175,522.33,USD,PURCHASE,ELECTRONICS,2024-11-01 18:59:22,False,21641.3
TXN_00006287,CUST_0058,377.49,EUR,PURCHASE,,2024-11-01 20:59:47,False,84276.82
TXN_00000175,CUST_0180,-514.09,EUR,REFUND,HEALTHCARE,2024-11-01 21:11:00,False,52703.34
TXN_00003370,CUST_0099,98.62,EUR,TRANSFER,ELECTRONICS,2024-11-02 07:20:47,False,58238.58
TXN_00003994,CUST_0126,1454.93,GBP,TRANSFER,UTILITIES,2024-11-02 08:00:50,False,27715.12
TXN_00004155,CUST_0095,103.69,USD,PURCHASE,,2024-11-02 10:16:16,False,86251.69
TXN_00003033,CUST_0185,253.13,EUR,PURCHASE,ELECTRONICS,2024-11-02 10:47:07,False,75807.0
TXN_00003675,CUST_0191,50.2,EUR,WITHDRAWAL,DINING,2024-11-02 11:20:59,True,72669.56
TXN_00008916,CUST_0125,539.18,EUR,PURCHASE,HEALTHCARE,2024-11-02 11:25:05,False,29548.83
TXN_00009075,CUST_0076,205.67,USD,PURCHASE,ELECTRONICS,2024-11-02 11:34:56,False,33809.46
TXN_00001971,CUST_0177,756.05,GBP,WITHDRAWAL,UTILITIES,2024-11-02 12:04:12,False,37643.78
TXN_00007960,CUST_0018,97.03,EUR,PURCHASE,UTILITIES,2024-11-02 13:08:06,False,86807.36
TXN_00001239,CUST_0043,109.53,GBP,PURCHASE,GROCERY,2024-11-02 14:29:10,False,35057.09
TXN_00005583,CUST_0025,1294.07,EUR,PURCHASE,ELECTRONICS,2024-11-02 15:10:13,False,42157.59
TXN_00003730,CUST_0142,290.91,EUR,TRANSFER,HEALTHCARE,2024-11-02 15:39:31,False,35852.72
TXN_00006212,CUST_0017,541.6,EUR,PURCHASE,UTILITIES,2024-11-02 15:54:26,False,71388.2
TXN_00000852,CUST_0011,32.64,EUR,TRANSFER,DINING,2024-11-02 16:47:55,False,12259.97
TXN_00003466,CUST_0079,57.9,EUR,PURCHASE,ELECTRONICS,2024-11-02 16:53:27,False,39569.62
TXN_00006763,CUST_0047,154.51,EUR,WITHDRAWAL,HEALTHCARE,2024-11-02 17:01:31,False,36079.96
TXN_00008101,CUST_0162,300.17,EUR,WITHDRAWAL,GROCERY,2024-11-02 17:14:24,False,64149.24
TXN_00008930,CUST_0151,293.22,EUR,WITHDRAWAL,GROCERY,2024-11-02 17:27:54,False,89110.08
TXN_00002293,CUST_0055,56.59,EUR,PURCHASE,ELECTRONICS,2024-11-02 17:53:32,False,15636.56
TXN_00006438,CUST_0116,123.54,EUR,WITHDRAWAL,GROCERY,2024-11-02 18:16:04,False,81012.49
TXN_00007084,CUST_0021,2006.9,USD,PURCHASE,DINING,2024-11-02 18:39:05,False,4586.56
TXN_00000699,CUST_0190,116.7,USD,WITHDRAWAL,HEALTHCARE,2024-11-02 19:46:17,False,61622.3
TXN_00004599,CUST_0044,112.16,EUR,PURCHASE,UTILITIES,2024-11-02 21:05:26,False,1071.53
TXN_00009544,CUST_0048,378.24,GBP,TRANSFER,UTILITIES,2024-11-02 21:36:00,False,24083.06
TXN_00007157,CUST_0190,45.52,EUR,PURCHASE,UTILITIES,2024-11-03 08:10:27,False,58749.0
TXN_00008644,CUST_0070,594.04,GBP,TRANSFER,TRAVEL,2024-11-03 08:11:50,False,99482.48
TXN_00001691,CUST_0013,108.99,EUR,PURCHASE,TRAVEL,2024-11-03 08:12:40,False,67113.74
TXN_00003573,CUST_0082,281.18,EUR,PURCHASE,DINING,2024-11-03 09:04:10,False,55234.54
TXN_00005083,CUST_0119,23.04,GBP,PURCHASE,ELECTRONICS,2024-11-03 09:05:27,False,52015.23
TXN_00003019,CUST_0119,1060.32,EUR,PURCHASE,GROCERY,2024-11-03 09:09:45,False,3084.64
TXN_00003903,CUST_0023,118.58,GBP,PURCHASE,UTILITIES,2024-11-03 09:37:26,False,79580.91
TXN_00001398,CUST_0114,25.6,EUR,WITHDRAWAL,GROCERY,2024-11-03 09:59:33,False,83226.85
TXN_00002419,CUST_0137,314.64,EUR,PURCHASE,DINING,2024-11-03 10:54:24,False,41810.34
TXN_00008543,CUST_0085,134.59,GBP,TRANSFER,UTILITIES,2024-11-03 11:46:55,False,10291.55
TXN_00001572,CUST_0158,399.21,EUR,TRANSFER,TRAVEL,2024-11-03 12:20:52,False,73444.79
TXN_00000721,CUST_0036,109.14,EUR,PURCHASE,DINING,2024-11-03 12:24:13,False,23348.21
TXN_00004266,CUST_0163,13.19,EUR,PURCHASE,DINING,2024-11-03 12:54:30,False,882.89
TXN_00000055,CUST_0134,1809.56,GBP,PURCHASE,DINING,2024-11-03 13:40:32,False,49709.97
TXN_00002071,CUST_0172,34.8,USD,PURCHASE,UTILITIES,2024-11-03 14:53:15,False,19243.07
TXN_00007341,CUST_0182,75.24,USD,TRANSFER,ELECTRONICS,2024-11-03 15:31:14,False,30292.63
TXN_00009820,CUST_0113,255.08,EUR,PURCHASE,TRAVEL,2024-11-03 15:40:32,False,85938.04
TXN_00007305,CUST_0017,569.75,USD,PURCHASE,TRAVEL,2024-11-03 15:55:17,False,23278.25
TXN_00005748,CUST_0009,180.79,EUR,PURCHASE,ELECTRONICS,2024-11-03 17:32:17,False,35846.44
TXN_00004204,CUST_0170,781.79,EUR,PURCHASE,ELECTRONICS,2024-11-03 17:33:39,False,16288.61
TXN_00001734,CUST_0099,47.72,USD,WITHDRAWAL,TRAVEL,2024-11-03 17:54:09,False,70151.86
TXN_00004172,CUST_0147,-36.68,EUR,REFUND,HEALTHCARE,2024-11-03 19:38:07,False,11794.31
TXN_00002151,CUST_0155,120.41,EUR,TRANSFER,UTILITIES,2024-11-04 05:16:21,False,83101.54
TXN_00000241,CUST_0074,783.53,EUR,WITHDRAWAL,HEALTHCARE,2024-11-04 06:39:39,False,66350.31
TXN_00004237,CUST_0010,-140.55,USD,REFUND,TRAVEL,2024-11-04 08:30:17,False,15872.44
TXN_00001657,CUST_0120,129.33,USD,PURCHASE,GROCERY,2024-11-04 08:35:09,False,45809.69
TXN_00008313,CUST_0184,56.33,GBP,PURCHASE,DINING,2024-11-04 08:36:55,False,54439.78
TXN_00005238,CUST_0021,1433.98,EUR,TRANSFER,GROCERY,2024-11-04 09:02:17,False,7575.05
TXN_00008708,CUST_0173,143.56,EUR,PURCHASE,UTILITIES,2024-11-04 09:15:21,False,72191.01
TXN_00006476,CUST_0193,365.33,GBP,PURCHASE,GROCERY,2024-11-04 10:31:13,False,59304.9
TXN_00002902,CUST_0155,95.74,EUR,WITHDRAWAL,TRAVEL,2024-11-04 11:15:16,False,59232.1
TXN_00008879,CUST_0106,6415.93,USD,PURCHASE,GROCERY,2024-11-04 11:36:36,False,36178.57
TXN_00008682,CUST_0079,-1021.15,EUR,REFUND,GROCERY,2024-11-04 11:38:42,False,90861.45
TXN_00004956,CUST_0123,3327.53,EUR,WITHDRAWAL,,2024-11-04 11:54:09,False,96287.86
TXN_00001004,CUST_0041,35.57,USD,PURCHASE,UTILITIES,2024-11-04 12:21:35,False,29044.44
TXN_00004533,CUST_0184,35.09,USD,WITHDRAWAL,DINING,2024-11-04 12:40:33,False,70520.89
TXN_00009866,CUST_0113,8325.75,USD,PURCHASE,TRAVEL,2024-11-04 13:03:00,False,40849.85
TXN_00007062,CUST_0161,252.7,EUR,PURCHASE,HEALTHCARE,2024-11-04 13:20:20,False,75699.77
TXN_00007351,CUST_0120,501.77,EUR,TRANSFER,HEALTHCARE,2024-11-04 13:49:41,False,46915.85
TXN_00007004,CUST_0058,-1706.4,EUR,REFUND,DINING,2024-11-04 14:13:22,False,78251.61
TXN_00003414,CUST_0177,328.07,EUR,PURCHASE,ELECTRONICS,2024-11-04 14:33:07,False,91260.11
TXN_00003031,CUST_0051,34.52,EUR,PURCHASE,TRAVEL,2024-11-04 14:35:06,False,54372.79
TXN_00001974,CUST_0153,543.32,EUR,PURCHASE,ELECTRONICS,2024-11-04 15:23:49,False,49379.27
TXN_00007543,CUST_0101,185.86,USD,PURCHASE,TRAVEL,2024-11-04 15:59:03,False,35320.58
TXN_00000309,CUST_0013,33.43,EUR,PURCHASE,DINING,2024-11-04 16:06:09,False,59426.91
TXN_00007178,CUST_0069,42.78,EUR,PURCHASE,ELECTRONICS,2024-11-04 17:14:38,False,13613.08
TXN_00000264,CUST_0047,315.53,EUR,PURCHASE,UTILITIES,2024-11-04 17:52:25,False,33889.21
TXN_00007602,CUST_0162,873.13,EUR,PURCHASE,TRAVEL,2024-11-04 17:56:41,True,38137.32
TXN_00001449,CUST_0104,-766.78,EUR,REFUND,UTILITIES,2024-11-04 18:25:45,False,72833.6
TXN_00002713,CUST_0065,250.96,EUR,TRANSFER,GROCERY,2024-11-04 18:58:04,False,59334.14
TXN_00006342,CUST_0112,272.25,USD,PURCHASE,ELECTRONICS,2024-11-04 19:56:26,False,81030.48
TXN_00004399,CUST_0116,89.87,USD,PURCHASE,GROCERY,2024-11-04 20:51:16,False,6034.83
TXN_00008203,CUST_0098,188.0,EUR,PURCHASE,ELECTRONICS,2024-11-04 23:52:16,False,2035.73
TXN_00001681,CUST_0116,85.81,USD,PURCHASE,DINING,2024-11-05 01:15:00,False,32982.77
TXN_00000014,CUST_0054,1986.84,EUR,PURCHASE,HEALTHCARE,2024-11-05 04:35:13,False,73257.4
TXN_00004312,CUST_0072,310.82,USD,WITHDRAWAL,HEALTHCARE,2024-11-05 06:13:13,False,13926.85
TXN_00005694,CUST_0000,254.22,EUR,PURCHASE,DINING,2024-11-05 06:58:58,True,47217.29
TXN_00002065,CUST_0125,93.71,EUR,PURCHASE,TRAVEL,2024-11-05 08:19:49,False,7483.32
TXN_00006722,CUST_0136,60.54,EUR,TRANSFER,DINING,2024-11-05 08:59:13,False,63186.57
TXN_00005239,CUST_0064,5850.09,EUR,PURCHASE,UTILITIES,2024-11-05 10:39:01,False,1855.04
TXN_00009881,CUST_0013,66.19,EUR,WITHDRAWAL,UTILITIES,2024-11-05 10:53:50,False,49326.58
TXN_00000312,CUST_0188,-160.07,USD,REFUND,TRAVEL,2024-11-05 11:35:50,False,99395.54
TXN_00005854,CUST_0197,43.77,EUR,TRANSFER,UTILITIES,2024-11-05 11:44:52,False,517.94
TXN_00008376,CUST_0192,174.24,EUR,TRANSFER,HEALTHCARE,2024-11-05 12:19:48,False,37142.31
TXN_00003405,CUST_0108,1038.46,EUR,PURCHASE,UTILITIES,2024-11-05 12:22:10,False,33807.01
TXN_00004367,CUST_0051,1266.83,EUR,PURCHASE,DINING,2024-11-05 13:11:14,True,6836.86
TXN_00007127,CUST_0019,600.45,EUR,PURCHASE,DINING,2024-11-05 13:21:13,False,46273.78
TXN_00001458,CUST_0065,-548.19,EUR,REFUND,UTILITIES,2024-11-05 13:34:59,False,91306.64
TXN_00000870,CUST_0135,81.98,EUR,PURCHASE,ELECTRONICS,2024-11-05 13:59:42,False,55597.94
TXN_00006309,CUST_0188,20.63,EUR,PURCHASE,UTILITIES,2024-11-05 14:15:40,False,48394.43
TXN_00009598,CUST_0197,236.24,EUR,PURCHASE,ELECTRONICS,2024-11-05 14:25:00,False,62461.49
TXN_00000865,CUST_0072,224.53,EUR,PURCHASE,HEALTHCARE,2024-11-05 14:55:21,False,6471.91
TXN_00009446,CUST_0008,380.35,EUR,PURCHASE,UTILITIES,2024-11-05 15:42:20,False,18098.54
TXN_00008294,CUST_0042,45.01,USD,WITHDRAWAL,UTILITIES,2024-11-05 16:12:24,False,71583.18
TXN_00005176,CUST_0121,126.73,GBP,PURCHASE,UTILITIES,2024-11-05 16:16:47,False,70230.22
TXN_00009760,CUST_0048,28.4,USD,PURCHASE,TRAVEL,2024-11-05 17:10:28,False,18499.45
TXN_00002305,CUST_0054,282.33,EUR,WITHDRAWAL,ELECTRONICS,2024-11-05 17:13:35,False,7139.71
TXN_00000804,CUST_0100,32.34,EUR,PURCHASE,HEALTHCARE,2024-11-05 17:20:53,False,91263.34
TXN_00002675,CUST_0050,1001.08,EUR,PURCHASE,UTILITIES,2024-11-05 17:24:47,False,80395.14
TXN_00000316,CUST_0099,12.38,EUR,PURCHASE,TRAVEL,2024-11-05 21:53:21,False,74935.92
TXN_00006117,CUST_0019,154.53,EUR,TRANSFER,GROCERY,2024-11-06 03:06:22,False,56554.0
TXN_00003490,CUST_0153,203.36,USD,WITHDRAWAL,HEALTHCARE,2024-11-06 04:22:26,False,50889.39
TXN_00001981,CUST_0151,41.7,EUR,WITHDRAWAL,ELECTRONICS,2024-11-06 05:15:34,False,4460.13
TXN_00004677,CUST_0149,49.15,EUR,TRANSFER,DINING,2024-11-06 06:17:42,False,84526.44
TXN_00003538,CUST_0147,179.55,EUR,PURCHASE,ELECTRONICS,2024-11-06 09:25:35,False,78181.34
TXN_00002938,CUST_0079,28.8,USD,TRANSFER,GROCERY,2024-11-06 09:58:03,False,96652.41
TXN_00002792,CUST_0104,1302.69,EUR,TRANSFER,ELECTRONICS,2024-11-06 10:11:19,False,46363.24
TXN_00000097,CUST_0093,1789.69,EUR,PURCHASE,ELECTRONICS,2024-11-06 10:39:51,False,7476.2
TXN_00004632,CUST_0136,974.83,EUR,PURCHASE,DINING,2024-11-06 10:39:52,False,90295.72
TXN_00001307,CUST_0062,1057.35,EUR,TRANSFER,HEALTHCARE,2024-11-06 10:51:28,False,6680.12
TXN_00004379,CUST_0073,36.42,GBP,TRANSFER,TRAVEL,2024-11-06 10:54:55,False,13583.6
TXN_00001907,CUST_0149,385.29,USD,PURCHASE,UTILITIES,2024-11-06 11:22:08,False,27876.74
TXN_00005255,CUST_0091,259.18,USD,PURCHASE,HEALTHCARE,2024-11-06 13:03:30,False,96404.48
TXN_00008277,CUST_0046,274.76,EUR,PURCHASE,UTILITIES,2024-11-06 13:05:38,False,63011.77
TXN_00005180,CUST_0036,60.14,GBP,PURCHASE,GROCERY,2024-11-06 14:22:08,False,3002.27
TXN_00002693,CUST_0193,91.84,EUR,PURCHASE,HEALTHCARE,2024-11-06 15:54:59,False,85258.16
TXN_00001775,CUST_0081,29.84,EUR,PURCHASE,GROCERY,2024-11-06 16:03:14,False,67880.37
TXN_00008755,CUST_0139,104.91,EUR,WITHDRAWAL,TRAVEL,2024-11-06 16:05:19,False,2219.0
TXN_00000535,CUST_0021,460.34,EUR,PURCHASE,ELECTRONICS,2024-11-06 16:05:34,False,9580.43
TXN_00003927,CUST_0142,1897.27,USD,WITHDRAWAL,UTILITIES,2024-11-06 17:08:16,False,25625.79
TXN_00002739,CUST_0034,454.67,EUR,PURCHASE,HEALTHCARE,2024-11-06 19:24:26,True,2123.66
TXN_00003510,CUST_0022,184.93,GBP,PURCHASE,ELECTRONICS,2024-11-06 19:26:08,False,48312.49
TXN_00000148,CUST_0016,124.6,GBP,PURCHASE,UTILITIES,2024-11-07 02:57:43,False,59258.22
TXN_00006905,CUST_0143,196.98,EUR,TRANSFER,GROCERY,2024-11-07 08:06:38,False,86666.59
TXN_00009252,CUST_0162,84.97,EUR,PURCHASE,ELECTRONICS,2024-11-07 08:40:37,False,73279.9
TXN_00003681,CUST_0182,778.22,USD,PURCHASE,TRAVEL,2024-11-07 09:31:09,False,31261.51
TXN_00005120,CUST_0162,216.29,USD,TRANSFER,UTILITIES,2024-11-07 10:13:56,False,53689.81
TXN_00008889,CUST_0163,39.65,EUR,PURCHASE,ELECTRONICS,2024-11-07 10:56:54,False,685.51
TXN_00006524,CUST_0034,141.46,USD,PURCHASE,UTILITIES,2024-11-07 11:49:20,True,92740.5
TXN_00003393,CUST_0041,1555.87,USD,PURCHASE,TRAVEL,2024-11-07 12:29:21,False,27916.2
TXN_00002696,CUST_0009,4834.95,EUR,PURCHASE,GROCERY,2024-11-07 13:16:57,False,15415.69
TXN_00009157,CUST_0146,165.49,USD,PURCHASE,TRAVEL,2024-11-07 14:05:49,False,74262.28
TXN_00008317,CUST_0092,743.68,EUR,WITHDRAWAL,HEALTHCARE,2024-11-07 14:41:26,False,46921.73
TXN_00006441,CUST_0063,92.02,EUR,PURCHASE,TRAVEL,2024-11-07 15:05:55,False,23911.86
TXN_00006875,CUST_0017,153.36,EUR,PURCHASE,HEALTHCARE,2024-11-07 17:01:17,False,86391.24
TXN_00006584,CUST_0037,130.42,EUR,PURCHASE,DINING,2024-11-07 18:20:00,False,69447.81
TXN_00004629,CUST_0146,1979.41,USD,WITHDRAWAL,ELECTRONICS,2024-11-07 22:49:06,False,96926.03
TXN_00002079,CUST_0112,256.49,EUR,TRANSFER,GROCERY,2024-11-07 23:39:00,False,96256.96
TXN_00005747,CUST_0147,43.98,EUR,PURCHASE,GROCERY,2024-11-08 05:39:37,False,18870.99
TXN_00009898,CUST_0002,1245.03,EUR,PURCHASE,GROCERY,2024-11-08 06:46:51,False,65760.18
TXN_00009064,CUST_0047,342.59,EUR,PURCHASE,HEALTHCARE,2024-11-08 08:47:09,False,30033.25
TXN_00009056,CUST_0065,7271.14,EUR,PURCHASE,GROCERY,2024-11-08 08:50:36,False,8737.82
TXN_00002570,CUST_0085,2335.64,EUR,PURCHASE,HEALTHCARE,2024-11-08 09:15:23,False,21578.67
TXN_00001094,CUST_0003,378.7,EUR,TRANSFER,DINING,2024-11-08 09:29:29,False,99464.96
TXN_00000950,CUST_0160,177.96,EUR,PURCHASE,UTILITIES,2024-11-08 10:05:36,False,66464.39
TXN_00003221,CUST_0192,339.83,EUR,TRANSFER,,2024-11-08 10:25:05,False,8869.55
TXN_00002953,CUST_0083,745.09,USD,PURCHASE,DINING,2024-11-08 10:34:45,False,12101.31
TXN_00009043,CUST_0103,687.79,EUR,PURCHASE,UTILITIES,2024-11-08 10:34:56,False,2634.22
TXN_00005045,CUST_0068,137.91,USD,PURCHASE,UTILITIES,2024-11-08 11:00:07,False,63692.31
TXN_00001078,CUST_0194,444.36,GBP,PURCHASE,GROCERY,2024-11-08 12:12:44,False,75144.64
TXN_00000776,CUST_0163,157.41,EUR,WITHDRAWAL,DINING,2024-11-08 12:23:38,False,93289.58
TXN_00003344,CUST_0008,16.94,EUR,PURCHASE,UTILITIES,2024-11-08 12:46:51,False,40226.85
TXN_00000951,CUST_0119,123.61,EUR,WITHDRAWAL,DINING,2024-11-08 13:09:39,False,14801.98
TXN_00008550,CUST_0192,63.87,EUR,PURCHASE,DINING,2024-11-08 13:12:18,False,24557.92
TXN_00003635,CUST_0065,1145.13,EUR,PURCHASE,HEALTHCARE,2024-11-08 13:27:16,False,11372.77
TXN_00002300,CUST_0180,155.25,EUR,PURCHASE,UTILITIES,2024-11-08 13:32:07,False,24801.1
TXN_00006608,CUST_0056,120.44,EUR,TRANSFER,GROCERY,2024-11-08 14:04:22,False,58164.89
TXN_00001049,CUST_0154,1573.08,EUR,PURCHASE,TRAVEL,2024-11-08 14:21:08,False,49951.7
TXN_00008664,CUST_0146,286.66,USD,PURCHASE,ELECTRONICS,2024-11-08 14:37:30,False,41852.68
TXN_00006170,CUST_0000,202.88,EUR,TRANSFER,GROCERY,2024-11-08 14:41:45,False,54687.58
TXN_00001465,CUST_0119,2753.01,USD,PURCHASE,TRAVEL,2024-11-08 15:38:22,False,66808.29
TXN_00001470,CUST_0185,-328.04,EUR,REFUND,ELECTRONICS,2024-11-08 15:47:44,False,48125.52
TXN_00007451,CUST_0002,-190.7,EUR,REFUND,TRAVEL,2024-11-08 16:53:15,False,60424.04
TXN_00003852,CUST_0181,164.32,EUR,TRANSFER,TRAVEL,2024-11-08 17:14:15,False,29622.22
TXN_00001163,CUST_0110,80.28,EUR,PURCHASE,TRAVEL,2024-11-08 17:54:41,False,87289.73
TXN_00001591,CUST_0195,175.92,EUR,PURCHASE,HEALTHCARE,2024-11-09 03:31:30,False,65311.37
TXN_00002738,CUST_0124,52.15,GBP,PURCHASE,TRAVEL,2024-11-09 06:22:02,False,23469.28
TXN_00009345,CUST_0101,2096.32,EUR,PURCHASE,UTILITIES,2024-11-09 06:40:40,False,49332.59
TXN_00000616,CUST_0179,155.99,EUR,TRANSFER,UTILITIES,2024-11-09 07:50:30,False,12266.58
TXN_00007092,CUST_0021,279.37,EUR,TRANSFER,DINING,2024-11-09 08:14:27,False,65628.0
TXN_00000700,CUST_0000,99.95,GBP,PURCHASE,HEALTHCARE,2024-11-09 08:21:16,False,60852.37
TXN_00008007,CUST_0167,32.25,EUR,PURCHASE,ELECTRONICS,2024-11-09 09:14:29,False,32211.23
TXN_00000656,CUST_0197,736.2,USD,TRANSFER,HEALTHCARE,2024-11-09 09:48:18,False,32131.96
TXN_00007560,CUST_0192,591.66,EUR,PURCHASE,ELECTRONICS,2024-11-09 09:48:39,False,21068.63
TXN_00000123,CUST_0136,1590.45,EUR,WITHDRAWAL,HEALTHCARE,2024-11-09 09:52:49,False,26112.82
TXN_00006900,CUST_0101,6.47,EUR,PURCHASE,TRAVEL,2024-11-09 10:01:55,False,23105.32
TXN_00009733,CUST_0030,17.19,GBP,WITHDRAWAL,TRAVEL,2024-11-09 10:02:29,False,45471.68
TXN_00004220,CUST_0134,19.87,USD,PURCHASE,UTILITIES,2024-11-09 10:44:13,False,32439.86
TXN_00003172,CUST_0067,220.14,EUR,WITHDRAWAL,TRAVEL,2024-11-09 10:53:03,False,80290.95
TXN_00009094,CUST_0196,195.13,EUR,TRANSFER,GROCERY,2024-11-09 11:17:51,False,43784.85
TXN_00005357,CUST_0094,44.31,EUR,TRANSFER,ELECTRONICS,2024-11-09 11:36:56,False,11938.52
TXN_00004471,CUST_0188,1166.05,EUR,PURCHASE,GROCERY,2024-11-09 12:15:50,False,77548.4
TXN_00005519,CUST_0070,48.29,EUR,PURCHASE,ELECTRONICS,2024-11-09 13:29:28,False,19092.41
TXN_00005431,CUST_0135,8.48,EUR,PURCHASE,GROCERY,2024-11-09 13:30:35,False,1114.84
TXN_00006788,CUST_0141,35.0,GBP,TRANSFER,DINING,2024-11-09 13:58:52,False,92689.67
TXN_00004286,CUST_0079,117.12,USD,PURCHASE,ELECTRONICS,2024-11-09 14:52:02,False,36940.28
TXN_00006644,CUST_0057,1307.92,USD,TRANSFER,DINING,2024-11-09 15:01:31,False,7662.28
TXN_00008041,CUST_0039,301.79,USD,TRANSFER,TRAVEL,2024-11-09 15:22:36,True,8878.36
TXN_00001088,CUST_0026,780.97,EUR,TRANSFER,GROCERY,2024-11-09 15:58:06,False,74695.78
TXN_00002283,CUST_0055,192.25,EUR,TRANSFER,UTILITIES,2024-11-09 16:18:23,False,31117.36
TXN_00003123,CUST_0169,727.31,EUR,PURCHASE,DINING,2024-11-09 16:19:33,False,71938.63
TXN_00003423,CUST_0031,427.2,USD,PURCHASE,UTILITIES,2024-11-09 16:29:40,False,52761.67
TXN_00008637,CUST_0166,22.51,EUR,TRANSFER,HEALTHCARE,2024-11-09 16:40:51,True,4508.05
TXN_00003002,CUST_0088,791.64,EUR,TRANSFER,DINING,2024-11-09 16:53:04,False,60655.67
TXN_00009765,CUST_0012,250.39,EUR,PURCHASE,UTILITIES,2024-11-09 16:57:56,False,17686.43
TXN_00008542,CUST_0186,86.74,EUR,PURCHASE,GROCERY,2024-11-09 17:00:21,False,21820.64
TXN_00004824,CUST_0089,618.05,USD,PURCHASE,TRAVEL,2024-11-09 18:00:38,False,49279.04
TXN_00004336,CUST_0136,364.65,EUR,PURCHASE,GROCERY,2024-11-09 18:46:25,False,83471.3
TXN_00005344,CUST_0160,1948.82,EUR,PURCHASE,ELECTRONICS,2024-11-09 20:25:57,False,49872.85
TXN_00001287,CUST_0133,332.94,EUR,PURCHASE,UTILITIES,2024-11-09 20:29:54,False,89034.01
TXN_00009057,CUST_0154,968.11,EUR,PURCHASE,UTILITIES,2024-11-09 23:27:26,False,46143.94
TXN_00000596,CUST_0052,235.13,EUR,PURCHASE,HEALTHCARE,2024-11-10 04:49:21,False,26204.89
TXN_00006059,CUST_0087,1180.17,EUR,TRANSFER,ELECTRONICS,2024-11-10 06:21:07,False,66648.15
TXN_00000213,CUST_0093,108.32,USD,PURCHASE,,2024-11-10 07:44:05,False,85764.78
TXN_00006516,CUST_0156,1132.3,GBP,PURCHASE,ELECTRONICS,2024-11-10 07:54:26,False,38090.65
TXN_00000167,CUST_0009,-39.3,EUR,REFUND,ELECTRONICS,2024-11-10 08:26:48,False,46671.44
TXN_00005455,CUST_0081,1002.14,USD,TRANSFER,GROCERY,2024-11-10 10:24:16,False,98750.69
TXN_00001767,CUST_0087,138.0,EUR,WITHDRAWAL,,2024-11-10 10:31:38,False,31299.49
TXN_00009139,CUST_0070,43.63,EUR,TRANSFER,HEALTHCARE,2024-11-10 11:13:35,False,66639.45
TXN_00004106,CUST_0066,789.0,USD,PURCHASE,DINING,2024-11-10 11:14:49,False,7926.81
TXN_00008010,CUST_0150,665.13,EUR,WITHDRAWAL,UTILITIES,2024-11-10 11:50:28,False,95229.11
TXN_00005152,CUST_0163,14.91,EUR,PURCHASE,HEALTHCARE,2024-11-10 11:55:34,False,36116.71
TXN_00004807,CUST_0096,132.38,EUR,TRANSFER,DINING,2024-11-10 12:39:52,False,95878.68
TXN_00005084,CUST_0167,227.69,USD,TRANSFER,HEALTHCARE,2024-11-10 12:39:56,False,16439.61
TXN_00007750,CUST_0014,14.29,EUR,PURCHASE,HEALTHCARE,2024-11-10 13:28:56,False,39459.19
TXN_00004990,CUST_0126,38.69,EUR,PURCHASE,UTILITIES,2024-11-10 13:35:31,False,49114.63
TXN_00005014,CUST_0016,11.05,USD,PURCHASE,TRAVEL,2024-11-10 13:35:46,False,51337.39
TXN_00008001,CUST_0104,286.75,EUR,WITHDRAWAL,HEALTHCARE,2024-11-10 13:37:20,False,32993.41
TXN_00009985,CUST_0054,17890.59,USD,WITHDRAWAL,GROCERY,2024-11-10 13:48:51,False,99521.13
TXN_00003614,CUST_0092,2270.79,GBP,TRANSFER,TRAVEL,2024-11-10 14:01:20,False,30370.69
TXN_00005244,CUST_0147,184.57,EUR,PURCHASE,HEALTHCARE,2024-11-10 14:25:15,False,59596.19
TXN_00008134,CUST_0052,102.2,EUR,TRANSFER,UTILITIES,2024-11-10 15:02:55,False,85742.08
TXN_00007376,CUST_0100,367.13,EUR,PURCHASE,HEALTHCARE,2024-11-10 15:27:45,False,89871.2
TXN_00007913,CUST_0077,212.83,USD,TRANSFER,GROCERY,2024-11-10 17:00:24,False,8750.07
TXN_00007918,CUST_0171,19.13,EUR,WITHDRAWAL,GROCERY,2024-11-10 18:08:22,False,60627.38
TXN_00001755,CUST_0029,262.45,EUR,TRANSFER,GROCERY,2024-11-10 20:19:08,False,65628.0
TXN_00002574,CUST_0113,45.51,EUR,WITHDRAWAL,TRAVEL,2024-11-11 01:30:36,False,66444.85
TXN_00000010,CUST_0000,35.69,EUR,WITHDRAWAL,TRAVEL,2024-11-11 04:25:52,False,74509.49
TXN_00006270,CUST_0192,204.12,EUR,PURCHASE,GROCERY,2024-11-11 04:45:33,False,32722.57
TXN_00001566,CUST_0093,797.28,EUR,TRANSFER,GROCERY,2024-11-11 05:21:10,False,61219.53
TXN_00007780,CUST_0075,114.77,USD,PURCHASE,DINING,2024-11-11 06:28:14,False,20633.4
TXN_00008655,CUST_0002,261.89,EUR,TRANSFER,TRAVEL,2024-11-11 07:08:51,False,12148.36
TXN_00005134,CUST_0122,-15.28,EUR,REFUND,DINING,2024-11-11 07:30:27,False,45337.25
TXN_00008646,CUST_0056,1781.3,EUR,PURCHASE,UTILITIES,2024-11-11 08:28:43,False,83142.72
TXN_00003487,CUST_0108,155.3,GBP,PURCHASE,TRAVEL,2024-11-11 09:37:11,False,69250.79
TXN_00001434,CUST_0165,252.27,USD,WITHDRAWAL,UTILITIES,2024-11-11 10:06:14,False,7067.12
TXN_00009216,CUST_0077,665.73,EUR,TRANSFER,DINING,2024-11-11 11:11:50,False,60269.98
TXN_00008314,CUST_0012,119.26,GBP,PURCHASE,TRAVEL,2024-11-11 11:15:34,False,31569.3
TXN_00008998,CUST_0140,131.86,EUR,PURCHASE,HEALTHCARE,2024-11-11 11:26:46,False,89595.76
TXN_00006731,CUST_0119,251.89,EUR,PURCHASE,UTILITIES,2024-11-11 11:41:15,False,12907.85
TXN_00009954,CUST_0119,984.77,EUR,PURCHASE,ELECTRONICS,2024-11-11 12:06:32,False,79768.09
TXN_00006050,CUST_0017,614.53,EUR,TRANSFER,UTILITIES,2024-11-11 12:16:00,False,25071.21
TXN_00005274,CUST_0155,75.11,EUR,WITHDRAWAL,,2024-11-11 12:32:07,False,34021.99
TXN_00005775,CUST_0028,689.65,EUR,PURCHASE,UTILITIES,2024-11-11 13:08:02,False,87720.04
TXN_00003536,CUST_0036,1674.22,EUR,PURCHASE,DINING,2024-11-11 13:52:55,False,39921.73
TXN_00007484,CUST_0094,145.12,GBP,PURCHASE,ELECTRONICS,2024-11-11 15:48:39,False,75760.63
TXN_00000680,CUST_0143,200.45,EUR,PURCHASE,ELECTRONICS,2024-11-11 16:06:15,False,99611.44
TXN_00008225,CUST_0136,36.74,EUR,PURCHASE,TRAVEL,2024-11-11 16:39:07,False,33256.16
TXN_00007530,CUST_0012,1835.31,EUR,PURCHASE,HEALTHCARE,2024-11-11 17:14:44,False,45982.25
TXN_00006359,CUST_0121,997.85,EUR,PURCHASE,ELECTRONICS,2024-11-11 17:58:35,False,22038.8
TXN_00007405,CUST_0056,6319.92,USD,PURCHASE,ELECTRONICS,2024-11-11 18:02:33,False,3917.29
TXN_00004038,CUST_0008,1117.46,EUR,PURCHASE,HEALTHCARE,2024-11-11 19:16:01,False,12384.1
TXN_00000476,CUST_0099,70.57,USD,TRANSFER,ELECTRONICS,2024-11-11 21:31:48,False,41753.78
TXN_00005627,CUST_0111,17.64,USD,TRANSFER,HEALTHCARE,2024-11-12 04:41:29,False,36622.93
TXN_00001086,CUST_0118,36.66,USD,TRANSFER,GROCERY,2024-11-12 06:57:36,False,42654.48
TXN_00003411,CUST_0045,2166.27,EUR,WITHDRAWAL,DINING,2024-11-12 07:13:40,False,33698.83
TXN_00002418,CUST_0086,10.06,EUR,WITHDRAWAL,,2024-11-12 08:06:03,False,76024.36
TXN_00003300,CUST_0050,24.64,EUR,WITHDRAWAL,GROCERY,2024-11-12 08:09:42,False,62736.67
TXN_00009439,CUST_0067,-31.26,EUR,REFUND,HEALTHCARE,2024-11-12 09:40:39,False,25823.38
TXN_00009495,CUST_0194,367.43,EUR,TRANSFER,UTILITIES,2024-11-12 10:02:11,False,40613.2
TXN_00000150,CUST_0101,35.27,GBP,PURCHASE,ELECTRONICS,2024-11-12 11:20:10,False,35070.66
TXN_00004806,CUST_0016,350.53,EUR,TRANSFER,TRAVEL,2024-11-12 11:40:56,False,62436.56
TXN_00009227,CUST_0063,699.71,EUR,PURCHASE,DINING,2024-11-12 11:55:33,False,42858.07
TXN_00000720,CUST_0164,200.25,USD,PURCHASE,TRAVEL,2024-11-12 12:08:32,False,85639.96
TXN_00004947,CUST_0151,82.78,EUR,PURCHASE,ELECTRONICS,2024-11-12 13:02:21,False,77178.34
TXN_00007043,CUST_0151,5.99,EUR,PURCHASE,TRAVEL,2024-11-12 13:54:04,False,65841.74
TXN_00003747,CUST_0129,775.14,EUR,PURCHASE,TRAVEL,2024-11-12 15:32:16,False,19479.72
TXN_00006264,CUST_0061,1020.81,EUR,WITHDRAWAL,ELECTRONICS,2024-11-12 16:27:54,False,47010.87
TXN_00004127,CUST_0123,24.93,EUR,PURCHASE,GROCERY,2024-11-12 16:46:13,False,32896.13
TXN_00008439,CUST_0175,210.06,EUR,PURCHASE,HEALTHCARE,2024-11-12 17:22:05,False,25338.62
TXN_00001046,CUST_0129,76.75,GBP,WITHDRAWAL,GROCERY,2024-11-12 17:34:38,False,20187.15
TXN_00006369,CUST_0044,-122.93,USD,REFUND,DINING,2024-11-12 19:57:57,False,34832.91
TXN_00004088,CUST_0024,94.26,USD,PURCHASE,DINING,2024-11-12 21:58:49,False,74166.43
TXN_00000075,CUST_0059,503.75,EUR,WITHDRAWAL,ELECTRONICS,2024-11-12 23:47:18,False,80855.83
TXN_00003915,CUST_0098,660.07,GBP,PURCHASE,ELECTRONICS,2024-11-13 04:55:24,False,88883.18
TXN_00006866,CUST_0069,99.86,EUR,PURCHASE,UTILITIES,2024-11-13 07:05:19,False,62013.04
TXN_00002691,CUST_0046,686.97,EUR,PURCHASE,TRAVEL,2024-11-13 07:34:28,False,61654.74
TXN_00008220,CUST_0002,4500.86,GBP,PURCHASE,DINING,2024-11-13 09:02:27,False,77224.12
TXN_00007636,CUST_0081,1678.85,EUR,PURCHASE,DINING,2024-11-13 09:33:13,False,25175.84
TXN_00004001,CUST_0017,4625.93,GBP,TRANSFER,UTILITIES,2024-11-13 09:42:36,False,41503.4
TXN_00001606,CUST_0135,942.46,GBP,WITHDRAWAL,GROCERY,2024-11-13 10:16:52,False,78837.89
TXN_00001098,CUST_0049,40.04,EUR,PURCHASE,UTILITIES,2024-11-13 10:37:56,False,23978.26
TXN_00009885,CUST_0048,29.48,EUR,PURCHASE,UTILITIES,2024-11-13 10:44:42,False,88110.94
TXN_00008559,CUST_0193,205.82,EUR,WITHDRAWAL,TRAVEL,2024-11-13 10:46:22,False,99858.77
TXN_00008223,CUST_0050,922.37,USD,TRANSFER,UTILITIES,2024-11-13 11:11:28,False,73714.8
TXN_00001180,CUST_0180,387.58,EUR,WITHDRAWAL,GROCERY,2024-11-13 11:34:09,False,32426.44
TXN_00006670,CUST_0107,216.47,USD,PURCHASE,DINING,2024-11-13 11:44:12,False,72830.2
TXN_00009416,CUST_0108,970.97,EUR,TRANSFER,ELECTRONICS,2024-11-13 12:05:45,False,42512.8
TXN_00004767,CUST_0073,349.75,EUR,PURCHASE,UTILITIES,2024-11-13 13:06:06,False,76362.1
TXN_00008115,CUST_0127,581.18,USD,PURCHASE,GROCERY,2024-11-13 13:20:41,False,21001.42
TXN_00001141,CUST_0101,-792.04,EUR,REFUND,TRAVEL,2024-11-13 15:42:06,False,10817.42
TXN_00001505,CUST_0017,748.27,EUR,TRANSFER,ELECTRONICS,2024-11-13 16:15:23,False,68551.77
TXN_00000101,CUST_0126,129.04,EUR,TRANSFER,DINING,2024-11-13 16:22:08,False,94771.9
TXN_00006413,CUST_0141,163.81,EUR,PURCHASE,DINING,2024-11-13 16:38:50,False,42853.11
TXN_00001311,CUST_0147,11247.41,EUR,PURCHASE,GROCERY,2024-11-13 16:53:28,False,49230.21
TXN_00003071,CUST_0032,489.02,EUR,PURCHASE,HEALTHCARE,2024-11-13 16:56:47,False,91466.48
TXN_00002562,CUST_0188,799.59,USD,PURCHASE,HEALTHCARE,2024-11-13 17:28:47,False,42866.25
TXN_00002716,CUST_0002,192.36,EUR,TRANSFER,GROCERY,2024-11-13 17:36:36,False,53013.42
TXN_00008328,CUST_0121,289.5,EUR,WITHDRAWAL,DINING,2024-11-13 17:45:11,False,96475.31
TXN_00009217,CUST_0149,13774.38,EUR,PURCHASE,HEALTHCARE,2024-11-13 18:25:02,False,41579.96
TXN_00009420,CUST_0137,182.96,EUR,WITHDRAWAL,TRAVEL,2024-11-13 19:27:39,False,43978.07
TXN_00001087,CUST_0085,609.84,GBP,PURCHASE,HEALTHCARE,2024-11-13 20:38:31,False,29146.09
TXN_00001441,CUST_0046,25.23,EUR,WITHDRAWAL,TRAVEL,2024-11-14 04:56:27,False,72495.97
TXN_00003650,CUST_0072,100.45,EUR,PURCHASE,HEALTHCARE,2024-11-14 05:36:00,False,92827.91
TXN_00000349,CUST_0074,-19.2,USD,REFUND,TRAVEL,2024-11-14 06:45:23,False,15993.7
TXN_00000404,CUST_0084,6077.33,USD,PURCHASE,DINING,2024-11-14 07:01:23,False,47800.85
TXN_00001022,CUST_0060,749.38,EUR,PURCHASE,HEALTHCARE,2024-11-14 07:09:37,False,81771.16
TXN_00004792,CUST_0077,555.93,EUR,PURCHASE,ELECTRONICS,2024-11-14 08:17:17,False,62217.86
TXN_00008596,CUST_0120,1541.12,EUR,PURCHASE,TRAVEL,2024-11-14 08:36:20,False,72068.72
TXN_00000382,CUST_0104,110.96,EUR,TRANSFER,TRAVEL,2024-11-14 08:36:28,False,23366.97
TXN_00001565,CUST_0124,155.95,EUR,PURCHASE,HEALTHCARE,2024-11-14 08:56:54,False,55832.75
TXN_00005787,CUST_0026,8.27,EUR,PURCHASE,ELECTRONICS,2024-11-14 09:11:10,False,11135.58
TXN_00008399,CUST_0000,376.26,EUR,PURCHASE,HEALTHCARE,2024-11-14 09:26:48,False,62963.49
TXN_00002824,CUST_0158,-148.66,USD,REFUND,TRAVEL,2024-11-14 10:52:41,False,97676.79
TXN_00009774,CUST_0134,878.15,USD,PURCHASE,UTILITIES,2024-11-14 11:00:41,False,10404.36
TXN_00009581,CUST_0172,-185.31,EUR,REFUND,DINING,2024-11-14 11:01:35,False,3470.53
TXN_00006529,CUST_0168,43.91,EUR,PURCHASE,GROCERY,2024-11-14 11:13:58,False,18355.59
TXN_00005327,CUST_0019,77.12,USD,WITHDRAWAL,ELECTRONICS,2024-11-14 11:22:03,False,44769.55
TXN_00002703,CUST_0190,259.9,USD,PURCHASE,GROCERY,2024-11-14 11:24:33,False,82693.65
TXN_00008383,CUST_0193,55.55,USD,PURCHASE,GROCERY,2024-11-14 11:37:32,False,32076.08
TXN_00003977,CUST_0137,2176.94,EUR,WITHDRAWAL,HEALTHCARE,2024-11-14 12:46:39,False,89846.53
TXN_00002257,CUST_0054,336.84,EUR,PURCHASE,UTILITIES,2024-11-14 13:28:10,False,50763.61
TXN_00006550,CUST_0158,1526.1,GBP,WITHDRAWAL,,2024-11-14 15:20:09,False,13894.47
TXN_00007871,CUST_0125,653.17,EUR,PURCHASE,TRAVEL,2024-11-14 15:21:53,False,89237.76
TXN_00001620,CUST_0103,36.67,EUR,PURCHASE,GROCERY,2024-11-14 16:25:34,False,45178.06
TXN_00007379,CUST_0164,206.51,EUR,PURCHASE,HEALTHCARE,2024-11-14 16:38:04,False,9444.68
TXN_00007361,CUST_0177,45.23,EUR,PURCHASE,TRAVEL,2024-11-14 16:56:00,False,35360.93
TXN_00008347,CUST_0117,1084.13,EUR,WITHDRAWAL,DINING,2024-11-14 18:21:27,False,39369.14
TXN_00007463,CUST_0086,155.8,USD,PURCHASE,HEALTHCARE,2024-11-14 19:04:24,False,50316.02
TXN_00007153,CUST_0158,35.22,EUR,TRANSFER,ELECTRONICS,2024-11-14 19:28:59,False,64465.11
TXN_00009577,CUST_0153,443.0,EUR,PURCHASE,ELECTRONICS,2024-11-14 20:08:06,False,73762.9
TXN_00009403,CUST_0136,123.06,USD,WITHDRAWAL,UTILITIES,2024-11-14 22:47:34,False,44756.22
TXN_00004926,CUST_0072,-145.57,EUR,REFUND,GROCERY,2024-11-14 23:46:11,False,77611.81
TXN_00008671,CUST_0073,137.37,USD,TRANSFER,TRAVEL,2024-11-15 06:40:12,False,49243.6
TXN_00007358,CUST_0023,314.27,USD,PURCHASE,DINING,2024-11-15 07:43:55,False,92119.51
TXN_00004412,CUST_0197,145.94,EUR,WITHDRAWAL,HEALTHCARE,2024-11-15 08:32:11,False,82638.03
TXN_00004258,CUST_0017,338.44,EUR,PURCHASE,HEALTHCARE,2024-11-15 08:47:11,False,6724.88
TXN_00004268,CUST_0100,94.8,EUR,PURCHASE,ELECTRONICS,2024-11-15 09:04:53,False,87874.48
TXN_00003628,CUST_0153,314.99,EUR,WITHDRAWAL,TRAVEL,2024-11-15 09:30:39,False,21917.94
TXN_00008952,CUST_0085,14.93,EUR,WITHDRAWAL,ELECTRONICS,2024-11-15 09:34:31,False,50725.16
TXN_00002887,CUST_0050,99.19,EUR,TRANSFER,ELECTRONICS,2024-11-15 09:56:51,False,4418.19
TXN_00004465,CUST_0148,220.22,EUR,PURCHASE,UTILITIES,2024-11-15 10:09:20,False,19412.6
TXN_00007482,CUST_0096,10.06,USD,PURCHASE,DINING,2024-11-15 10:10:19,False,15555.59
TXN_00004903,CUST_0052,83.39,EUR,PURCHASE,GROCERY,2024-11-15 10:19:56,False,2867.07
TXN_00005387,CUST_0053,186.61,USD,PURCHASE,TRAVEL,2024-11-15 11:21:45,False,82363.15
TXN_00003257,CUST_0061,116.46,EUR,WITHDRAWAL,GROCERY,2024-11-15 11:31:15,False,73639.19
TXN_00004169,CUST_0132,732.51,USD,WITHDRAWAL,GROCERY,2024-11-15 11:39:25,False,19954.83
TXN_00008204,CUST_0045,8871.6,USD,PURCHASE,TRAVEL,2024-11-15 12:16:37,False,78849.12
TXN_00001815,CUST_0178,328.82,GBP,PURCHASE,DINING,2024-11-15 13:09:14,False,8632.48
TXN_00003513,CUST_0103,380.47,EUR,PURCHASE,HEALTHCARE,2024-11-15 13:17:24,False,3720.45
TXN_00002839,CUST_0001,1976.98,EUR,WITHDRAWAL,HEALTHCARE,2024-11-15 13:21:14,False,56113.32
TXN_00004967,CUST_0040,12.67,EUR,TRANSFER,TRAVEL,2024-11-15 13:27:22,False,2855.91
TXN_00001063,CUST_0156,222.54,EUR,PURCHASE,UTILITIES,2024-11-15 13:28:38,False,10956.95
TXN_00001497,CUST_0181,2480.88,USD,PURCHASE,TRAVEL,2024-11-15 13:38:20,False,44519.79
TXN_00004881,CUST_0098,5.14,EUR,WITHDRAWAL,GROCERY,2024-11-15 13:49:20,False,99735.57
TXN_00000396,CUST_0074,81.04,EUR,TRANSFER,GROCERY,2024-11-15 14:17:14,False,62921.74
TXN_00008488,CUST_0142,241.88,EUR,WITHDRAWAL,HEALTHCARE,2024-11-15 15:12:24,False,58193.05
TXN_00007912,CUST_0124,282.28,EUR,PURCHASE,HEALTHCARE,2024-11-15 15:12:26,False,13715.11
TXN_00002128,CUST_0065,2.24,USD,TRANSFER,HEALTHCARE,2024-11-15 15:47:42,False,66097.64
TXN_00006034,CUST_0174,422.07,EUR,TRANSFER,TRAVEL,2024-11-15 16:13:56,False,12736.27
TXN_00007656,CUST_0144,23.48,EUR,PURCHASE,,2024-11-15 17:33:39,False,42653.14
TXN_00006894,CUST_0162,6367.0,EUR,TRANSFER,GROCERY,2024-11-15 17:59:26,False,54945.37
TXN_00009661,CUST_0130,258.05,EUR,PURCHASE,TRAVEL,2024-11-15 18:58:44,False,15660.67
TXN_00009533,CUST_0135,288.73,EUR,TRANSFER,UTILITIES,2024-11-15 19:24:53,False,59204.92
TXN_00009014,CUST_0003,313.38,EUR,PURCHASE,HEALTHCARE,2024-11-16 03:59:59,False,35783.05
TXN_00008563,CUST_0131,12.31,EUR,PURCHASE,UTILITIES,2024-11-16 05:48:10,False,19980.51
TXN_00001327,CUST_0179,767.77,USD,PURCHASE,HEALTHCARE,2024-11-16 06:46:27,False,34995.98
TXN_00008895,CUST_0081,18.0,GBP,PURCHASE,UTILITIES,2024-11-16 07:31:56,False,4445.32
TXN_00005489,CUST_0188,616.11,EUR,TRANSFER,HEALTHCARE,2024-11-16 07:53:18,False,92966.75
TXN_00009076,CUST_0185,2936.57,EUR,PURCHASE,TRAVEL,2024-11-16 09:02:02,False,73659.85
TXN_00000964,CUST_0153,22.33,EUR,PURCHASE,ELECTRONICS,2024-11-16 09:16:40,True,59283.13
TXN_00009108,CUST_0001,732.5,EUR,PURCHASE,TRAVEL,2024-11-16 09:47:08,False,64373.27
TXN_00004005,CUST_0147,216.71,USD,TRANSFER,UTILITIES,2024-11-16 10:33:02,False,26675.82
TXN_00004798,CUST_0045,144.08,EUR,PURCHASE,TRAVEL,2024-11-16 11:15:08,False,33218.69
TXN_00005812,CUST_0011,43.28,GBP,PURCHASE,UTILITIES,2024-11-16 11:20:29,False,13269.86
TXN_00008768,CUST_0079,253.5,USD,PURCHASE,TRAVEL,2024-11-16 11:41:19,False,37910.75
TXN_00000768,CUST_0048,1720.58,USD,PURCHASE,DINING,2024-11-16 12:36:20,False,60741.64
TXN_00000919,CUST_0145,416.79,USD,PURCHASE,HEALTHCARE,2024-11-16 12:42:38,False,79728.38
TXN_00007708,CUST_0126,914.75,USD,PURCHASE,ELECTRONICS,2024-11-16 13:18:53,False,84735.26
TXN_00004663,CUST_0061,1418.12,EUR,TRANSFER,UTILITIES,2024-11-16 13:42:56,False,47629.23
TXN_00000899,CUST_0199,364.77,USD,TRANSFER,DINING,2024-11-16 13:48:46,False,85028.34
TXN_00007318,CUST_0160,180.79,USD,TRANSFER,DINING,2024-11-16 13:52:08,False,58567.63
TXN_00009242,CUST_0055,62.94,EUR,WITHDRAWAL,UTILITIES,2024-11-16 13:53:42,False,43666.31
TXN_00001023,CUST_0047,4427.57,EUR,TRANSFER,HEALTHCARE,2024-11-16 13:54:55,False,22053.16
TXN_00001245,CUST_0094,482.05,USD,PURCHASE,ELECTRONICS,2024-11-16 13:56:41,False,47242.84
TXN_00001956,CUST_0019,48.23,USD,PURCHASE,TRAVEL,2024-11-16 14:17:08,False,11791.85
TXN_00009989,CUST_0110,90.84,EUR,PURCHASE,UTILITIES,2024-11-16 14:45:44,False,20178.58
TXN_00003925,CUST_0071,500.79,GBP,PURCHASE,HEALTHCARE,2024-11-16 14:53:41,True,630.18
TXN_00007640,CUST_0090,506.88,EUR,PURCHASE,ELECTRONICS,2024-11-16 15:02:51,False,41300.25
TXN_00001766,CUST_0017,816.9,EUR,PURCHASE,GROCERY,2024-11-16 15:09:46,False,78744.23
TXN_00002692,CUST_0028,689.83,EUR,WITHDRAWAL,GROCERY,2024-11-16 15:39:18,False,80033.46
TXN_00002196,CUST_0046,1926.64,EUR,TRANSFER,HEALTHCARE,2024-11-16 15:42:28,False,13337.09
TXN_00009868,CUST_0073,-169.25,EUR,REFUND,GROCERY,2024-11-16 15:53:04,False,81400.15
TXN_00005198,CUST_0184,29443.55,EUR,PURCHASE,UTILITIES,2024-11-16 16:02:46,False,47960.8
TXN_00003395,CUST_0196,638.72,EUR,TRANSFER,HEALTHCARE,2024-11-16 17:10:05,False,25886.68
TXN_00008838,CUST_0143,1133.81,EUR,TRANSFER,GROCERY,2024-11-16 17:31:01,False,93083.68
TXN_00005367,CUST_0009,220.39,EUR,PURCHASE,UTILITIES,2024-11-16 18:14:23,True,64814.3
TXN_00003260,CUST_0043,612.46,USD,PURCHASE,GROCERY,2024-11-16 19:45:46,False,14908.76
TXN_00004083,CUST_0040,327.98,EUR,PURCHASE,HEALTHCARE,2024-11-16 21:27:35,False,50816.11
TXN_00004647,CUST_0028,93.55,EUR,PURCHASE,HEALTHCARE,2024-11-17 07:32:42,False,28756.41
TXN_00000991,CUST_0088,50.11,EUR,WITHDRAWAL,ELECTRONICS,2024-11-17 11:05:57,False,95732.17
TXN_00008114,CUST_0136,52.92,EUR,PURCHASE,,2024-11-17 11:19:46,False,35817.69
TXN_00009684,CUST_0189,259.91,EUR,PURCHASE,TRAVEL,2024-11-17 11:20:38,False,74372.4
TXN_00009305,CUST_0124,26.95,EUR,PURCHASE,ELECTRONICS,2024-11-17 11:35:01,False,11385.84
TXN_00006684,CUST_0092,254.72,EUR,PURCHASE,TRAVEL,2024-11-17 11:42:38,False,66170.99
TXN_00001787,CUST_0077,913.77,USD,PURCHASE,UTILITIES,2024-11-17 12:03:09,False,83477.7
TXN_00004589,CUST_0121,98.37,EUR,PURCHASE,DINING,2024-11-17 12:37:40,False,55592.73
TXN_00000832,CUST_0037,2069.52,EUR,PURCHASE,UTILITIES,2024-11-17 12:46:30,False,67127.12
TXN_00008217,CUST_0143,358.63,EUR,TRANSFER,UTILITIES,2024-11-17 12:59:44,False,75662.87
TXN_00001138,CUST_0195,110.06,USD,PURCHASE,UTILITIES,2024-11-17 13:07:43,False,76287.86
TXN_00007039,CUST_0080,756.38,EUR,PURCHASE,HEALTHCARE,2024-11-17 13:50:39,False,7848.32
TXN_00007521,CUST_0053,346.62,EUR,PURCHASE,DINING,2024-11-17 13:52:17,False,31362.18
TXN_00002671,CUST_0078,41.8,EUR,PURCHASE,TRAVEL,2024-11-17 14:25:52,False,59805.1
TXN_00000246,CUST_0001,400.99,EUR,WITHDRAWAL,UTILITIES,2024-11-17 14:32:53,False,39334.16
TXN_00007207,CUST_0076,20.96,USD,PURCHASE,DINING,2024-11-17 15:38:06,False,28198.27
TXN_00001321,CUST_0194,29.69,GBP,TRANSFER,GROCERY,2024-11-17 15:58:51,False,69257.86
TXN_00002028,CUST_0113,629.41,EUR,PURCHASE,HEALTHCARE,2024-11-17 16:16:31,False,37021.43
TXN_00007969,CUST_0124,1370.23,EUR,WITHDRAWAL,GROCERY,2024-11-17 16:29:09,False,30397.97
TXN_00003744,CUST_0095,212.7,EUR,PURCHASE,DINING,2024-11-17 16:58:02,False,74999.74
TXN_00006586,CUST_0089,50.01,EUR,PURCHASE,UTILITIES,2024-11-17 17:25:22,False,39010.64
TXN_00003232,CUST_0015,760.91,EUR,TRANSFER,GROCERY,2024-11-17 17:31:05,False,52800.93
TXN_00001000,CUST_0136,100.9,GBP,PURCHASE,TRAVEL,2024-11-17 17:47:05,False,22909.55
TXN_00009846,CUST_0019,119.12,EUR,PURCHASE,ELECTRONICS,2024-11-17 18:46:23,False,55585.69
TXN_00001944,CUST_0028,-531.61,EUR,REFUND,ELECTRONICS,2024-11-18 05:11:04,False,56981.64
TXN_00002043,CUST_0018,397.43,EUR,TRANSFER,GROCERY,2024-11-18 05:43:30,False,89853.05
TXN_00002369,CUST_0191,54.84,EUR,PURCHASE,DINING,2024-11-18 05:46:01,False,48132.33
TXN_00006511,CUST_0179,309.91,EUR,PURCHASE,DINING,2024-11-18 07:08:13,False,42210.1
TXN_00000929,CUST_0108,2032.86,EUR,PURCHASE,ELECTRONICS,2024-11-18 07:19:19,False,8915.12
TXN_00001750,CUST_0016,403.81,EUR,PURCHASE,DINING,2024-11-18 09:44:54,False,95329.01
TXN_00007437,CUST_0039,27.59,EUR,PURCHASE,TRAVEL,2024-11-18 09:52:02,False,97414.69
TXN_00001945,CUST_0111,723.52,EUR,TRANSFER,UTILITIES,2024-11-18 10:10:56,False,84936.39
TXN_00004233,CUST_0169,721.76,EUR,PURCHASE,ELECTRONICS,2024-11-18 10:13:17,False,56299.83
TXN_00004969,CUST_0161,192.08,EUR,PURCHASE,UTILITIES,2024-11-18 10:43:45,False,56484.97
TXN_00005100,CUST_0032,21.89,USD,TRANSFER,DINING,2024-11-18 10:49:14,False,91424.71
TXN_00006090,CUST_0088,678.01,EUR,TRANSFER,,2024-11-18 11:21:00,False,85429.03
TXN_00001798,CUST_0195,155.77,EUR,WITHDRAWAL,HEALTHCARE,2024-11-18 11:23:04,False,85153.51
TXN_00004116,CUST_0183,268.51,GBP,TRANSFER,TRAVEL,2024-11-18 11:34:25,False,87142.08
TXN_00006921,CUST_0045,63.08,EUR,PURCHASE,DINING,2024-11-18 11:54:59,False,74483.8
TXN_00004961,CUST_0122,213.54,GBP,TRANSFER,HEALTHCARE,2024-11-18 12:17:46,False,34654.43
TXN_00009290,CUST_0070,226.77,EUR,WITHDRAWAL,UTILITIES,2024-11-18 13:09:37,False,19288.56
TXN_00007072,CUST_0002,205.29,EUR,PURCHASE,UTILITIES,2024-11-18 13:38:56,False,75089.18
TXN_00007251,CUST_0116,97.7,EUR,TRANSFER,TRAVEL,2024-11-18 13:55:23,False,32231.2
TXN_00009117,CUST_0012,525.68,EUR,TRANSFER,GROCERY,2024-11-18 14:34:57,False,4006.14
TXN_00005943,CUST_0072,356.05,USD,WITHDRAWAL,ELECTRONICS,2024-11-18 14:39:02,False,9316.94
TXN_00005050,CUST_0008,222.14,EUR,PURCHASE,TRAVEL,2024-11-18 15:32:27,True,98040.88
TXN_00002020,CUST_0187,573.55,GBP,PURCHASE,ELECTRONICS,2024-11-18 16:18:47,False,91471.92
TXN_00004474,CUST_0120,227.32,EUR,WITHDRAWAL,UTILITIES,2024-11-18 16:45:33,False,62430.13
TXN_00004579,CUST_0149,23.77,EUR,PURCHASE,HEALTHCARE,2024-11-18 17:01:24,False,90275.94
TXN_00002045,CUST_0040,588.08,USD,WITHDRAWAL,HEALTHCARE,2024-11-18 17:22:06,False,47675.25
TXN_00006514,CUST_0114,274.55,EUR,PURCHASE,DINING,2024-11-18 18:27:35,False,7612.61
TXN_00002580,CUST_0060,8919.26,GBP,PURCHASE,GROCERY,2024-11-19 07:37:52,False,74014.37
TXN_00002345,CUST_0142,1240.38,GBP,PURCHASE,TRAVEL,2024-11-19 07:46:08,False,29588.15
TXN_00004870,CUST_0030,140.02,EUR,TRANSFER,HEALTHCARE,2024-11-19 08:35:19,False,73097.12
TXN_00003188,CUST_0087,15.07,EUR,WITHDRAWAL,HEALTHCARE,2024-11-19 08:36:01,True,75008.17
TXN_00007940,CUST_0050,978.31,EUR,TRANSFER,ELECTRONICS,2024-11-19 08:47:47,False,52657.25
TXN_00001794,CUST_0070,252.39,EUR,PURCHASE,HEALTHCARE,2024-11-19 08:48:34,False,33726.36
TXN_00007957,CUST_0196,39.08,EUR,PURCHASE,UTILITIES,2024-11-19 09:14:25,False,19815.78
TXN_00000758,CUST_0025,742.57,USD,PURCHASE,HEALTHCARE,2024-11-19 09:17:36,False,13956.77
TXN_00000589,CUST_0121,2453.82,EUR,WITHDRAWAL,HEALTHCARE,2024-11-19 10:13:40,False,567.44
TXN_00003774,CUST_0193,1164.56,EUR,PURCHASE,UTILITIES,2024-11-19 10:26:06,False,11044.48
TXN_00009350,CUST_0103,452.62,USD,TRANSFER,ELECTRONICS,2024-11-19 11:29:47,False,19792.16
TXN_00009894,CUST_0032,163.54,EUR,TRANSFER,DINING,2024-11-19 11:47:15,False,27641.17
TXN_00006249,CUST_0118,35.72,EUR,TRANSFER,UTILITIES,2024-11-19 11:57:46,False,43830.84
TXN_00000486,CUST_0131,24.91,EUR,PURCHASE,ELECTRONICS,2024-11-19 12:33:13,False,35794.76
TXN_00007526,CUST_0024,1315.41,EUR,WITHDRAWAL,DINING,2024-11-19 13:14:52,False,12250.0
TXN_00004906,CUST_0093,468.34,EUR,WITHDRAWAL,UTILITIES,2024-11-19 13:21:29,False,38514.47
TXN_00005362,CUST_0032,1626.42,EUR,PURCHASE,GROCERY,2024-11-19 13:22:05,False,53414.32
TXN_00008844,CUST_0052,1413.91,EUR,PURCHASE,HEALTHCARE,2024-11-19 13:50:24,False,97477.86
TXN_00008452,CUST_0194,1145.04,EUR,PURCHASE,TRAVEL,2024-11-19 14:34:17,False,77943.68
TXN_00000944,CUST_0011,52.11,EUR,PURCHASE,HEALTHCARE,2024-11-19 15:00:02,False,57897.74
TXN_00008475,CUST_0088,680.99,GBP,TRANSFER,TRAVEL,2024-11-19 15:27:54,False,3502.78
TXN_00002624,CUST_0157,3023.09,EUR,PURCHASE,DINING,2024-11-19 15:36:26,False,93178.3
TXN_00005994,CUST_0188,302.36,EUR,PURCHASE,GROCERY,2024-11-19 16:01:22,False,24283.23
TXN_00006768,CUST_0035,2959.56,USD,TRANSFER,ELECTRONICS,2024-11-19 16:34:49,False,13879.37
TXN_00004331,CUST_0160,593.07,EUR,TRANSFER,HEALTHCARE,2024-11-19 16:43:36,False,38559.73
TXN_00000470,CUST_0018,115.22,GBP,TRANSFER,GROCERY,2024-11-19 17:03:37,False,19078.92
TXN_00009656,CUST_0116,1242.56,EUR,PURCHASE,ELECTRONICS,2024-11-19 17:09:09,False,79194.11
TXN_00001679,CUST_0113,314.69,EUR,TRANSFER,UTILITIES,2024-11-19 17:41:18,False,78370.6
TXN_00001705,CUST_0025,279.06,EUR,TRANSFER,GROCERY,2024-11-19 18:52:32,False,17376.27
TXN_00000257,CUST_0128,477.98,EUR,PURCHASE,TRAVEL,2024-11-19 19:04:55,False,94755.05
TXN_00002680,CUST_0049,250.66,GBP,WITHDRAWAL,HEALTHCARE,2024-11-19 19:26:09,False,96291.14
TXN_00002332,CUST_0038,450.13,EUR,WITHDRAWAL,HEALTHCARE,2024-11-19 20:48:25,False,73167.86
TXN_00002280,CUST_0131,633.48,USD,PURCHASE,GROCERY,2024-11-19 21:03:11,False,67302.32
TXN_00005027,CUST_0121,249.37,GBP,PURCHASE,ELECTRONICS,2024-11-20 08:28:46,False,76001.36
TXN_00000455,CUST_0063,296.12,EUR,TRANSFER,ELECTRONICS,2024-11-20 08:32:48,False,71614.46
TXN_00002888,CUST_0126,164.92,EUR,PURCHASE,HEALTHCARE,2024-11-20 08:53:16,False,79135.13
TXN_00004342,CUST_0175,905.04,USD,PURCHASE,TRAVEL,2024-11-20 09:21:08,False,60838.55
TXN_00006449,CUST_0036,239.16,USD,PURCHASE,ELECTRONICS,2024-11-20 09:33:54,True,90729.34
TXN_00003137,CUST_0070,59.27,EUR,PURCHASE,TRAVEL,2024-11-20 09:44:22,True,85042.13
TXN_00004536,CUST_0188,59.14,EUR,PURCHASE,GROCERY,2024-11-20 09:48:03,False,54829.23
TXN_00007819,CUST_0120,2592.46,EUR,PURCHASE,DINING,2024-11-20 09:57:34,False,20152.6
TXN_00003066,CUST_0123,231.86,EUR,TRANSFER,TRAVEL,2024-11-20 11:25:07,False,88687.45
TXN_00009151,CUST_0189,215.69,USD,WITHDRAWAL,HEALTHCARE,2024-11-20 11:46:32,False,43349.35
TXN_00003955,CUST_0097,273.69,EUR,TRANSFER,HEALTHCARE,2024-11-20 12:19:28,False,66651.67
TXN_00000992,CUST_0176,534.56,GBP,TRANSFER,GROCERY,2024-11-20 13:17:25,False,45593.08
TXN_00002398,CUST_0057,728.38,USD,PURCHASE,DINING,2024-11-20 13:20:59,False,99400.31
TXN_00000850,CUST_0154,330.91,EUR,PURCHASE,DINING,2024-11-20 13:33:43,False,4420.08
TXN_00001359,CUST_0173,242.32,EUR,PURCHASE,TRAVEL,2024-11-20 13:59:26,False,21190.32
TXN_00002323,CUST_0076,204.47,EUR,PURCHASE,UTILITIES,2024-11-20 14:04:40,False,13073.51
TXN_00008355,CUST_0130,78.57,USD,TRANSFER,TRAVEL,2024-11-20 14:38:06,False,27893.83
TXN_00002220,CUST_0065,705.37,EUR,PURCHASE,ELECTRONICS,2024-11-20 14:40:22,False,75687.89
TXN_00006500,CUST_0196,142.65,EUR,PURCHASE,ELECTRONICS,2024-11-20 14:45:20,False,29995.13
TXN_00008859,CUST_0052,925.43,EUR,PURCHASE,GROCERY,2024-11-20 15:41:45,True,4022.02
TXN_00003941,CUST_0030,30.91,GBP,PURCHASE,HEALTHCARE,2024-11-20 16:35:25,False,16970.05
TXN_00005382,CUST_0064,986.05,EUR,PURCHASE,UTILITIES,2024-11-20 17:01:03,False,29724.96
TXN_00001544,CUST_0174,334.67,EUR,PURCHASE,UTILITIES,2024-11-20 17:08:04,False,86206.44
TXN_00002503,CUST_0107,332.9,EUR,TRANSFER,HEALTHCARE,2024-11-20 17:54:39,False,63573.66
TXN_00008867,CUST_0142,101.19,EUR,PURCHASE,TRAVEL,2024-11-20 18:40:53,False,15294.9
TXN_00000701,CUST_0116,18.83,USD,PURCHASE,UTILITIES,2024-11-20 21:43:10,False,12861.9
TXN_00000816,CUST_0052,92.6,USD,PURCHASE,HEALTHCARE,2024-11-20 22:30:54,False,34312.45
TXN_00005542,CUST_0016,89.18,EUR,PURCHASE,TRAVEL,2024-11-21 05:29:33,False,56646.99
TXN_00002698,CUST_0081,427.97,EUR,PURCHASE,UTILITIES,2024-11-21 06:25:48,False,951.63
TXN_00006475,CUST_0181,116.75,USD,PURCHASE,ELECTRONICS,2024-11-21 07:15:34,False,7824.98
TXN_00008176,CUST_0128,108.93,USD,WITHDRAWAL,TRAVEL,2024-11-21 08:37:07,False,19439.67
TXN_00006046,CUST_0096,93.46,EUR,PURCHASE,GROCERY,2024-11-21 09:16:43,False,74623.05
TXN_00006425,CUST_0186,337.3,USD,WITHDRAWAL,HEALTHCARE,2024-11-21 09:19:19,False,81498.19
TXN_00007449,CUST_0160,4.53,EUR,WITHDRAWAL,UTILITIES,2024-11-21 09:29:39,False,94261.07
TXN_00006727,CUST_0174,82.7,GBP,TRANSFER,DINING,2024-11-21 09:43:19,False,84917.85
TXN_00004851,CUST_0059,163.52,USD,PURCHASE,HEALTHCARE,2024-11-21 10:15:25,False,24799.51
TXN_00009641,CUST_0127,-67.81,EUR,REFUND,DINING,2024-11-21 10:37:31,False,78203.51
TXN_00005880,CUST_0131,55.53,EUR,PURCHASE,TRAVEL,2024-11-21 11:34:36,False,74404.03
TXN_00009129,CUST_0125,717.78,EUR,TRANSFER,DINING,2024-11-21 12:04:54,False,55752.05
TXN_00009884,CUST_0162,-802.59,EUR,REFUND,DINING,2024-11-21 12:09:08,False,45775.15
TXN_00002666,CUST_0011,131.98,USD,PURCHASE,GROCERY,2024-11-21 12:28:05,False,53027.15
TXN_00000520,CUST_0143,186.27,USD,PURCHASE,ELECTRONICS,2024-11-21 12:37:16,False,87510.79
TXN_00004588,CUST_0118,-202.17,EUR,REFUND,TRAVEL,2024-11-21 13:24:38,False,67351.62
TXN_00003070,CUST_0103,312.08,EUR,TRANSFER,GROCERY,2024-11-21 13:36:47,False,20926.75
TXN_00002996,CUST_0099,92.39,EUR,PURCHASE,ELECTRONICS,2024-11-21 13:46:58,False,99037.41
TXN_00009867,CUST_0050,1467.59,EUR,PURCHASE,GROCERY,2024-11-21 13:57:30,False,90234.86
TXN_00002654,CUST_0050,302.72,EUR,PURCHASE,UTILITIES,2024-11-21 14:21:27,False,45664.85
TXN_00003627,CUST_0056,242.09,EUR,WITHDRAWAL,GROCERY,2024-11-21 15:08:20,False,59876.87
TXN_00002645,CUST_0022,118.34,EUR,PURCHASE,GROCERY,2024-11-21 15:10:43,False,78181.59
TXN_00001103,CUST_0186,3448.18,USD,PURCHASE,DINING,2024-11-21 15:23:19,False,94939.38
TXN_00005814,CUST_0117,842.99,EUR,TRANSFER,TRAVEL,2024-11-21 15:32:10,False,36906.0
TXN_00000482,CUST_0149,265.61,EUR,TRANSFER,TRAVEL,2024-11-21 16:42:44,False,66525.63
TXN_00008825,CUST_0110,29.01,EUR,TRANSFER,ELECTRONICS,2024-11-21 17:34:15,False,87596.06
TXN_00009692,CUST_0192,99.28,USD,TRANSFER,HEALTHCARE,2024-11-21 18:52:26,False,44514.2
TXN_00001366,CUST_0006,83.58,EUR,PURCHASE,HEALTHCARE,2024-11-21 19:32:02,False,72406.76
TXN_00009792,CUST_0077,206.51,EUR,PURCHASE,HEALTHCARE,2024-11-21 19:59:11,False,39298.6
TXN_00003560,CUST_0143,-1653.21,EUR,REFUND,UTILITIES,2024-11-21 23:56:47,False,1401.93
TXN_00005434,CUST_0059,1504.82,USD,PURCHASE,UTILITIES,2024-11-22 03:43:21,False,50557.2
TXN_00002187,CUST_0139,305.16,EUR,TRANSFER,UTILITIES,2024-11-22 06:37:29,False,17737.04
TXN_00008058,CUST_0110,49.81,EUR,PURCHASE,UTILITIES,2024-11-22 07:10:43,False,43100.89
TXN_00008397,CUST_0139,81.93,EUR,PURCHASE,TRAVEL,2024-11-22 08:05:32,False,28758.61
TXN_00006339,CUST_0080,301.01,EUR,PURCHASE,TRAVEL,2024-11-22 08:06:40,True,10584.61
TXN_00006939,CUST_0088,483.76,EUR,WITHDRAWAL,DINING,2024-11-22 08:19:52,False,31631.69
TXN_00002724,CUST_0122,95.69,EUR,PURCHASE,TRAVEL,2024-11-22 08:28:08,False,67137.05
TXN_00002808,CUST_0125,87.67,USD,PURCHASE,UTILITIES,2024-11-22 08:47:56,False,79866.6
TXN_00002610,CUST_0005,1388.71,EUR,TRANSFER,ELECTRONICS,2024-11-22 09:19:54,False,5350.28
TXN_00005224,CUST_0041,1911.26,EUR,WITHDRAWAL,GROCERY,2024-11-22 10:03:54,False,72361.15
TXN_00000659,CUST_0107,26.52,EUR,TRANSFER,GROCERY,2024-11-22 10:21:54,False,89021.96
TXN_00009027,CUST_0070,4123.6,EUR,WITHDRAWAL,GROCERY,2024-11-22 11:22:50,False,76101.85
TXN_00005372,CUST_0108,6792.44,EUR,PURCHASE,UTILITIES,2024-11-22 11:37:06,False,91131.43
TXN_00001435,CUST_0166,104.21,EUR,PURCHASE,ELECTRONICS,2024-11-22 11:37:33,False,59119.25
TXN_00003818,CUST_0059,419.66,EUR,TRANSFER,HEALTHCARE,2024-11-22 12:00:51,False,40382.25
TXN_00009177,CUST_0158,-143.92,EUR,REFUND,HEALTHCARE,2024-11-22 12:46:45,False,37494.15
TXN_00000939,CUST_0176,1084.46,EUR,TRANSFER,DINING,2024-11-22 13:25:39,False,31231.53
TXN_00002350,CUST_0098,312.09,EUR,PURCHASE,GROCERY,2024-11-22 13:29:38,False,97797.64
TXN_00007193,CUST_0041,16.19,USD,TRANSFER,HEALTHCARE,2024-11-22 13:36:15,False,73767.61
TXN_00005182,CUST_0038,-135.43,EUR,REFUND,DINING,2024-11-22 14:09:06,False,22706.62
TXN_00009211,CUST_0093,7196.0,EUR,PURCHASE,TRAVEL,2024-11-22 14:31:46,False,86426.77
TXN_00003218,CUST_0035,212.8,EUR,PURCHASE,DINING,2024-11-22 15:13:44,False,66691.88
TXN_00004488,CUST_0066,125.45,EUR,PURCHASE,UTILITIES,2024-11-22 15:23:23,False,97018.35
TXN_00004681,CUST_0139,754.58,EUR,WITHDRAWAL,TRAVEL,2024-11-22 16:23:48,True,90321.06
TXN_00005836,CUST_0118,147.48,GBP,WITHDRAWAL,HEALTHCARE,2024-11-22 16:59:47,False,67982.79
TXN_00006277,CUST_0178,1228.29,EUR,TRANSFER,DINING,2024-11-22 17:10:13,False,55034.26
TXN_00009602,CUST_0024,1863.57,USD,PURCHASE,GROCERY,2024-11-22 17:34:59,False,35552.69
TXN_00006146,CUST_0041,3130.67,EUR,TRANSFER,GROCERY,2024-11-22 17:43:06,False,81004.67
TXN_00002095,CUST_0079,391.05,EUR,PURCHASE,TRAVEL,2024-11-22 18:37:31,False,33930.29
TXN_00005685,CUST_0115,1853.7,EUR,PURCHASE,HEALTHCARE,2024-11-23 01:01:13,False,72806.85
TXN_00000238,CUST_0105,246.22,EUR,PURCHASE,DINING,2024-11-23 04:50:37,False,17944.96
TXN_00003343,CUST_0087,89.36,EUR,PURCHASE,TRAVEL,2024-11-23 06:12:22,False,41924.01
TXN_00004841,CUST_0131,-206.45,EUR,REFUND,HEALTHCARE,2024-11-23 07:28:51,False,69239.16
TXN_00002038,CUST_0094,654.93,EUR,PURCHASE,HEALTHCARE,2024-11-23 07:56:36,False,97851.17
TXN_00003320,CUST_0092,2762.4,EUR,PURCHASE,GROCERY,2024-11-23 08:11:26,False,84106.04
TXN_00003633,CUST_0156,280.64,USD,PURCHASE,TRAVEL,2024-11-23 08:46:50,False,64456.28
TXN_00001188,CUST_0062,1695.92,EUR,PURCHASE,UTILITIES,2024-11-23 09:25:46,False,92226.3
TXN_00003404,CUST_0041,3.74,EUR,TRANSFER,UTILITIES,2024-11-23 09:29:13,False,85682.83
TXN_00000024,CUST_0002,-301.08,USD,REFUND,UTILITIES,2024-11-23 09:54:22,False,31179.48
TXN_00000981,CUST_0064,10762.31,EUR,TRANSFER,DINING,2024-11-23 10:06:13,False,6177.35
TXN_00004652,CUST_0155,2030.5,GBP,WITHDRAWAL,HEALTHCARE,2024-11-23 11:21:15,False,18383.79
TXN_00007742,CUST_0056,2591.2,GBP,TRANSFER,HEALTHCARE,2024-11-23 11:31:49,False,71976.15
TXN_00004366,CUST_0087,329.43,GBP,TRANSFER,UTILITIES,2024-11-23 12:17:37,False,46597.46
TXN_00001647,CUST_0168,772.66,EUR,PURCHASE,UTILITIES,2024-11-23 12:41:23,False,34262.66
TXN_00005377,CUST_0117,223.08,USD,PURCHASE,,2024-11-23 12:50:25,False,22645.0
TXN_00007885,CUST_0147,664.06,GBP,PURCHASE,TRAVEL,2024-11-23 13:20:32,False,43353.71
TXN_00009901,CUST_0061,519.24,GBP,TRANSFER,TRAVEL,2024-11-23 13:52:41,False,83449.64
TXN_00000233,CUST_0112,251.93,EUR,PURCHASE,GROCERY,2024-11-23 14:10:40,False,44082.55
TXN_00006431,CUST_0165,228.3,EUR,TRANSFER,HEALTHCARE,2024-11-23 14:18:45,False,93030.76
TXN_00004138,CUST_0077,975.94,EUR,WITHDRAWAL,UTILITIES,2024-11-23 16:19:14,False,96145.76
TXN_00009022,CUST_0171,2076.02,GBP,WITHDRAWAL,UTILITIES,2024-11-23 16:41:05,False,85921.57
TXN_00001563,CUST_0035,2372.99,EUR,PURCHASE,DINING,2024-11-23 17:00:53,False,8698.96
TXN_00008153,CUST_0029,347.89,USD,PURCHASE,GROCERY,2024-11-23 17:04:04,False,60194.35
TXN_00009580,CUST_0078,1628.58,USD,PURCHASE,TRAVEL,2024-11-23 17:59:09,False,14615.73
TXN_00008238,CUST_0179,32.03,EUR,TRANSFER,TRAVEL,2024-11-23 19:32:10,False,61181.35
TXN_00006993,CUST_0034,96.89,EUR,PURCHASE,DINING,2024-11-23 19:45:17,False,12700.87
TXN_00004395,CUST_0100,119.2,USD,PURCHASE,GROCERY,2024-11-24 06:37:39,False,36620.7
TXN_00000814,CUST_0030,164.84,USD,PURCHASE,UTILITIES,2024-11-24 07:07:18,False,29368.3
TXN_00001283,CUST_0093,231.32,EUR,PURCHASE,DINING,2024-11-24 07:22:09,True,79752.25
TXN_00001482,CUST_0006,91.0,EUR,PURCHASE,TRAVEL,2024-11-24 07:33:15,False,54292.64
TXN_00000588,CUST_0114,477.22,USD,PURCHASE,GROCERY,2024-11-24 07:48:35,False,33126.45
TXN_00005620,CUST_0193,17.94,EUR,TRANSFER,UTILITIES,2024-11-24 10:01:59,False,22145.55
TXN_00008000,CUST_0040,503.52,EUR,PURCHASE,ELECTRONICS,2024-11-24 11:12:05,False,80107.56
TXN_00007331,CUST_0037,74.25,EUR,PURCHASE,GROCERY,2024-11-24 11:12:09,False,60743.93
TXN_00004502,CUST_0084,4163.02,USD,PURCHASE,GROCERY,2024-11-24 11:43:21,False,83817.3
TXN_00008804,CUST_0025,906.84,EUR,PURCHASE,ELECTRONICS,2024-11-24 11:51:49,False,97643.23
TXN_00009961,CUST_0155,280.76,USD,PURCHASE,GROCERY,2024-11-24 12:55:35,False,63196.67
TXN_00006836,CUST_0174,116.43,USD,PURCHASE,GROCERY,2024-11-24 13:50:36,False,23077.85
TXN_00008498,CUST_0117,76.84,EUR,WITHDRAWAL,UTILITIES,2024-11-24 14:03:01,False,96005.57
TXN_00007109,CUST_0066,31.61,EUR,PURCHASE,UTILITIES,2024-11-24 14:16:34,False,62363.81
TXN_00007464,CUST_0049,815.51,EUR,PURCHASE,GROCERY,2024-11-24 14:34:54,False,89735.65
TXN_00003313,CUST_0001,5477.22,EUR,PURCHASE,HEALTHCARE,2024-11-24 14:37:16,False,61525.96
TXN_00003775,CUST_0152,225.59,EUR,PURCHASE,DINING,2024-11-24 14:42:34,False,87097.66
TXN_00002281,CUST_0020,-142.99,EUR,REFUND,ELECTRONICS,2024-11-24 15:12:47,False,52500.5
TXN_00004927,CUST_0001,700.5,EUR,PURCHASE,DINING,2024-11-24 15:31:10,False,89787.46
TXN_00009535,CUST_0069,107.35,USD,TRANSFER,GROCERY,2024-11-24 15:54:09,False,45293.85
TXN_00002883,CUST_0116,172.54,EUR,TRANSFER,GROCERY,2024-11-24 16:06:13,False,26898.38
TXN_00003158,CUST_0126,6.45,USD,PURCHASE,ELECTRONICS,2024-11-24 16:47:02,False,10468.06
TXN_00009134,CUST_0196,25.55,USD,PURCHASE,DINING,2024-11-24 17:24:52,False,12686.69
TXN_00007388,CUST_0076,1227.81,EUR,PURCHASE,DINING,2024-11-24 17:32:18,False,6604.03
TXN_00005384,CUST_0069,895.18,EUR,PURCHASE,HEALTHCARE,2024-11-24 17:41:30,False,9113.78
TXN_00003894,CUST_0156,1397.5,EUR,WITHDRAWAL,TRAVEL,2024-11-24 17:46:10,False,59873.21
TXN_00009423,CUST_0122,115.06,USD,PURCHASE,DINING,2024-11-24 18:15:27,False,59444.48
TXN_00002752,CUST_0054,137.74,EUR,WITHDRAWAL,DINING,2024-11-24 19:05:18,False,32865.91
TXN_00009325,CUST_0152,10.04,EUR,PURCHASE,ELECTRONICS,2024-11-24 20:13:21,False,24301.3
TXN_00005073,CUST_0028,39.18,EUR,PURCHASE,GROCERY,2024-11-25 04:19:01,False,26612.74
TXN_00002543,CUST_0031,77.01,EUR,PURCHASE,ELECTRONICS,2024-11-25 05:47:30,False,18173.58
TXN_00003601,CUST_0158,34.22,EUR,WITHDRAWAL,TRAVEL,2024-11-25 06:17:18,False,16846.01
TXN_00000665,CUST_0178,84.38,EUR,TRANSFER,TRAVEL,2024-11-25 09:33:15,True,75936.42
TXN_00004642,CUST_0013,1779.6,EUR,PURCHASE,TRAVEL,2024-11-25 10:04:49,False,77005.28
TXN_00008549,CUST_0021,268.02,EUR,TRANSFER,HEALTHCARE,2024-11-25 10:09:56,False,95104.53
TXN_00003907,CUST_0005,1791.89,EUR,WITHDRAWAL,TRAVEL,2024-11-25 10:38:29,False,18385.08
TXN_00004414,CUST_0000,2772.9,EUR,PURCHASE,HEALTHCARE,2024-11-25 10:40:09,False,13616.97
TXN_00000323,CUST_0019,37.68,EUR,WITHDRAWAL,TRAVEL,2024-11-25 10:56:54,False,88831.1
TXN_00004701,CUST_0002,204.69,USD,PURCHASE,DINING,2024-11-25 11:00:04,False,39915.83
TXN_00007243,CUST_0087,975.63,EUR,PURCHASE,DINING,2024-11-25 11:16:43,False,85097.71
TXN_00008767,CUST_0092,187.5,EUR,PURCHASE,DINING,2024-11-25 12:18:16,False,56708.56
TXN_00006728,CUST_0113,3657.89,EUR,PURCHASE,HEALTHCARE,2024-11-25 12:22:25,False,12774.22
TXN_00000184,CUST_0177,2043.14,EUR,PURCHASE,GROCERY,2024-11-25 13:01:12,False,99237.54
TXN_00005668,CUST_0086,1385.92,EUR,PURCHASE,DINING,2024-11-25 13:56:45,False,4471.62
TXN_00003670,CUST_0012,921.48,EUR,TRANSFER,TRAVEL,2024-11-25 13:58:09,False,75709.58
TXN_00005057,CUST_0134,487.64,EUR,WITHDRAWAL,UTILITIES,2024-11-25 14:38:54,False,62153.4
TXN_00003997,CUST_0119,126.45,GBP,PURCHASE,ELECTRONICS,2024-11-25 14:55:07,False,62197.23
TXN_00005760,CUST_0028,244.8,USD,WITHDRAWAL,TRAVEL,2024-11-25 15:26:20,False,34492.12
TXN_00009223,CUST_0134,-166.64,EUR,REFUND,ELECTRONICS,2024-11-25 16:24:17,True,6487.46
TXN_00002535,CUST_0045,64.51,EUR,WITHDRAWAL,UTILITIES,2024-11-25 17:27:56,False,42473.06
TXN_00002249,CUST_0011,80.42,EUR,PURCHASE,HEALTHCARE,2024-11-25 17:45:04,False,15620.19
TXN_00007334,CUST_0113,1069.91,GBP,TRANSFER,HEALTHCARE,2024-11-25 18:58:16,False,69464.07
TXN_00003867,CUST_0168,24.21,EUR,PURCHASE,GROCERY,2024-11-25 22:22:14,False,50598.91
TXN_00002138,CUST_0163,129.95,EUR,PURCHASE,DINING,2024-11-26 06:12:30,False,51407.51
TXN_00001198,CUST_0082,120.03,USD,PURCHASE,TRAVEL,2024-11-26 06:14:11,False,51659.24
TXN_00005937,CUST_0030,218.51,EUR,WITHDRAWAL,HEALTHCARE,2024-11-26 07:03:48,False,88060.86
TXN_00003980,CUST_0086,102.37,USD,PURCHASE,TRAVEL,2024-11-26 07:26:37,False,33754.01
TXN_00002930,CUST_0081,340.95,GBP,PURCHASE,ELECTRONICS,2024-11-26 08:46:41,False,89697.51
TXN_00001921,CUST_0028,48.88,USD,PURCHASE,HEALTHCARE,2024-11-26 09:14:07,False,93541.37
TXN_00006525,CUST_0161,71.15,EUR,PURCHASE,TRAVEL,2024-11-26 09:40:02,False,62576.84
TXN_00000534,CUST_0034,3149.63,EUR,TRANSFER,,2024-11-26 10:25:03,False,21635.76
TXN_00006903,CUST_0023,2864.41,EUR,PURCHASE,ELECTRONICS,2024-11-26 11:00:46,False,80892.57
TXN_00004771,CUST_0068,-1223.17,EUR,REFUND,GROCERY,2024-11-26 11:02:39,False,38473.16
TXN_00002422,CUST_0003,137.48,EUR,PURCHASE,HEALTHCARE,2024-11-26 11:21:52,False,26099.26
TXN_00003871,CUST_0057,269.97,EUR,WITHDRAWAL,GROCERY,2024-11-26 11:56:12,False,87025.89
TXN_00006911,CUST_0016,1162.97,EUR,PURCHASE,TRAVEL,2024-11-26 12:24:04,False,79000.38
TXN_00001292,CUST_0178,2251.46,EUR,PURCHASE,ELECTRONICS,2024-11-26 12:34:52,False,36395.39
TXN_00002550,CUST_0129,558.18,GBP,PURCHASE,ELECTRONICS,2024-11-26 13:20:25,False,28688.28
TXN_00007455,CUST_0018,364.35,USD,WITHDRAWAL,DINING,2024-11-26 13:35:43,False,93730.34
TXN_00005321,CUST_0048,970.37,GBP,TRANSFER,HEALTHCARE,2024-11-26 14:00:45,False,38418.18
TXN_00002016,CUST_0179,495.79,EUR,TRANSFER,UTILITIES,2024-11-26 14:07:28,False,42087.87
TXN_00006712,CUST_0129,3538.35,USD,PURCHASE,TRAVEL,2024-11-26 14:08:09,False,40430.46
TXN_00000910,CUST_0027,5492.89,USD,TRANSFER,GROCERY,2024-11-26 14:27:43,False,89509.7
TXN_00008387,CUST_0017,5.56,EUR,PURCHASE,TRAVEL,2024-11-26 15:04:30,False,52461.98
TXN_00009541,CUST_0194,111.16,EUR,PURCHASE,UTILITIES,2024-11-26 15:05:42,False,29703.66
TXN_00008440,CUST_0175,1216.97,USD,PURCHASE,TRAVEL,2024-11-26 15:54:30,False,83424.84
TXN_00007620,CUST_0071,-203.81,EUR,REFUND,UTILITIES,2024-11-26 15:56:55,False,79326.43
TXN_00006669,CUST_0062,177.45,EUR,TRANSFER,TRAVEL,2024-11-26 16:05:22,False,41582.54
TXN_00004505,CUST_0103,1607.5,EUR,PURCHASE,ELECTRONICS,2024-11-26 16:16:33,False,42164.12
TXN_00008873,CUST_0114,19.78,EUR,WITHDRAWAL,HEALTHCARE,2024-11-26 16:20:29,False,46531.36
TXN_00005676,CUST_0065,145.54,EUR,PURCHASE,ELECTRONICS,2024-11-26 17:02:38,False,61840.67
TXN_00008497,CUST_0189,-124.04,EUR,REFUND,DINING,2024-11-26 17:21:46,False,11952.65
TXN_00002667,CUST_0096,74.39,USD,TRANSFER,DINING,2024-11-26 17:23:28,False,46681.76
TXN_00006057,CUST_0045,2446.89,USD,TRANSFER,TRAVEL,2024-11-26 17:54:19,False,92961.55
TXN_00003606,CUST_0035,187.47,EUR,WITHDRAWAL,ELECTRONICS,2024-11-26 18:24:17,False,47531.82
TXN_00000753,CUST_0015,594.87,EUR,PURCHASE,TRAVEL,2024-11-27 06:07:07,False,52817.49
TXN_00001786,CUST_0122,219.2,EUR,PURCHASE,HEALTHCARE,2024-11-27 06:12:55,False,98105.49
TXN_00004473,CUST_0160,181.41,EUR,TRANSFER,HEALTHCARE,2024-11-27 07:58:39,False,81935.8
TXN_00006961,CUST_0159,22.74,USD,PURCHASE,HEALTHCARE,2024-11-27 09:52:40,False,99970.5
TXN_00006092,CUST_0004,920.01,GBP,PURCHASE,TRAVEL,2024-11-27 09:54:29,False,91502.41
TXN_00007630,CUST_0037,78.29,GBP,PURCHASE,UTILITIES,2024-11-27 09:59:36,False,6495.85
TXN_00005115,CUST_0147,1046.63,EUR,WITHDRAWAL,UTILITIES,2024-11-27 10:07:18,False,76033.46
TXN_00005892,CUST_0193,1119.37,EUR,PURCHASE,UTILITIES,2024-11-27 10:10:51,False,55761.27
TXN_00007908,CUST_0075,77.39,EUR,PURCHASE,ELECTRONICS,2024-11-27 10:40:10,False,24540.75
TXN_00008969,CUST_0141,188.96,EUR,WITHDRAWAL,UTILITIES,2024-11-27 11:00:15,False,94107.54
TXN_00006172,CUST_0143,33.79,USD,PURCHASE,GROCERY,2024-11-27 12:01:11,False,23967.57
TXN_00002408,CUST_0168,1572.02,EUR,PURCHASE,ELECTRONICS,2024-11-27 12:42:56,False,99937.85
TXN_00001976,CUST_0058,1216.02,USD,PURCHASE,GROCERY,2024-11-27 12:43:08,False,41996.84
TXN_00006176,CUST_0016,1504.26,EUR,TRANSFER,ELECTRONICS,2024-11-27 13:09:10,False,85517.3
TXN_00002572,CUST_0044,1389.29,USD,TRANSFER,,2024-11-27 13:26:34,False,97762.23
TXN_00007966,CUST_0042,226.55,USD,PURCHASE,GROCERY,2024-11-27 13:43:34,False,86070.91
TXN_00002111,CUST_0147,130.15,USD,TRANSFER,GROCERY,2024-11-27 13:52:27,False,24597.67
TXN_00005613,CUST_0043,1569.78,EUR,PURCHASE,ELECTRONICS,2024-11-27 14:04:11,False,57003.48
TXN_00003943,CUST_0023,12.49,EUR,PURCHASE,DINING,2024-11-27 14:31:26,False,25278.79
TXN_00000954,CUST_0193,79.93,USD,PURCHASE,DINING,2024-11-27 15:46:40,False,99548.97
TXN_00002916,CUST_0189,492.67,EUR,PURCHASE,TRAVEL,2024-11-27 15:54:12,False,67392.36
TXN_00003162,CUST_0124,-119.75,EUR,REFUND,HEALTHCARE,2024-11-27 18:28:32,False,76762.02
TXN_00001561,CUST_0013,8.32,USD,WITHDRAWAL,HEALTHCARE,2024-11-27 18:41:50,False,75160.77
TXN_00002929,CUST_0003,351.9,GBP,PURCHASE,ELECTRONICS,2024-11-27 18:46:49,False,81786.59
TXN_00007085,CUST_0103,98.28,USD,PURCHASE,DINING,2024-11-27 18:50:11,False,91587.29
TXN_00006017,CUST_0065,-501.54,EUR,REFUND,DINING,2024-11-27 18:58:25,False,85766.17
TXN_00004110,CUST_0090,592.82,EUR,PURCHASE,GROCERY,2024-11-27 19:58:28,False,77131.43
TXN_00004057,CUST_0046,9959.75,USD,PURCHASE,GROCERY,2024-11-27 20:23:04,False,68834.4
TXN_00001092,CUST_0138,1258.9,GBP,PURCHASE,TRAVEL,2024-11-27 20:53:15,False,17578.88
TXN_00000731,CUST_0199,7.92,GBP,TRANSFER,ELECTRONICS,2024-11-27 23:53:11,False,35056.63
TXN_00003622,CUST_0096,1146.6,EUR,PURCHASE,GROCERY,2024-11-28 05:10:29,False,32142.73
TXN_00000523,CUST_0102,176.76,EUR,WITHDRAWAL,GROCERY,2024-11-28 05:28:30,False,79896.09
TXN_00004805,CUST_0068,95.46,EUR,WITHDRAWAL,TRAVEL,2024-11-28 06:11:50,False,98999.33
TXN_00006624,CUST_0097,41.44,USD,TRANSFER,HEALTHCARE,2024-11-28 06:40:41,False,9792.6
TXN_00009887,CUST_0186,16.28,USD,PURCHASE,HEALTHCARE,2024-11-28 07:36:31,False,63179.31
TXN_00002517,CUST_0131,65.69,EUR,PURCHASE,ELECTRONICS,2024-11-28 08:15:40,False,67852.98
TXN_00007322,CUST_0181,260.98,EUR,PURCHASE,TRAVEL,2024-11-28 08:29:32,False,72784.8
TXN_00002235,CUST_0157,161.85,EUR,PURCHASE,ELECTRONICS,2024-11-28 09:00:04,False,82873.78
TXN_00002149,CUST_0115,144.93,EUR,WITHDRAWAL,ELECTRONICS,2024-11-28 09:36:19,False,46272.56
TXN_00001909,CUST_0083,-1268.61,EUR,REFUND,DINING,2024-11-28 09:45:04,False,88889.84
TXN_00009825,CUST_0027,1127.75,EUR,PURCHASE,ELECTRONICS,2024-11-28 09:53:47,False,90609.08
TXN_00001296,CUST_0042,596.51,GBP,PURCHASE,TRAVEL,2024-11-28 12:25:58,False,13262.64
TXN_00006154,CUST_0094,810.43,EUR,PURCHASE,UTILITIES,2024-11-28 12:29:56,True,80460.64
TXN_00006625,CUST_0190,16.71,EUR,WITHDRAWAL,UTILITIES,2024-11-28 12:56:20,False,23972.08
TXN_00009703,CUST_0171,716.9,EUR,PURCHASE,GROCERY,2024-11-28 12:59:06,False,58968.32
TXN_00006519,CUST_0032,4.58,EUR,TRANSFER,UTILITIES,2024-11-28 13:04:50,False,40142.07
TXN_00006321,CUST_0162,1017.11,EUR,PURCHASE,TRAVEL,2024-11-28 13:08:23,False,37738.47
TXN_00004793,CUST_0022,23.66,USD,PURCHASE,HEALTHCARE,2024-11-28 13:21:13,False,74820.84
TXN_00003879,CUST_0096,2194.41,EUR,PURCHASE,TRAVEL,2024-11-28 14:17:51,True,87354.6
TXN_00007048,CUST_0001,111.06,EUR,PURCHASE,ELECTRONICS,2024-11-28 14:26:27,False,68876.41
TXN_00003460,CUST_0132,444.01,EUR,TRANSFER,DINING,2024-11-28 14:44:08,False,70704.38
TXN_00008262,CUST_0074,115.2,EUR,TRANSFER,HEALTHCARE,2024-11-28 14:55:29,False,98744.33
TXN_00001867,CUST_0047,175.23,GBP,TRANSFER,GROCERY,2024-11-28 15:00:23,False,33686.6
TXN_00003037,CUST_0021,158.06,EUR,WITHDRAWAL,ELECTRONICS,2024-11-28 16:00:24,False,85908.35
TXN_00008477,CUST_0175,1097.98,EUR,PURCHASE,UTILITIES,2024-11-28 16:28:34,False,89581.15
TXN_00007844,CUST_0130,6251.96,EUR,PURCHASE,DINING,2024-11-28 16:39:43,False,98125.81
TXN_00003354,CUST_0042,222.49,EUR,PURCHASE,,2024-11-28 16:43:12,False,79691.98
TXN_00000580,CUST_0158,388.83,EUR,WITHDRAWAL,DINING,2024-11-28 17:34:23,False,61455.55
TXN_00009339,CUST_0160,22.37,USD,PURCHASE,HEALTHCARE,2024-11-28 17:49:21,False,89071.22
TXN_00008919,CUST_0053,433.88,USD,TRANSFER,HEALTHCARE,2024-11-28 18:12:08,False,93373.72
TXN_00008917,CUST_0153,111.79,EUR,PURCHASE,TRAVEL,2024-11-29 07:17:15,False,67117.1
TXN_00006240,CUST_0048,125.67,EUR,TRANSFER,ELECTRONICS,2024-11-29 07:34:44,False,58300.83
TXN_00003695,CUST_0100,143.08,USD,PURCHASE,GROCERY,2024-11-29 09:18:30,False,96077.35
TXN_00003068,CUST_0065,54.48,EUR,PURCHASE,HEALTHCARE,2024-11-29 09:35:47,False,34457.81
TXN_00007132,CUST_0148,304.29,USD,PURCHASE,GROCERY,2024-11-29 09:36:14,False,1480.64
TXN_00004510,CUST_0140,36.77,GBP,WITHDRAWAL,ELECTRONICS,2024-11-29 10:05:48,False,78359.52
TXN_00002375,CUST_0199,98.19,EUR,TRANSFER,DINING,2024-11-29 11:48:40,False,89174.6
TXN_00008777,CUST_0028,30.27,EUR,PURCHASE,HEALTHCARE,2024-11-29 11:59:12,False,3707.49
TXN_00007851,CUST_0196,-146.6,EUR,REFUND,UTILITIES,2024-11-29 12:34:23,False,53485.59
TXN_00001439,CUST_0001,32.01,EUR,PURCHASE,UTILITIES,2024-11-29 12:40:35,False,47663.74
TXN_00003227,CUST_0134,821.12,USD,TRANSFER,TRAVEL,2024-11-29 13:12:40,False,78379.62
TXN_00007349,CUST_0112,60.68,EUR,PURCHASE,ELECTRONICS,2024-11-29 13:36:18,False,6919.24
TXN_00004263,CUST_0075,359.63,USD,PURCHASE,DINING,2024-11-29 13:52:01,False,84300.65
TXN_00008794,CUST_0133,93.9,USD,TRANSFER,HEALTHCARE,2024-11-29 13:52:38,False,52654.91
TXN_00007645,CUST_0008,108.86,EUR,PURCHASE,ELECTRONICS,2024-11-29 14:02:50,False,60413.04
TXN_00004675,CUST_0083,651.09,EUR,PURCHASE,GROCERY,2024-11-29 14:11:49,False,98483.11
TXN_00001955,CUST_0008,1791.78,EUR,WITHDRAWAL,GROCERY,2024-11-29 14:24:47,False,62618.62
TXN_00001251,CUST_0177,46.29,EUR,PURCHASE,GROCERY,2024-11-29 14:27:26,False,4842.21
TXN_00009226,CUST_0083,131.84,GBP,PURCHASE,DINING,2024-11-29 14:27:34,False,22333.16
TXN_00001627,CUST_0176,196.38,USD,PURCHASE,HEALTHCARE,2024-11-29 15:06:32,False,45356.2
TXN_00006778,CUST_0167,368.24,EUR,PURCHASE,GROCERY,2024-11-29 15:08:18,False,26429.11
TXN_00006509,CUST_0188,82.82,USD,PURCHASE,HEALTHCARE,2024-11-29 15:10:01,False,28634.31
TXN_00005752,CUST_0045,817.37,EUR,PURCHASE,DINING,2024-11-29 16:11:07,False,10823.26
TXN_00002115,CUST_0044,67.24,EUR,PURCHASE,DINING,2024-11-29 16:38:36,False,75198.71
TXN_00006806,CUST_0108,188.74,EUR,PURCHASE,DINING,2024-11-29 16:50:40,False,10365.35
TXN_00008921,CUST_0037,267.5,USD,PURCHASE,ELECTRONICS,2024-11-29 17:03:33,False,66882.02
TXN_00004818,CUST_0040,1109.59,EUR,PURCHASE,UTILITIES,2024-11-29 17:43:14,False,44881.9
TXN_00006168,CUST_0050,282.55,EUR,PURCHASE,ELECTRONICS,2024-11-29 17:51:46,False,76967.82
TXN_00004978,CUST_0114,83.22,USD,TRANSFER,ELECTRONICS,2024-11-29 19:55:16,False,41020.75
TXN_00007758,CUST_0171,566.2,EUR,PURCHASE,TRAVEL,2024-11-29 21:20:06,False,86435.63
TXN_00000453,CUST_0063,406.21,USD,PURCHASE,DINING,2024-11-29 22:01:08,False,21244.41
TXN_00003292,CUST_0004,223.36,EUR,PURCHASE,GROCERY,2024-11-30 08:33:27,False,94434.78
TXN_00003723,CUST_0144,36.28,EUR,PURCHASE,TRAVEL,2024-11-30 08:35:54,False,37822.32
TXN_00000219,CUST_0149,763.66,GBP,TRANSFER,UTILITIES,2024-11-30 09:10:07,False,94767.27
TXN_00001531,CUST_0144,390.56,GBP,WITHDRAWAL,HEALTHCARE,2024-11-30 09:14:05,False,28969.33
TXN_00004493,CUST_0007,792.96,USD,PURCHASE,UTILITIES,2024-11-30 10:05:47,False,77323.94
TXN_00008060,CUST_0037,790.75,EUR,PURCHASE,UTILITIES,2024-11-30 10:09:27,False,44776.78
TXN_00008365,CUST_0116,349.66,EUR,PURCHASE,HEALTHCARE,2024-11-30 10:28:01,False,50168.19
TXN_00007454,CUST_0119,473.58,EUR,PURCHASE,TRAVEL,2024-11-30 10:28:21,False,25816.41
TXN_00000774,CUST_0141,15.55,GBP,PURCHASE,DINING,2024-11-30 11:10:47,False,48010.06
TXN_00004719,CUST_0089,2780.2,USD,PURCHASE,ELECTRONICS,2024-11-30 11:17:06,False,54998.62
TXN_00004201,CUST_0173,3800.49,EUR,PURCHASE,DINING,2024-11-30 11:30:24,False,72618.33
TXN_00003651,CUST_0105,248.65,EUR,TRANSFER,UTILITIES,2024-11-30 11:31:07,False,50251.97
TXN_00000181,CUST_0105,195.36,EUR,PURCHASE,DINING,2024-11-30 11:59:29,False,35080.31
TXN_00001584,CUST_0159,129.42,EUR,PURCHASE,TRAVEL,2024-11-30 12:14:35,False,52070.34
TXN_00004512,CUST_0052,-177.91,EUR,REFUND,HEALTHCARE,2024-11-30 12:27:32,False,89903.25
TXN_00001077,CUST_0108,68.53,EUR,WITHDRAWAL,GROCERY,2024-11-30 12:27:51,False,28252.59
TXN_00008540,CUST_0166,115.14,USD,PURCHASE,HEALTHCARE,2024-11-30 12:51:51,False,59614.93
TXN_00003180,CUST_0066,1445.48,EUR,PURCHASE,TRAVEL,2024-11-30 12:57:38,False,47926.42
TXN_00004305,CUST_0156,505.63,USD,WITHDRAWAL,HEALTHCARE,2024-11-30 13:05:42,True,66847.23
TXN_00009449,CUST_0034,4.1,EUR,PURCHASE,TRAVEL,2024-11-30 13:52:20,False,36583.14
TXN_00001079,CUST_0042,13546.06,EUR,TRANSFER,UTILITIES,2024-11-30 14:19:28,False,59575.37
TXN_00006224,CUST_0154,5.01,GBP,PURCHASE,DINING,2024-11-30 14:21:33,False,49810.27
TXN_00009466,CUST_0034,1374.09,EUR,PURCHASE,TRAVEL,2024-11-30 15:02:02,False,38992.33
TXN_00001314,CUST_0065,252.97,EUR,PURCHASE,HEALTHCARE,2024-11-30 15:03:49,False,8949.66
TXN_00009902,CUST_0017,932.91,EUR,TRANSFER,TRAVEL,2024-11-30 15:09:43,False,41107.47
TXN_00002804,CUST_0049,3070.1,USD,PURCHASE,UTILITIES,2024-11-30 15:53:28,False,8270.51
TXN_00000217,CUST_0000,67.3,EUR,PURCHASE,DINING,2024-11-30 16:05:53,False,20615.38
TXN_00002662,CUST_0164,194.17,EUR,PURCHASE,TRAVEL,2024-11-30 16:56:22,False,53494.53
TXN_00008551,CUST_0053,867.57,EUR,PURCHASE,UTILITIES,2024-11-30 17:27:39,False,72237.32
TXN_00004134,CUST_0024,233.4,EUR,PURCHASE,HEALTHCARE,2024-11-30 17:59:31,False,87585.28
TXN_00008258,CUST_0130,15.54,EUR,TRANSFER,DINING,2024-11-30 18:35:39,False,24376.46
TXN_00007406,CUST_0042,173.01,USD,TRANSFER,GROCERY,2024-11-30 20:42:15,False,73693.96
TXN_00000329,CUST_0124,153.4,EUR,PURCHASE,GROCERY,2024-11-30 23:52:06,False,48390.12
TXN_00000187,CUST_0186,759.18,EUR,TRANSFER,UTILITIES,2024-12-01 04:30:10,False,30709.84
TXN_00002791,CUST_0037,901.9,EUR,PURCHASE,TRAVEL,2024-12-01 06:50:05,False,15443.15
TXN_00006314,CUST_0117,58.94,USD,PURCHASE,TRAVEL,2024-12-01 08:01:35,False,62311.66
TXN_00001626,CUST_0114,89.9,GBP,WITHDRAWAL,HEALTHCARE,2024-12-01 08:25:25,False,44137.31
TXN_00002633,CUST_0111,24.49,EUR,PURCHASE,ELECTRONICS,2024-12-01 08:50:03,False,10144.85
TXN_00000647,CUST_0164,73.71,GBP,PURCHASE,HEALTHCARE,2024-12-01 09:15:53,False,21144.16
TXN_00003453,CUST_0025,319.87,EUR,PURCHASE,HEALTHCARE,2024-12-01 09:24:13,False,90716.31
TXN_00006780,CUST_0144,965.61,EUR,PURCHASE,ELECTRONICS,2024-12-01 10:34:53,False,40069.95
TXN_00001700,CUST_0111,482.58,GBP,TRANSFER,HEALTHCARE,2024-12-01 10:43:11,False,15364.47
TXN_00005122,CUST_0179,-90.59,EUR,REFUND,UTILITIES,2024-12-01 11:01:47,False,68581.5
TXN_00008346,CUST_0178,145.16,EUR,PURCHASE,UTILITIES,2024-12-01 11:09:40,False,10515.74
TXN_00004739,CUST_0115,236.7,GBP,PURCHASE,DINING,2024-12-01 11:11:40,True,36928.26
TXN_00003417,CUST_0005,190.83,EUR,WITHDRAWAL,DINING,2024-12-01 11:48:37,False,61457.34
TXN_00002425,CUST_0120,6719.38,USD,PURCHASE,HEALTHCARE,2024-12-01 12:20:25,False,29698.89
TXN_00005868,CUST_0098,1149.16,EUR,PURCHASE,DINING,2024-12-01 12:46:15,False,41383.19
TXN_00007864,CUST_0031,3256.47,EUR,TRANSFER,HEALTHCARE,2024-12-01 12:59:31,False,48215.23
TXN_00009082,CUST_0045,101.7,USD,PURCHASE,HEALTHCARE,2024-12-01 12:59:48,False,56654.98
TXN_00001071,CUST_0198,284.36,EUR,PURCHASE,DINING,2024-12-01 13:40:50,False,54092.92
TXN_00004822,CUST_0029,2308.79,USD,WITHDRAWAL,TRAVEL,2024-12-01 14:59:03,False,69973.09
TXN_00002195,CUST_0019,1072.61,USD,PURCHASE,GROCERY,2024-12-01 15:37:45,False,56593.73
TXN_00008433,CUST_0015,122.57,EUR,PURCHASE,HEALTHCARE,2024-12-01 16:14:39,False,43861.53
TXN_00000484,CUST_0010,280.41,EUR,PURCHASE,ELECTRONICS,2024-12-01 16:24:35,False,87614.54
TXN_00001541,CUST_0174,38.79,EUR,PURCHASE,GROCERY,2024-12-01 16:57:54,False,58532.1
TXN_00000370,CUST_0173,166.77,EUR,PURCHASE,GROCERY,2024-12-01 16:58:47,False,53045.65
TXN_00007447,CUST_0102,264.69,EUR,PURCHASE,GROCERY,2024-12-01 18:26:46,False,5054.34
TXN_00009790,CUST_0001,46.82,EUR,PURCHASE,TRAVEL,2024-12-01 18:54:07,False,21652.24
TXN_00001587,CUST_0168,1350.08,GBP,WITHDRAWAL,GROCERY,2024-12-01 20:22:37,False,80290.8
TXN_00005817,CUST_0008,214.75,EUR,PURCHASE,UTILITIES,2024-12-01 20:24:09,False,88028.99
TXN_00002098,CUST_0096,662.87,EUR,PURCHASE,TRAVEL,2024-12-02 04:22:59,False,59000.92
TXN_00003183,CUST_0094,241.89,GBP,TRANSFER,UTILITIES,2024-12-02 04:36:37,False,98786.27
TXN_00001753,CUST_0033,46.89,EUR,PURCHASE,GROCERY,2024-12-02 05:01:18,False,52907.97
TXN_00001167,CUST_0093,216.0,EUR,TRANSFER,TRAVEL,2024-12-02 05:31:08,False,97757.24
TXN_00001258,CUST_0186,65.78,EUR,PURCHASE,DINING,2024-12-02 08:34:31,False,62494.44
TXN_00000969,CUST_0039,1058.17,EUR,PURCHASE,DINING,2024-12-02 08:48:11,False,91067.45
TXN_00001514,CUST_0160,32960.15,EUR,PURCHASE,TRAVEL,2024-12-02 08:50:33,False,64891.97
TXN_00005153,CUST_0103,111.95,USD,WITHDRAWAL,UTILITIES,2024-12-02 09:02:33,False,6625.8
TXN_00008589,CUST_0148,117.04,USD,TRANSFER,GROCERY,2024-12-02 09:30:17,False,45342.07
TXN_00006562,CUST_0176,2421.13,EUR,WITHDRAWAL,DINING,2024-12-02 10:37:19,False,29050.79
TXN_00005865,CUST_0126,131.27,EUR,PURCHASE,HEALTHCARE,2024-12-02 10:38:33,False,25269.71
TXN_00007066,CUST_0114,1583.67,EUR,PURCHASE,UTILITIES,2024-12-02 11:15:11,False,13483.62
TXN_00009184,CUST_0164,461.57,EUR,TRANSFER,TRAVEL,2024-12-02 11:26:13,False,34032.4
TXN_00001635,CUST_0078,125.66,EUR,PURCHASE,HEALTHCARE,2024-12-02 12:47:59,False,66699.48
TXN_00001891,CUST_0165,1346.07,EUR,WITHDRAWAL,GROCERY,2024-12-02 12:57:41,False,45185.66
TXN_00003205,CUST_0079,233.55,EUR,TRANSFER,GROCERY,2024-12-02 13:03:56,False,63055.46
TXN_00003175,CUST_0105,170.73,EUR,PURCHASE,HEALTHCARE,2024-12-02 13:37:44,False,36010.6
TXN_00003848,CUST_0196,190.69,EUR,WITHDRAWAL,TRAVEL,2024-12-02 13:39:55,False,17068.16
TXN_00001795,CUST_0195,103.53,USD,PURCHASE,TRAVEL,2024-12-02 14:40:01,False,97878.99
TXN_00006346,CUST_0020,-126.48,USD,REFUND,UTILITIES,2024-12-02 15:08:44,False,6126.89
TXN_00007063,CUST_0154,144.36,EUR,PURCHASE,ELECTRONICS,2024-12-02 15:53:36,False,27459.8
TXN_00005835,CUST_0030,1381.3,EUR,TRANSFER,TRAVEL,2024-12-02 16:08:27,False,58463.23
TXN_00008484,CUST_0100,248.13,EUR,TRANSFER,HEALTHCARE,2024-12-02 16:16:25,False,17831.7
TXN_00005564,CUST_0007,216.34,USD,TRANSFER,HEALTHCARE,2024-12-02 16:58:25,False,94362.89
TXN_00002333,CUST_0172,186.27,EUR,WITHDRAWAL,GROCERY,2024-12-02 17:38:22,False,30362.03
TXN_00002944,CUST_0122,64.22,EUR,WITHDRAWAL,ELECTRONICS,2024-12-02 18:48:12,False,4661.83
TXN_00005941,CUST_0175,111.01,USD,WITHDRAWAL,HEALTHCARE,2024-12-02 18:48:49,False,33091.34
TXN_00009874,CUST_0064,48.95,EUR,PURCHASE,UTILITIES,2024-12-02 19:17:24,False,18320.77
TXN_00000066,CUST_0010,57.02,EUR,WITHDRAWAL,DINING,2024-12-03 01:40:35,False,71946.51
TXN_00001020,CUST_0183,1303.71,EUR,PURCHASE,GROCERY,2024-12-03 07:17:37,False,61450.33
TXN_00007883,CUST_0123,96.39,EUR,PURCHASE,DINING,2024-12-03 08:01:51,False,96661.86
TXN_00003412,CUST_0165,173.35,EUR,PURCHASE,UTILITIES,2024-12-03 08:17:08,False,75199.7
TXN_00001617,CUST_0156,88.2,EUR,WITHDRAWAL,TRAVEL,2024-12-03 09:31:52,False,31683.07
TXN_00002534,CUST_0083,12.49,EUR,PURCHASE,DINING,2024-12-03 09:37:39,False,26759.78
TXN_00003298,CUST_0107,480.58,USD,WITHDRAWAL,UTILITIES,2024-12-03 10:01:23,False,17708.11
TXN_00003608,CUST_0024,218.34,EUR,PURCHASE,UTILITIES,2024-12-03 10:01:29,False,1556.84
TXN_00004398,CUST_0147,117.18,USD,TRANSFER,DINING,2024-12-03 10:26:58,False,93922.61
TXN_00002445,CUST_0119,127.44,USD,PURCHASE,UTILITIES,2024-12-03 10:42:51,False,70288.8
TXN_00002504,CUST_0042,136.16,EUR,PURCHASE,TRAVEL,2024-12-03 10:46:17,False,70933.14
TXN_00007946,CUST_0179,526.11,EUR,PURCHASE,DINING,2024-12-03 12:32:01,False,63508.68
TXN_00007633,CUST_0117,39.1,USD,TRANSFER,TRAVEL,2024-12-03 12:37:20,False,85155.89
TXN_00000179,CUST_0090,2593.96,EUR,PURCHASE,UTILITIES,2024-12-03 13:29:14,False,14687.05
TXN_00001830,CUST_0173,166.03,EUR,PURCHASE,TRAVEL,2024-12-03 13:34:30,False,61408.0
TXN_00003732,CUST_0162,155.22,EUR,PURCHASE,TRAVEL,2024-12-03 13:50:21,False,65181.34
TXN_00004475,CUST_0057,854.7,EUR,PURCHASE,HEALTHCARE,2024-12-03 14:13:17,False,81094.25
TXN_00003703,CUST_0165,-22.98,EUR,REFUND,UTILITIES,2024-12-03 14:45:04,False,56695.22
TXN_00002434,CUST_0048,176.17,EUR,PURCHASE,DINING,2024-12-03 14:49:10,False,80490.85
TXN_00004033,CUST_0036,26.07,EUR,WITHDRAWAL,DINING,2024-12-03 15:00:55,False,62410.69
TXN_00001315,CUST_0002,168.34,USD,PURCHASE,UTILITIES,2024-12-03 16:04:19,False,12892.14
TXN_00002031,CUST_0001,274.87,EUR,PURCHASE,DINING,2024-12-03 16:23:36,False,56460.11
TXN_00006715,CUST_0156,69.17,EUR,WITHDRAWAL,ELECTRONICS,2024-12-03 16:28:52,False,59948.87
TXN_00001653,CUST_0168,326.15,EUR,TRANSFER,UTILITIES,2024-12-03 17:04:18,False,51505.43
TXN_00009019,CUST_0084,6410.37,EUR,PURCHASE,HEALTHCARE,2024-12-03 17:26:03,False,54045.55
TXN_00007977,CUST_0020,494.23,EUR,WITHDRAWAL,HEALTHCARE,2024-12-03 17:51:13,True,62778.79
TXN_00003983,CUST_0075,296.27,EUR,TRANSFER,GROCERY,2024-12-03 19:44:21,True,65816.15
TXN_00009517,CUST_0116,-213.48,EUR,REFUND,HEALTHCARE,2024-12-03 19:54:42,False,4058.35
TXN_00007298,CUST_0143,473.26,EUR,PURCHASE,ELECTRONICS,2024-12-03 19:57:08,True,43210.38
TXN_00007266,CUST_0062,1522.15,USD,PURCHASE,GROCERY,2024-12-03 21:54:20,False,32675.85
TXN_00006639,CUST_0157,-126.23,EUR,REFUND,HEALTHCARE,2024-12-04 08:08:11,False,97504.18
TXN_00002376,CUST_0136,230.82,EUR,TRANSFER,TRAVEL,2024-12-04 10:06:18,False,69010.97
TXN_00002849,CUST_0061,146.46,EUR,PURCHASE,TRAVEL,2024-12-04 10:09:26,False,88340.02
TXN_00001073,CUST_0063,34.25,EUR,PURCHASE,GROCERY,2024-12-04 10:18:01,False,40526.23
TXN_00008250,CUST_0171,23.66,USD,TRANSFER,DINING,2024-12-04 11:23:49,False,51082.82
TXN_00009149,CUST_0192,-343.17,EUR,REFUND,TRAVEL,2024-12-04 11:28:01,False,28315.24
TXN_00004128,CUST_0170,247.07,EUR,WITHDRAWAL,HEALTHCARE,2024-12-04 11:44:17,False,5902.16
TXN_00004685,CUST_0065,122.89,EUR,PURCHASE,,2024-12-04 12:41:35,False,23204.4
TXN_00000133,CUST_0178,315.04,EUR,PURCHASE,ELECTRONICS,2024-12-04 12:57:46,False,49927.1
TXN_00008872,CUST_0094,11.72,USD,PURCHASE,UTILITIES,2024-12-04 13:02:39,False,45710.65
TXN_00006571,CUST_0191,23.16,EUR,TRANSFER,DINING,2024-12-04 13:31:53,False,42464.15
TXN_00007019,CUST_0174,778.71,USD,WITHDRAWAL,GROCERY,2024-12-04 13:49:36,False,25970.97
TXN_00009454,CUST_0140,26.68,USD,PURCHASE,GROCERY,2024-12-04 14:29:10,False,20687.25
TXN_00002541,CUST_0038,11.06,EUR,TRANSFER,,2024-12-04 15:46:53,False,3535.13
TXN_00001130,CUST_0163,130.43,EUR,WITHDRAWAL,HEALTHCARE,2024-12-04 16:00:14,False,12567.62
TXN_00007683,CUST_0007,700.09,USD,PURCHASE,UTILITIES,2024-12-04 16:04:29,False,55151.35
TXN_00008002,CUST_0188,31.33,USD,PURCHASE,,2024-12-04 17:04:00,False,35523.04
TXN_00007373,CUST_0084,59.82,EUR,TRANSFER,TRAVEL,2024-12-04 17:30:08,False,67635.08
TXN_00003882,CUST_0180,26.08,EUR,TRANSFER,DINING,2024-12-04 19:32:06,False,26554.51
TXN_00004265,CUST_0163,345.1,USD,PURCHASE,DINING,2024-12-05 09:46:26,False,5515.44
TXN_00005225,CUST_0097,411.1,EUR,TRANSFER,UTILITIES,2024-12-05 09:52:51,False,79023.35
TXN_00001504,CUST_0046,4796.02,EUR,PURCHASE,DINING,2024-12-05 09:58:59,False,77156.71
TXN_00006928,CUST_0106,38.87,EUR,PURCHASE,DINING,2024-12-05 10:06:46,False,80757.24
TXN_00006663,CUST_0032,73.68,EUR,PURCHASE,HEALTHCARE,2024-12-05 11:07:43,False,49975.53
TXN_00005177,CUST_0066,122.77,EUR,TRANSFER,UTILITIES,2024-12-05 11:21:05,False,1560.18
TXN_00008803,CUST_0164,1110.11,USD,PURCHASE,TRAVEL,2024-12-05 11:47:52,False,72096.51
TXN_00005209,CUST_0123,50.36,EUR,TRANSFER,ELECTRONICS,2024-12-05 13:03:37,False,27096.69
TXN_00003552,CUST_0096,31.31,EUR,PURCHASE,GROCERY,2024-12-05 13:05:43,False,97366.9
TXN_00000859,CUST_0121,1913.09,EUR,PURCHASE,DINING,2024-12-05 13:18:18,False,93896.63
TXN_00006910,CUST_0090,397.32,EUR,TRANSFER,ELECTRONICS,2024-12-05 14:16:39,False,48567.98
TXN_00006088,CUST_0146,372.9,EUR,PURCHASE,DINING,2024-12-05 14:18:46,False,30242.44
TXN_00008178,CUST_0085,548.84,EUR,TRANSFER,ELECTRONICS,2024-12-05 14:40:24,False,10036.42
TXN_00002158,CUST_0085,132.59,USD,TRANSFER,GROCERY,2024-12-05 15:02:24,False,65814.53
TXN_00000757,CUST_0101,581.52,EUR,WITHDRAWAL,TRAVEL,2024-12-05 15:17:17,False,74841.17
TXN_00009923,CUST_0069,457.6,EUR,TRANSFER,TRAVEL,2024-12-05 15:18:15,False,47940.41
TXN_00008807,CUST_0087,1247.0,EUR,PURCHASE,TRAVEL,2024-12-05 16:04:19,False,76986.32
TXN_00006602,CUST_0102,-33.03,EUR,REFUND,UTILITIES,2024-12-05 16:23:21,False,66544.46
TXN_00003702,CUST_0076,460.23,USD,TRANSFER,DINING,2024-12-05 17:00:21,False,71581.88
TXN_00000011,CUST_0136,96.77,GBP,PURCHASE,ELECTRONICS,2024-12-05 17:27:46,False,85396.15
TXN_00008049,CUST_0089,-209.04,EUR,REFUND,GROCERY,2024-12-05 17:27:59,False,69710.22
TXN_00006749,CUST_0108,440.09,EUR,TRANSFER,GROCERY,2024-12-05 18:03:32,True,48442.54
TXN_00005423,CUST_0009,112.54,EUR,TRANSFER,GROCERY,2024-12-05 20:30:19,False,21438.78
TXN_00007746,CUST_0073,-57.04,EUR,REFUND,GROCERY,2024-12-05 23:14:16,False,93212.61
TXN_00008896,CUST_0164,102.54,EUR,PURCHASE,GROCERY,2024-12-06 01:31:29,False,22392.16
TXN_00005359,CUST_0127,10.7,EUR,PURCHASE,GROCERY,2024-12-06 05:25:50,False,81238.54
TXN_00003164,CUST_0125,-2033.26,GBP,REFUND,ELECTRONICS,2024-12-06 06:29:26,False,39258.49
TXN_00007190,CUST_0097,106.6,GBP,PURCHASE,GROCERY,2024-12-06 06:34:26,False,10048.3
TXN_00003217,CUST_0181,36.45,EUR,PURCHASE,UTILITIES,2024-12-06 06:50:35,False,17647.42
TXN_00006152,CUST_0037,319.13,EUR,PURCHASE,HEALTHCARE,2024-12-06 07:28:39,False,39418.16
TXN_00000110,CUST_0084,93.9,EUR,PURCHASE,TRAVEL,2024-12-06 07:29:36,False,74583.87
TXN_00004542,CUST_0066,18.6,EUR,WITHDRAWAL,DINING,2024-12-06 08:43:24,False,4212.09
TXN_00004078,CUST_0126,2366.44,EUR,PURCHASE,DINING,2024-12-06 08:56:30,False,33054.51
TXN_00004468,CUST_0129,770.87,EUR,TRANSFER,UTILITIES,2024-12-06 09:43:10,False,58339.15
TXN_00007550,CUST_0123,119.15,EUR,TRANSFER,GROCERY,2024-12-06 09:50:46,False,85247.58
TXN_00007859,CUST_0114,2162.97,GBP,PURCHASE,ELECTRONICS,2024-12-06 09:58:30,False,79347.08
TXN_00001325,CUST_0048,1332.57,EUR,PURCHASE,GROCERY,2024-12-06 10:03:06,False,18520.89
TXN_00006615,CUST_0166,73.55,EUR,WITHDRAWAL,GROCERY,2024-12-06 10:26:17,False,42012.63
TXN_00006971,CUST_0079,131.01,EUR,PURCHASE,ELECTRONICS,2024-12-06 10:56:39,False,51854.2
TXN_00005420,CUST_0088,320.94,EUR,PURCHASE,DINING,2024-12-06 11:38:15,False,16010.56
TXN_00007332,CUST_0142,99.28,EUR,TRANSFER,UTILITIES,2024-12-06 11:45:21,False,40601.8
TXN_00005001,CUST_0069,964.36,EUR,PURCHASE,HEALTHCARE,2024-12-06 11:50:02,False,70685.95
TXN_00001320,CUST_0140,-137.41,GBP,REFUND,GROCERY,2024-12-06 11:52:31,False,88537.63
TXN_00008808,CUST_0148,311.65,EUR,PURCHASE,TRAVEL,2024-12-06 12:08:38,False,66596.87
TXN_00003577,CUST_0105,161.59,EUR,PURCHASE,UTILITIES,2024-12-06 12:56:28,False,62413.53
TXN_00008988,CUST_0188,138.35,EUR,PURCHASE,,2024-12-06 13:04:23,False,14253.94
TXN_00007121,CUST_0087,891.94,EUR,PURCHASE,HEALTHCARE,2024-12-06 13:34:43,False,96821.05
TXN_00000664,CUST_0079,1517.47,GBP,PURCHASE,DINING,2024-12-06 14:56:01,False,13065.21
TXN_00008704,CUST_0009,2781.12,USD,PURCHASE,UTILITIES,2024-12-06 15:50:05,False,54711.64
TXN_00000795,CUST_0126,497.38,USD,WITHDRAWAL,DINING,2024-12-06 16:45:43,False,7752.04
TXN_00005736,CUST_0022,172.56,USD,PURCHASE,GROCERY,2024-12-06 16:50:56,False,55688.01
TXN_00000801,CUST_0004,101.77,USD,PURCHASE,TRAVEL,2024-12-06 17:07:27,False,77613.92
TXN_00002455,CUST_0027,209.36,USD,PURCHASE,UTILITIES,2024-12-06 17:40:22,False,31458.03
TXN_00003995,CUST_0118,85.26,EUR,PURCHASE,UTILITIES,2024-12-06 17:41:00,False,56595.04
TXN_00005803,CUST_0096,1161.32,GBP,PURCHASE,,2024-12-06 18:06:47,False,18219.87
TXN_00004776,CUST_0068,1581.69,USD,PURCHASE,TRAVEL,2024-12-06 19:12:00,False,32559.43
TXN_00006563,CUST_0082,-14.35,EUR,REFUND,GROCERY,2024-12-07 05:01:03,False,63477.88
TXN_00009716,CUST_0129,229.15,EUR,PURCHASE,HEALTHCARE,2024-12-07 08:38:06,False,18362.04
TXN_00000953,CUST_0125,3448.16,USD,WITHDRAWAL,UTILITIES,2024-12-07 08:46:03,False,38873.93
TXN_00008613,CUST_0130,326.75,EUR,PURCHASE,ELECTRONICS,2024-12-07 08:49:33,False,68878.48
TXN_00001728,CUST_0140,222.72,USD,PURCHASE,ELECTRONICS,2024-12-07 09:20:55,False,98117.53
TXN_00008186,CUST_0108,297.83,EUR,PURCHASE,GROCERY,2024-12-07 09:24:33,False,3275.7
TXN_00007337,CUST_0156,-13.42,EUR,REFUND,HEALTHCARE,2024-12-07 09:32:40,False,51822.08
TXN_00000737,CUST_0017,110.19,USD,TRANSFER,ELECTRONICS,2024-12-07 09:43:01,False,37966.76
TXN_00006795,CUST_0013,40.95,EUR,WITHDRAWAL,GROCERY,2024-12-07 09:45:12,False,16640.31
TXN_00003126,CUST_0005,-288.31,EUR,REFUND,ELECTRONICS,2024-12-07 09:53:53,False,56694.62
TXN_00009626,CUST_0035,666.98,EUR,PURCHASE,TRAVEL,2024-12-07 11:00:51,False,8916.9
TXN_00005567,CUST_0056,221.68,EUR,TRANSFER,DINING,2024-12-07 11:30:54,False,2163.11
TXN_00001850,CUST_0012,484.01,EUR,PURCHASE,TRAVEL,2024-12-07 12:28:15,False,14517.33
TXN_00007756,CUST_0022,627.1,EUR,WITHDRAWAL,GROCERY,2024-12-07 12:32:26,False,71792.75
TXN_00005602,CUST_0012,69.65,EUR,PURCHASE,DINING,2024-12-07 14:05:10,False,22993.98
TXN_00000308,CUST_0189,1499.78,EUR,PURCHASE,GROCERY,2024-12-07 14:11:44,False,96185.96
TXN_00005330,CUST_0171,1114.52,EUR,TRANSFER,TRAVEL,2024-12-07 14:25:18,False,91425.49
TXN_00001768,CUST_0102,212.42,USD,TRANSFER,UTILITIES,2024-12-07 14:26:27,False,18601.64
TXN_00003522,CUST_0015,6490.05,EUR,PURCHASE,ELECTRONICS,2024-12-07 14:58:09,False,42954.08
TXN_00008906,CUST_0178,140.03,GBP,PURCHASE,ELECTRONICS,2024-12-07 15:10:06,False,50938.17
TXN_00009816,CUST_0062,275.15,USD,PURCHASE,TRAVEL,2024-12-07 15:43:26,False,56760.75
TXN_00006122,CUST_0014,89.44,USD,PURCHASE,ELECTRONICS,2024-12-07 15:47:29,False,26432.9
TXN_00007329,CUST_0014,321.53,EUR,WITHDRAWAL,HEALTHCARE,2024-12-07 16:33:26,False,724.34
TXN_00006468,CUST_0132,1373.67,EUR,TRANSFER,TRAVEL,2024-12-07 17:04:35,False,61619.83
TXN_00003056,CUST_0049,1839.86,EUR,TRANSFER,GROCERY,2024-12-07 17:20:45,False,58721.09
TXN_00000297,CUST_0120,37.79,EUR,TRANSFER,TRAVEL,2024-12-07 19:43:23,False,58758.06
TXN_00006902,CUST_0126,72.75,EUR,PURCHASE,TRAVEL,2024-12-07 21:40:41,False,17545.13
TXN_00001662,CUST_0152,428.82,EUR,PURCHASE,TRAVEL,2024-12-08 04:37:37,False,14934.0
TXN_00004293,CUST_0006,106.52,EUR,PURCHASE,DINING,2024-12-08 06:00:54,False,52232.61
TXN_00003709,CUST_0074,-19.16,GBP,REFUND,GROCERY,2024-12-08 06:05:27,False,94167.42
TXN_00004915,CUST_0112,483.94,USD,PURCHASE,UTILITIES,2024-12-08 06:20:20,False,56636.01
TXN_00008868,CUST_0181,21.73,USD,TRANSFER,DINING,2024-12-08 06:40:13,False,80898.32
TXN_00007850,CUST_0075,290.33,EUR,WITHDRAWAL,ELECTRONICS,2024-12-08 07:59:14,False,33877.32
TXN_00000578,CUST_0056,734.81,USD,TRANSFER,DINING,2024-12-08 08:31:43,False,8270.05
TXN_00000955,CUST_0017,482.51,EUR,PURCHASE,GROCERY,2024-12-08 08:57:49,False,67421.13
TXN_00004477,CUST_0168,-12.22,EUR,REFUND,ELECTRONICS,2024-12-08 09:00:40,False,55732.46
TXN_00001316,CUST_0157,1420.36,EUR,WITHDRAWAL,TRAVEL,2024-12-08 09:57:03,False,5453.35
TXN_00002960,CUST_0040,14.91,EUR,PURCHASE,ELECTRONICS,2024-12-08 10:58:08,False,12695.22
TXN_00004256,CUST_0107,-148.31,EUR,REFUND,GROCERY,2024-12-08 11:24:55,False,2238.87
TXN_00008283,CUST_0017,564.17,EUR,WITHDRAWAL,UTILITIES,2024-12-08 11:45:17,False,69844.04
TXN_00009392,CUST_0013,1167.13,EUR,TRANSFER,UTILITIES,2024-12-08 11:54:15,False,44448.04
TXN_00008291,CUST_0053,151.23,EUR,PURCHASE,ELECTRONICS,2024-12-08 12:09:06,False,54990.09
TXN_00008954,CUST_0034,83.7,EUR,TRANSFER,TRAVEL,2024-12-08 12:39:23,False,86781.94
TXN_00004693,CUST_0068,1107.77,EUR,TRANSFER,GROCERY,2024-12-08 12:58:42,False,97941.42
TXN_00002964,CUST_0020,154.62,GBP,TRANSFER,UTILITIES,2024-12-08 13:00:53,False,82046.29
TXN_00007909,CUST_0178,1205.13,USD,WITHDRAWAL,ELECTRONICS,2024-12-08 13:16:12,False,60453.1
TXN_00008897,CUST_0192,474.08,EUR,TRANSFER,GROCERY,2024-12-08 13:26:36,False,77780.41
TXN_00000793,CUST_0058,305.36,USD,WITHDRAWAL,TRAVEL,2024-12-08 13:50:02,False,13984.32
TXN_00006450,CUST_0004,50.73,EUR,PURCHASE,HEALTHCARE,2024-12-08 14:15:51,False,78859.4
TXN_00007335,CUST_0192,81.82,USD,TRANSFER,UTILITIES,2024-12-08 14:24:53,False,24650.26
TXN_00007191,CUST_0128,202.45,EUR,TRANSFER,UTILITIES,2024-12-08 14:31:16,False,77364.8
TXN_00001122,CUST_0129,397.61,EUR,WITHDRAWAL,DINING,2024-12-08 14:58:04,False,27187.71
TXN_00000705,CUST_0025,538.76,EUR,PURCHASE,GROCERY,2024-12-08 15:02:03,False,21516.98
TXN_00007452,CUST_0004,465.67,EUR,PURCHASE,ELECTRONICS,2024-12-08 15:21:38,False,18302.33
TXN_00008625,CUST_0152,540.49,USD,PURCHASE,ELECTRONICS,2024-12-08 15:52:39,False,63710.95
TXN_00008045,CUST_0169,169.92,GBP,PURCHASE,GROCERY,2024-12-08 15:54:17,False,42726.57
TXN_00006592,CUST_0131,208.36,EUR,WITHDRAWAL,GROCERY,2024-12-08 16:11:41,False,73263.14
TXN_00001354,CUST_0148,124.32,EUR,PURCHASE,DINING,2024-12-08 16:14:42,False,66907.33
TXN_00008901,CUST_0174,343.69,EUR,TRANSFER,ELECTRONICS,2024-12-08 16:17:10,False,98480.93
TXN_00002634,CUST_0049,10.98,EUR,WITHDRAWAL,TRAVEL,2024-12-08 16:28:16,False,40025.9
TXN_00004744,CUST_0107,45.1,EUR,TRANSFER,GROCERY,2024-12-08 16:50:37,True,871.94
TXN_00004066,CUST_0112,318.8,EUR,TRANSFER,UTILITIES,2024-12-08 16:55:38,False,78840.58
TXN_00003098,CUST_0138,-126.5,EUR,REFUND,ELECTRONICS,2024-12-08 17:31:45,False,17536.39
TXN_00005955,CUST_0078,37.15,USD,PURCHASE,ELECTRONICS,2024-12-08 17:37:22,False,30787.08
TXN_00008263,CUST_0182,448.89,EUR,WITHDRAWAL,GROCERY,2024-12-08 21:59:45,False,63087.01
TXN_00007999,CUST_0019,124.79,EUR,WITHDRAWAL,ELECTRONICS,2024-12-08 22:45:26,False,92484.26
TXN_00003192,CUST_0068,564.26,USD,PURCHASE,UTILITIES,2024-12-09 04:43:22,False,20781.99
TXN_00009575,CUST_0173,575.21,USD,TRANSFER,UTILITIES,2024-12-09 05:55:17,False,83382.68
TXN_00004953,CUST_0054,270.64,USD,WITHDRAWAL,TRAVEL,2024-12-09 05:57:31,False,59924.43
TXN_00009132,CUST_0188,859.51,GBP,PURCHASE,TRAVEL,2024-12-09 07:06:53,True,48464.37
TXN_00004207,CUST_0057,45.65,EUR,PURCHASE,ELECTRONICS,2024-12-09 07:18:11,False,46743.81
TXN_00003182,CUST_0016,796.23,EUR,PURCHASE,TRAVEL,2024-12-09 08:26:00,False,29903.72
TXN_00004809,CUST_0133,190.53,USD,TRANSFER,DINING,2024-12-09 10:12:20,False,65015.72
TXN_00001042,CUST_0036,1008.14,EUR,PURCHASE,UTILITIES,2024-12-09 10:31:54,False,50461.03
TXN_00004244,CUST_0019,55.42,USD,PURCHASE,UTILITIES,2024-12-09 10:42:20,False,84356.47
TXN_00009393,CUST_0040,22.41,USD,TRANSFER,TRAVEL,2024-12-09 12:06:03,False,6765.1
TXN_00009690,CUST_0114,159.47,EUR,PURCHASE,,2024-12-09 12:19:27,False,19582.68
TXN_00001603,CUST_0062,77.09,GBP,PURCHASE,GROCERY,2024-12-09 12:39:45,False,26683.89
TXN_00004198,CUST_0021,240.77,EUR,PURCHASE,HEALTHCARE,2024-12-09 13:32:57,False,86662.63
TXN_00006477,CUST_0145,78.99,USD,PURCHASE,DINING,2024-12-09 14:43:38,False,10832.11
TXN_00000783,CUST_0073,279.28,EUR,PURCHASE,UTILITIES,2024-12-09 14:58:02,False,64079.72
TXN_00001478,CUST_0103,564.22,EUR,PURCHASE,HEALTHCARE,2024-12-09 16:35:24,False,22695.93
TXN_00000270,CUST_0027,57.27,EUR,TRANSFER,TRAVEL,2024-12-09 17:42:21,False,16648.26
TXN_00002364,CUST_0018,96.16,EUR,TRANSFER,UTILITIES,2024-12-09 17:57:18,False,56064.09
TXN_00002493,CUST_0045,29.65,EUR,WITHDRAWAL,ELECTRONICS,2024-12-09 20:07:31,False,35002.18
TXN_00007294,CUST_0127,619.43,GBP,WITHDRAWAL,UTILITIES,2024-12-09 21:54:13,False,96619.94
TXN_00005757,CUST_0038,4.85,GBP,PURCHASE,ELECTRONICS,2024-12-10 04:49:13,False,72504.69
TXN_00000443,CUST_0180,618.9,EUR,PURCHASE,GROCERY,2024-12-10 06:56:27,False,8267.75
TXN_00002105,CUST_0147,822.8,EUR,WITHDRAWAL,UTILITIES,2024-12-10 07:38:17,False,83489.19
TXN_00002670,CUST_0026,1853.06,EUR,PURCHASE,DINING,2024-12-10 07:57:35,False,15779.69
TXN_00003329,CUST_0129,35.7,EUR,TRANSFER,UTILITIES,2024-12-10 08:17:59,False,80520.76
TXN_00007845,CUST_0162,726.49,EUR,TRANSFER,DINING,2024-12-10 08:20:02,False,85532.89
TXN_00007491,CUST_0144,1201.46,EUR,PURCHASE,UTILITIES,2024-12-10 09:32:16,False,37131.11
TXN_00002109,CUST_0099,78.4,EUR,PURCHASE,DINING,2024-12-10 10:31:25,False,11357.08
TXN_00006678,CUST_0130,214.78,EUR,TRANSFER,GROCERY,2024-12-10 11:18:50,False,33854.25
TXN_00009878,CUST_0051,736.31,USD,PURCHASE,TRAVEL,2024-12-10 12:08:16,False,58594.92
TXN_00009550,CUST_0048,25.95,EUR,TRANSFER,ELECTRONICS,2024-12-10 12:35:57,False,42398.64
TXN_00006758,CUST_0137,970.57,EUR,PURCHASE,HEALTHCARE,2024-12-10 12:53:47,False,37607.93
TXN_00004037,CUST_0126,2670.12,USD,PURCHASE,HEALTHCARE,2024-12-10 13:28:10,False,52175.35
TXN_00002558,CUST_0069,42.14,GBP,PURCHASE,GROCERY,2024-12-10 14:07:12,False,36877.34
TXN_00005947,CUST_0186,459.4,EUR,PURCHASE,GROCERY,2024-12-10 14:50:40,False,3800.63
TXN_00002510,CUST_0147,39.94,EUR,PURCHASE,DINING,2024-12-10 15:11:40,False,67868.95
TXN_00000657,CUST_0094,501.18,EUR,PURCHASE,UTILITIES,2024-12-10 15:20:11,False,32020.37
TXN_00007036,CUST_0026,2148.88,GBP,PURCHASE,GROCERY,2024-12-10 16:00:04,False,74568.38
TXN_00001026,CUST_0032,1378.39,EUR,PURCHASE,UTILITIES,2024-12-10 16:32:53,False,93177.47
TXN_00001480,CUST_0199,76.27,GBP,PURCHASE,UTILITIES,2024-12-10 17:22:18,False,68767.19
TXN_00005874,CUST_0084,1554.65,EUR,PURCHASE,DINING,2024-12-10 17:46:22,False,71225.47
TXN_00002507,CUST_0136,324.02,EUR,PURCHASE,ELECTRONICS,2024-12-10 18:31:37,False,11819.32
TXN_00005341,CUST_0011,767.18,EUR,TRANSFER,GROCERY,2024-12-10 18:36:39,False,40331.33
TXN_00001183,CUST_0187,433.57,EUR,PURCHASE,DINING,2024-12-10 19:40:30,False,89528.6
TXN_00009724,CUST_0073,1023.2,EUR,TRANSFER,GROCERY,2024-12-10 20:36:51,False,81938.25
TXN_00006782,CUST_0147,176.96,USD,WITHDRAWAL,HEALTHCARE,2024-12-10 21:03:57,False,34724.18
TXN_00000054,CUST_0074,404.6,USD,PURCHASE,TRAVEL,2024-12-11 06:31:06,False,95705.89
TXN_00002454,CUST_0072,420.17,EUR,TRANSFER,TRAVEL,2024-12-11 07:02:22,False,66273.96
TXN_00001409,CUST_0013,34.01,EUR,PURCHASE,DINING,2024-12-11 08:22:25,False,74410.42
TXN_00000194,CUST_0124,458.22,USD,PURCHASE,DINING,2024-12-11 08:25:56,False,56973.37
TXN_00009710,CUST_0022,93.27,EUR,PURCHASE,DINING,2024-12-11 08:54:32,False,18786.34
TXN_00004872,CUST_0197,5.22,EUR,TRANSFER,DINING,2024-12-11 11:16:48,True,12428.11
TXN_00009921,CUST_0120,312.5,EUR,PURCHASE,GROCERY,2024-12-11 12:00:51,False,52122.3
TXN_00005231,CUST_0194,370.58,EUR,PURCHASE,TRAVEL,2024-12-11 12:02:16,False,30404.87
TXN_00006964,CUST_0143,63.71,EUR,PURCHASE,ELECTRONICS,2024-12-11 12:30:38,False,80542.64
TXN_00008085,CUST_0168,6.23,EUR,WITHDRAWAL,UTILITIES,2024-12-11 12:34:18,False,65975.98
TXN_00003426,CUST_0095,86.34,EUR,PURCHASE,TRAVEL,2024-12-11 12:47:03,False,60809.91
TXN_00009150,CUST_0010,47.68,EUR,PURCHASE,ELECTRONICS,2024-12-11 13:37:47,False,22938.24
TXN_00008875,CUST_0056,862.21,EUR,PURCHASE,HEALTHCARE,2024-12-11 13:54:55,False,29308.51
TXN_00005690,CUST_0009,82.81,EUR,WITHDRAWAL,TRAVEL,2024-12-11 15:06:53,False,49454.33
TXN_00005310,CUST_0104,21.18,USD,PURCHASE,TRAVEL,2024-12-11 17:01:44,False,64434.75
TXN_00001097,CUST_0035,820.12,EUR,PURCHASE,UTILITIES,2024-12-11 18:22:17,False,82297.33
TXN_00005300,CUST_0095,337.78,USD,PURCHASE,HEALTHCARE,2024-12-12 02:38:09,False,8861.96
TXN_00005113,CUST_0001,7.99,EUR,PURCHASE,GROCERY,2024-12-12 06:13:37,False,86240.11
TXN_00009479,CUST_0151,742.23,EUR,PURCHASE,HEALTHCARE,2024-12-12 06:21:16,False,71631.17
TXN_00001466,CUST_0168,346.3,USD,PURCHASE,TRAVEL,2024-12-12 07:50:46,False,38155.42
TXN_00004575,CUST_0013,49.49,EUR,PURCHASE,UTILITIES,2024-12-12 08:24:15,False,19300.32
TXN_00004763,CUST_0063,-1388.13,EUR,REFUND,TRAVEL,2024-12-12 10:08:04,False,42324.44
TXN_00006823,CUST_0129,1468.83,GBP,WITHDRAWAL,TRAVEL,2024-12-12 10:15:56,False,82714.6
TXN_00004241,CUST_0025,396.62,EUR,PURCHASE,UTILITIES,2024-12-12 10:16:54,False,32003.83
TXN_00009947,CUST_0120,-312.92,EUR,REFUND,GROCERY,2024-12-12 11:09:22,False,8626.52
TXN_00009349,CUST_0070,11.07,GBP,PURCHASE,HEALTHCARE,2024-12-12 11:17:57,False,98732.81
TXN_00004935,CUST_0059,109.6,USD,PURCHASE,UTILITIES,2024-12-12 11:18:21,False,1239.98
TXN_00007583,CUST_0145,1711.44,EUR,PURCHASE,TRAVEL,2024-12-12 11:36:01,False,32617.54
TXN_00005319,CUST_0079,30.3,EUR,PURCHASE,GROCERY,2024-12-12 12:40:31,False,64255.32
TXN_00007522,CUST_0159,16.23,EUR,PURCHASE,HEALTHCARE,2024-12-12 12:43:05,False,18690.61
TXN_00006675,CUST_0071,106.77,USD,PURCHASE,,2024-12-12 12:43:06,False,34539.22
TXN_00009856,CUST_0182,493.44,EUR,PURCHASE,HEALTHCARE,2024-12-12 13:07:22,False,59852.69
TXN_00007847,CUST_0114,274.23,GBP,WITHDRAWAL,UTILITIES,2024-12-12 13:45:08,False,20785.78
TXN_00000592,CUST_0114,132.77,EUR,TRANSFER,UTILITIES,2024-12-12 13:52:31,False,33988.34
TXN_00000180,CUST_0161,39.46,GBP,PURCHASE,TRAVEL,2024-12-12 14:56:37,False,42695.06
TXN_00000267,CUST_0004,257.27,GBP,PURCHASE,HEALTHCARE,2024-12-12 15:16:42,False,46809.55
TXN_00009705,CUST_0105,221.21,USD,PURCHASE,ELECTRONICS,2024-12-12 15:28:04,False,78373.89
TXN_00007438,CUST_0194,389.29,EUR,WITHDRAWAL,ELECTRONICS,2024-12-12 15:37:39,False,9794.73
TXN_00006938,CUST_0154,182.31,EUR,TRANSFER,TRAVEL,2024-12-12 16:52:47,False,53931.76
TXN_00003541,CUST_0006,195.72,EUR,PURCHASE,ELECTRONICS,2024-12-12 17:40:37,False,47340.8
TXN_00003743,CUST_0044,66.08,EUR,PURCHASE,TRAVEL,2024-12-12 18:16:39,False,50886.1
TXN_00006121,CUST_0141,688.17,EUR,TRANSFER,TRAVEL,2024-12-12 18:54:41,False,15186.37
TXN_00008957,CUST_0172,11.66,USD,PURCHASE,,2024-12-12 18:56:32,False,73374.23
TXN_00002092,CUST_0050,3332.69,EUR,PURCHASE,UTILITIES,2024-12-12 20:44:30,False,44456.13
TXN_00000173,CUST_0188,101.84,EUR,PURCHASE,TRAVEL,2024-12-13 08:30:07,False,97219.26
TXN_00008795,CUST_0002,2663.62,EUR,PURCHASE,DINING,2024-12-13 09:24:18,False,7854.29
TXN_00000147,CUST_0111,212.51,GBP,WITHDRAWAL,DINING,2024-12-13 09:56:59,False,11450.96
TXN_00006812,CUST_0082,1205.25,USD,PURCHASE,HEALTHCARE,2024-12-13 10:46:02,False,11158.4
TXN_00006594,CUST_0129,75.73,USD,TRANSFER,ELECTRONICS,2024-12-13 11:34:46,False,53001.52
TXN_00003655,CUST_0111,93.4,GBP,PURCHASE,GROCERY,2024-12-13 11:37:21,False,46036.63
TXN_00008296,CUST_0171,461.31,EUR,PURCHASE,TRAVEL,2024-12-13 12:36:06,False,75664.16
TXN_00000736,CUST_0011,411.8,EUR,PURCHASE,ELECTRONICS,2024-12-13 12:44:02,False,51335.08
TXN_00003401,CUST_0126,1028.61,EUR,TRANSFER,ELECTRONICS,2024-12-13 13:47:57,False,67925.69
TXN_00003155,CUST_0064,441.27,EUR,PURCHASE,DINING,2024-12-13 14:12:11,False,42049.66
TXN_00000604,CUST_0158,262.69,EUR,TRANSFER,GROCERY,2024-12-13 14:26:49,False,35713.53
TXN_00002496,CUST_0127,-32.57,EUR,REFUND,UTILITIES,2024-12-13 14:51:32,False,65616.39
TXN_00003305,CUST_0173,99.18,EUR,TRANSFER,UTILITIES,2024-12-13 14:53:38,False,46658.52
TXN_00006572,CUST_0023,695.32,EUR,PURCHASE,UTILITIES,2024-12-13 15:21:23,False,57386.47
TXN_00005725,CUST_0005,3745.22,EUR,WITHDRAWAL,ELECTRONICS,2024-12-13 15:35:17,False,69794.12
TXN_00008745,CUST_0078,-360.6,EUR,REFUND,HEALTHCARE,2024-12-13 16:10:13,False,50071.93
TXN_00001038,CUST_0190,381.76,USD,TRANSFER,UTILITIES,2024-12-13 16:44:46,False,54240.89
TXN_00008636,CUST_0019,225.86,EUR,TRANSFER,GROCERY,2024-12-13 16:56:30,False,14090.24
TXN_00002756,CUST_0165,451.32,EUR,WITHDRAWAL,ELECTRONICS,2024-12-13 18:13:06,False,25864.05
TXN_00008595,CUST_0020,57.24,EUR,WITHDRAWAL,ELECTRONICS,2024-12-13 18:14:12,True,34426.41
TXN_00007631,CUST_0107,205.89,USD,TRANSFER,TRAVEL,2024-12-13 19:59:51,False,26273.44
TXN_00006818,CUST_0010,576.01,EUR,TRANSFER,TRAVEL,2024-12-13 20:40:35,False,59791.69
TXN_00001536,CUST_0195,266.65,USD,PURCHASE,TRAVEL,2024-12-14 02:28:54,False,97879.36
TXN_00000106,CUST_0026,244.88,EUR,TRANSFER,TRAVEL,2024-12-14 06:15:50,False,51475.06
TXN_00007186,CUST_0006,335.38,EUR,TRANSFER,ELECTRONICS,2024-12-14 07:25:38,False,9406.67
TXN_00008548,CUST_0010,2327.34,EUR,PURCHASE,ELECTRONICS,2024-12-14 08:35:26,False,45851.85
TXN_00004886,CUST_0194,2390.69,EUR,PURCHASE,HEALTHCARE,2024-12-14 09:15:49,False,34941.1
TXN_00002965,CUST_0171,2643.57,EUR,PURCHASE,TRAVEL,2024-12-14 09:19:32,False,33967.1
TXN_00009514,CUST_0108,265.67,GBP,PURCHASE,TRAVEL,2024-12-14 10:04:13,False,82387.14
TXN_00005416,CUST_0154,1341.51,EUR,WITHDRAWAL,HEALTHCARE,2024-12-14 10:58:11,False,22912.95
TXN_00005142,CUST_0128,136.66,EUR,WITHDRAWAL,TRAVEL,2024-12-14 11:00:02,False,70290.19
TXN_00003355,CUST_0032,173.41,EUR,PURCHASE,ELECTRONICS,2024-12-14 12:19:13,False,60965.38
TXN_00000847,CUST_0023,216.33,EUR,PURCHASE,DINING,2024-12-14 12:25:17,False,13006.66
TXN_00000549,CUST_0083,1799.41,EUR,WITHDRAWAL,TRAVEL,2024-12-14 12:42:01,False,52964.62
TXN_00005990,CUST_0060,199.59,GBP,PURCHASE,GROCERY,2024-12-14 12:53:01,False,4189.47
TXN_00003251,CUST_0173,146.13,USD,PURCHASE,TRAVEL,2024-12-14 13:09:20,False,15967.08
TXN_00008252,CUST_0127,146.98,EUR,TRANSFER,ELECTRONICS,2024-12-14 13:27:37,False,54796.69
TXN_00000351,CUST_0033,91.55,EUR,PURCHASE,UTILITIES,2024-12-14 13:53:52,False,23328.19
TXN_00007258,CUST_0010,243.56,USD,TRANSFER,,2024-12-14 13:55:52,False,61263.79
TXN_00002533,CUST_0021,119.74,USD,PURCHASE,GROCERY,2024-12-14 15:29:38,False,62324.35
TXN_00006538,CUST_0144,1096.16,EUR,PURCHASE,TRAVEL,2024-12-14 15:56:15,False,44468.9
TXN_00006181,CUST_0020,930.94,EUR,PURCHASE,TRAVEL,2024-12-14 16:59:08,False,69089.08
TXN_00005270,CUST_0138,145.97,EUR,PURCHASE,GROCERY,2024-12-14 18:58:18,False,33539.19
TXN_00005928,CUST_0065,275.74,EUR,WITHDRAWAL,ELECTRONICS,2024-12-14 20:13:59,False,1403.8
TXN_00007044,CUST_0192,307.07,EUR,PURCHASE,TRAVEL,2024-12-15 06:03:08,False,76450.79
TXN_00000215,CUST_0066,1477.75,EUR,PURCHASE,DINING,2024-12-15 07:10:29,False,36780.29
TXN_00008885,CUST_0006,33.68,GBP,TRANSFER,ELECTRONICS,2024-12-15 08:00:00,False,12313.85
TXN_00001818,CUST_0199,566.83,EUR,PURCHASE,DINING,2024-12-15 08:04:54,False,9260.51
TXN_00009900,CUST_0055,540.86,EUR,TRANSFER,DINING,2024-12-15 08:27:00,False,72270.01
TXN_00004130,CUST_0061,148.42,EUR,PURCHASE,DINING,2024-12-15 08:40:03,False,56801.95
TXN_00004123,CUST_0173,70.32,EUR,PURCHASE,TRAVEL,2024-12-15 08:46:42,False,84690.11
TXN_00008133,CUST_0141,252.55,EUR,PURCHASE,UTILITIES,2024-12-15 09:07:01,False,12370.72
TXN_00008699,CUST_0158,22.42,EUR,PURCHASE,HEALTHCARE,2024-12-15 09:11:14,False,3969.33
TXN_00002246,CUST_0179,387.0,EUR,TRANSFER,TRAVEL,2024-12-15 09:29:01,True,29798.15
TXN_00008051,CUST_0134,151.66,GBP,WITHDRAWAL,,2024-12-15 10:33:24,False,91256.57
TXN_00006876,CUST_0159,-355.01,EUR,REFUND,UTILITIES,2024-12-15 10:48:10,False,96003.24
TXN_00009259,CUST_0016,8069.68,EUR,PURCHASE,UTILITIES,2024-12-15 11:01:11,False,89794.58
TXN_00007240,CUST_0008,232.49,EUR,TRANSFER,UTILITIES,2024-12-15 11:02:20,False,40834.47
TXN_00004960,CUST_0101,227.34,EUR,PURCHASE,GROCERY,2024-12-15 11:47:35,False,65530.92
TXN_00002989,CUST_0041,-98.75,EUR,REFUND,DINING,2024-12-15 12:27:35,False,98605.47
TXN_00002979,CUST_0097,231.5,EUR,PURCHASE,ELECTRONICS,2024-12-15 12:45:34,False,76792.57
TXN_00005258,CUST_0158,206.79,EUR,WITHDRAWAL,TRAVEL,2024-12-15 12:57:54,True,8008.42
TXN_00008373,CUST_0134,378.95,GBP,PURCHASE,DINING,2024-12-15 12:59:12,False,87245.82
TXN_00004200,CUST_0049,149.45,USD,PURCHASE,HEALTHCARE,2024-12-15 13:05:03,False,55543.98
TXN_00006527,CUST_0147,-58.93,EUR,REFUND,DINING,2024-12-15 13:16:17,False,44109.51
TXN_00000702,CUST_0002,41.27,EUR,PURCHASE,UTILITIES,2024-12-15 13:19:15,False,21973.01
TXN_00008970,CUST_0180,234.5,EUR,TRANSFER,TRAVEL,2024-12-15 13:32:37,False,81942.42
TXN_00005371,CUST_0009,398.86,USD,PURCHASE,DINING,2024-12-15 13:43:29,False,6330.9
TXN_00003868,CUST_0081,125.76,EUR,TRANSFER,TRAVEL,2024-12-15 14:17:55,False,78683.54
TXN_00006575,CUST_0002,16.88,USD,WITHDRAWAL,HEALTHCARE,2024-12-15 16:21:13,False,10785.38
TXN_00008676,CUST_0038,268.39,EUR,WITHDRAWAL,TRAVEL,2024-12-15 17:25:38,False,57139.96
TXN_00007586,CUST_0063,110.6,EUR,WITHDRAWAL,UTILITIES,2024-12-15 17:28:12,False,90228.75
TXN_00006191,CUST_0066,239.26,EUR,PURCHASE,TRAVEL,2024-12-15 17:36:18,False,17056.06
TXN_00001272,CUST_0095,305.49,EUR,TRANSFER,HEALTHCARE,2024-12-15 17:45:43,False,20515.11
TXN_00005954,CUST_0066,-38.34,EUR,REFUND,GROCERY,2024-12-15 20:43:17,False,19459.29
TXN_00008023,CUST_0086,34.85,EUR,TRANSFER,UTILITIES,2024-12-15 21:00:50,False,86149.33
TXN_00005580,CUST_0090,-309.56,EUR,REFUND,UTILITIES,2024-12-16 05:05:31,False,47607.14
TXN_00000015,CUST_0023,155.97,EUR,PURCHASE,HEALTHCARE,2024-12-16 08:47:14,False,75183.41
TXN_00008106,CUST_0177,128.93,EUR,PURCHASE,HEALTHCARE,2024-12-16 08:58:24,False,54014.61
TXN_00003694,CUST_0003,97.12,EUR,PURCHASE,TRAVEL,2024-12-16 09:08:46,False,83587.63
TXN_00007150,CUST_0131,42.5,EUR,PURCHASE,ELECTRONICS,2024-12-16 09:18:29,False,28716.6
TXN_00007216,CUST_0103,1052.43,EUR,PURCHASE,HEALTHCARE,2024-12-16 09:31:21,False,4234.04
TXN_00005761,CUST_0003,5077.36,EUR,PURCHASE,HEALTHCARE,2024-12-16 09:49:56,False,42828.19
TXN_00007557,CUST_0148,189.5,USD,PURCHASE,UTILITIES,2024-12-16 10:56:15,False,73151.32
TXN_00003443,CUST_0123,10.73,EUR,PURCHASE,ELECTRONICS,2024-12-16 11:17:22,False,38235.66
TXN_00001423,CUST_0191,84.61,EUR,PURCHASE,UTILITIES,2024-12-16 12:13:38,False,4374.07
TXN_00000491,CUST_0013,253.06,GBP,PURCHASE,DINING,2024-12-16 12:43:09,False,37245.83
TXN_00003971,CUST_0097,3991.78,EUR,TRANSFER,ELECTRONICS,2024-12-16 13:10:21,False,99075.06
TXN_00006091,CUST_0013,241.7,GBP,PURCHASE,DINING,2024-12-16 13:46:34,False,90051.15
TXN_00009660,CUST_0128,199.69,EUR,PURCHASE,GROCERY,2024-12-16 13:58:11,False,55264.97
TXN_00000593,CUST_0117,806.36,USD,PURCHASE,TRAVEL,2024-12-16 14:15:31,False,48690.32
TXN_00004674,CUST_0191,429.82,EUR,PURCHASE,HEALTHCARE,2024-12-16 14:22:25,False,61556.56
TXN_00002193,CUST_0135,1895.42,EUR,WITHDRAWAL,DINING,2024-12-16 14:54:12,False,23786.65
TXN_00007002,CUST_0133,23.78,EUR,PURCHASE,UTILITIES,2024-12-16 15:13:38,False,15754.52
TXN_00008565,CUST_0192,416.97,EUR,PURCHASE,ELECTRONICS,2024-12-16 15:18:47,False,6757.6
TXN_00009298,CUST_0120,91.27,USD,WITHDRAWAL,HEALTHCARE,2024-12-16 15:26:39,False,74730.61
TXN_00003749,CUST_0008,144.82,EUR,PURCHASE,GROCERY,2024-12-16 15:58:26,False,4808.26
TXN_00003110,CUST_0040,42.67,EUR,TRANSFER,ELECTRONICS,2024-12-16 16:21:38,True,90544.49
TXN_00007723,CUST_0010,694.75,EUR,TRANSFER,ELECTRONICS,2024-12-16 16:30:08,False,49087.24
TXN_00003493,CUST_0057,687.37,EUR,PURCHASE,HEALTHCARE,2024-12-16 16:57:30,False,1443.15
TXN_00003008,CUST_0018,474.37,USD,PURCHASE,GROCERY,2024-12-16 17:05:15,False,93081.72
TXN_00003861,CUST_0006,364.69,EUR,TRANSFER,TRAVEL,2024-12-16 17:08:29,False,86419.96
TXN_00001842,CUST_0074,343.09,USD,TRANSFER,ELECTRONICS,2024-12-16 17:26:37,False,49947.47
TXN_00007866,CUST_0195,752.93,EUR,PURCHASE,,2024-12-16 17:30:58,False,72842.23
TXN_00009236,CUST_0020,76.86,GBP,PURCHASE,HEALTHCARE,2024-12-16 17:57:35,False,84221.24
TXN_00007824,CUST_0082,5355.9,GBP,PURCHASE,ELECTRONICS,2024-12-16 18:07:38,False,32708.74
TXN_00000585,CUST_0027,116.99,EUR,TRANSFER,HEALTHCARE,2024-12-17 05:07:09,False,8555.11
TXN_00003689,CUST_0076,587.26,USD,TRANSFER,GROCERY,2024-12-17 08:09:39,False,42521.51
TXN_00004896,CUST_0114,638.6,EUR,PURCHASE,HEALTHCARE,2024-12-17 08:28:23,False,71547.36
TXN_00005303,CUST_0183,35.27,USD,WITHDRAWAL,DINING,2024-12-17 08:37:25,False,86767.15
TXN_00000189,CUST_0075,20.14,EUR,PURCHASE,GROCERY,2024-12-17 09:02:26,False,62984.37
TXN_00001717,CUST_0188,779.85,EUR,TRANSFER,UTILITIES,2024-12-17 09:25:16,False,13242.34
TXN_00006847,CUST_0198,437.54,USD,PURCHASE,ELECTRONICS,2024-12-17 10:08:33,False,15849.81
TXN_00000972,CUST_0057,506.76,EUR,PURCHASE,DINING,2024-12-17 10:18:42,False,88516.81
TXN_00001926,CUST_0167,45.81,GBP,PURCHASE,GROCERY,2024-12-17 10:27:52,False,82767.88
TXN_00003948,CUST_0163,402.93,EUR,TRANSFER,TRAVEL,2024-12-17 11:04:36,False,38140.35
TXN_00005352,CUST_0008,307.09,EUR,PURCHASE,ELECTRONICS,2024-12-17 11:16:03,False,55714.43
TXN_00000428,CUST_0046,279.04,EUR,TRANSFER,TRAVEL,2024-12-17 11:27:09,False,68657.56
TXN_00003311,CUST_0087,125.07,EUR,TRANSFER,UTILITIES,2024-12-17 11:35:49,False,65688.22
TXN_00007835,CUST_0170,453.91,EUR,WITHDRAWAL,GROCERY,2024-12-17 12:41:48,False,97898.86
TXN_00005688,CUST_0096,329.53,EUR,PURCHASE,TRAVEL,2024-12-17 12:48:49,False,59210.01
TXN_00003673,CUST_0126,55.37,EUR,WITHDRAWAL,HEALTHCARE,2024-12-17 13:15:31,False,94798.67
TXN_00000384,CUST_0161,267.17,EUR,WITHDRAWAL,UTILITIES,2024-12-17 14:16:09,False,57182.05
TXN_00005572,CUST_0110,29.9,EUR,PURCHASE,,2024-12-17 14:54:46,False,24788.34
TXN_00001605,CUST_0007,566.6,USD,PURCHASE,DINING,2024-12-17 14:56:59,False,30168.3
TXN_00009919,CUST_0168,6957.84,EUR,TRANSFER,HEALTHCARE,2024-12-17 15:08:54,False,21446.95
TXN_00009140,CUST_0048,447.44,EUR,PURCHASE,UTILITIES,2024-12-17 16:12:01,False,48578.65
TXN_00001043,CUST_0145,1385.53,USD,PURCHASE,HEALTHCARE,2024-12-17 17:04:35,False,30562.31
TXN_00007841,CUST_0065,300.75,GBP,TRANSFER,DINING,2024-12-17 17:43:34,False,59022.82
TXN_00005309,CUST_0042,193.31,USD,TRANSFER,,2024-12-17 18:43:14,False,93910.88
TXN_00003003,CUST_0091,130.79,EUR,PURCHASE,HEALTHCARE,2024-12-17 18:50:20,False,60104.27
TXN_00004520,CUST_0176,1065.46,GBP,PURCHASE,DINING,2024-12-17 19:47:44,False,54643.36
TXN_00008160,CUST_0107,2269.8,EUR,PURCHASE,ELECTRONICS,2024-12-17 23:25:23,False,83484.0
TXN_00004638,CUST_0097,1515.77,USD,WITHDRAWAL,ELECTRONICS,2024-12-18 05:39:43,False,71078.83
TXN_00000514,CUST_0080,293.98,USD,WITHDRAWAL,GROCERY,2024-12-18 06:32:58,False,22942.97
TXN_00004076,CUST_0171,305.42,GBP,TRANSFER,DINING,2024-12-18 07:39:26,False,96711.42
TXN_00000239,CUST_0063,4598.0,USD,PURCHASE,DINING,2024-12-18 08:22:14,False,83591.15
TXN_00005977,CUST_0197,89.92,USD,PURCHASE,UTILITIES,2024-12-18 08:46:39,False,97641.17
TXN_00004975,CUST_0082,761.79,EUR,PURCHASE,GROCERY,2024-12-18 09:07:45,False,73915.14
TXN_00007015,CUST_0105,16.47,EUR,WITHDRAWAL,TRAVEL,2024-12-18 09:14:23,False,24693.04
TXN_00002576,CUST_0132,437.97,EUR,WITHDRAWAL,ELECTRONICS,2024-12-18 10:31:17,False,55767.91
TXN_00005944,CUST_0157,18.46,EUR,PURCHASE,HEALTHCARE,2024-12-18 10:36:15,False,51675.33
TXN_00002060,CUST_0185,74.7,EUR,PURCHASE,UTILITIES,2024-12-18 11:39:44,False,26947.82
TXN_00005375,CUST_0027,537.98,USD,TRANSFER,DINING,2024-12-18 12:10:33,False,10548.72
TXN_00002137,CUST_0175,728.63,GBP,PURCHASE,TRAVEL,2024-12-18 12:11:33,False,86950.07
TXN_00001702,CUST_0013,88.35,USD,WITHDRAWAL,DINING,2024-12-18 13:53:51,False,18461.43
TXN_00005075,CUST_0180,242.48,GBP,PURCHASE,TRAVEL,2024-12-18 14:05:38,False,78335.89
TXN_00006784,CUST_0023,317.05,EUR,TRANSFER,DINING,2024-12-18 14:31:03,False,6676.03
TXN_00001355,CUST_0152,216.76,EUR,PURCHASE,UTILITIES,2024-12-18 15:52:30,False,44801.61
TXN_00002192,CUST_0105,575.34,EUR,PURCHASE,ELECTRONICS,2024-12-18 16:10:23,False,49251.55
TXN_00000746,CUST_0030,1292.26,EUR,WITHDRAWAL,DINING,2024-12-18 17:48:41,False,27718.38
TXN_00002462,CUST_0160,88.12,EUR,WITHDRAWAL,UTILITIES,2024-12-18 17:54:50,False,38302.12
TXN_00003652,CUST_0073,2795.19,EUR,PURCHASE,UTILITIES,2024-12-18 17:57:09,False,18132.55
TXN_00009637,CUST_0130,1776.92,EUR,TRANSFER,TRAVEL,2024-12-18 18:22:34,False,74833.03
TXN_00007492,CUST_0064,232.88,EUR,PURCHASE,TRAVEL,2024-12-18 18:24:03,False,24106.57
TXN_00002868,CUST_0184,423.82,EUR,WITHDRAWAL,HEALTHCARE,2024-12-18 20:11:01,False,62222.94
TXN_00003922,CUST_0159,393.61,USD,WITHDRAWAL,TRAVEL,2024-12-18 20:16:51,False,47229.3
TXN_00007643,CUST_0179,63.51,EUR,WITHDRAWAL,ELECTRONICS,2024-12-18 21:38:56,False,61033.83
TXN_00002659,CUST_0085,136.35,EUR,PURCHASE,,2024-12-19 05:10:33,False,20713.6
TXN_00002234,CUST_0012,-893.71,EUR,REFUND,HEALTHCARE,2024-12-19 06:19:00,False,14629.11
TXN_00005013,CUST_0116,177.31,GBP,PURCHASE,TRAVEL,2024-12-19 06:26:14,True,59755.62
TXN_00006313,CUST_0144,400.46,EUR,TRANSFER,ELECTRONICS,2024-12-19 07:11:30,False,18197.2
TXN_00004576,CUST_0168,122.5,EUR,PURCHASE,TRAVEL,2024-12-19 07:17:46,True,46390.55
TXN_00009101,CUST_0139,96.06,EUR,PURCHASE,DINING,2024-12-19 08:07:49,False,88363.24
TXN_00004059,CUST_0055,139.12,EUR,WITHDRAWAL,HEALTHCARE,2024-12-19 08:26:19,False,31112.5
TXN_00006045,CUST_0111,253.88,EUR,PURCHASE,GROCERY,2024-12-19 08:45:39,False,54881.59
TXN_00006204,CUST_0199,1182.66,EUR,PURCHASE,HEALTHCARE,2024-12-19 09:22:45,False,92689.38
TXN_00008609,CUST_0035,53.37,EUR,PURCHASE,DINING,2024-12-19 09:43:11,False,3431.78
TXN_00008764,CUST_0121,312.54,GBP,PURCHASE,,2024-12-19 12:01:08,False,3485.64
TXN_00000845,CUST_0088,92.91,GBP,PURCHASE,ELECTRONICS,2024-12-19 12:10:40,False,72098.16
TXN_00004923,CUST_0170,3430.57,EUR,PURCHASE,ELECTRONICS,2024-12-19 12:25:12,False,86030.34
TXN_00008643,CUST_0048,1466.43,EUR,PURCHASE,TRAVEL,2024-12-19 12:56:03,False,94006.3
TXN_00002238,CUST_0108,448.4,EUR,PURCHASE,TRAVEL,2024-12-19 12:58:30,False,45401.07
TXN_00004071,CUST_0141,10876.64,EUR,PURCHASE,GROCERY,2024-12-19 13:06:30,False,90798.77
TXN_00002086,CUST_0134,1585.06,EUR,TRANSFER,UTILITIES,2024-12-19 13:35:24,False,57622.65
TXN_00002760,CUST_0096,446.25,GBP,TRANSFER,DINING,2024-12-19 15:01:52,False,79275.59
TXN_00002678,CUST_0172,1331.26,USD,PURCHASE,UTILITIES,2024-12-19 15:04:04,False,6829.67
TXN_00005720,CUST_0104,21.04,EUR,TRANSFER,DINING,2024-12-19 16:24:02,False,54852.43
TXN_00002302,CUST_0103,1805.03,EUR,PURCHASE,ELECTRONICS,2024-12-19 17:24:07,False,30828.08
TXN_00006103,CUST_0083,35.91,EUR,PURCHASE,UTILITIES,2024-12-19 17:38:42,False,94904.92
TXN_00005441,CUST_0134,1312.1,GBP,PURCHASE,TRAVEL,2024-12-19 21:34:12,False,82582.96
TXN_00004296,CUST_0123,202.34,USD,TRANSFER,UTILITIES,2024-12-20 03:32:03,False,32750.71
TXN_00005493,CUST_0137,202.51,EUR,PURCHASE,ELECTRONICS,2024-12-20 04:08:17,False,88281.99
TXN_00003048,CUST_0162,225.85,EUR,PURCHASE,DINING,2024-12-20 06:35:53,False,2114.41
TXN_00004437,CUST_0045,2379.93,EUR,PURCHASE,GROCERY,2024-12-20 06:46:13,False,99805.76
TXN_00007700,CUST_0000,180.59,EUR,PURCHASE,ELECTRONICS,2024-12-20 07:40:01,False,30153.86
TXN_00008200,CUST_0012,293.25,EUR,PURCHASE,TRAVEL,2024-12-20 07:41:12,False,61368.55
TXN_00001356,CUST_0018,75.37,EUR,TRANSFER,UTILITIES,2024-12-20 07:53:22,False,91973.17
TXN_00001694,CUST_0032,190.54,EUR,PURCHASE,GROCERY,2024-12-20 09:20:05,False,66221.08
TXN_00006950,CUST_0180,585.65,EUR,TRANSFER,GROCERY,2024-12-20 09:20:40,False,79354.1
TXN_00003842,CUST_0064,125.92,EUR,PURCHASE,UTILITIES,2024-12-20 09:31:30,False,93537.46
TXN_00002122,CUST_0088,297.45,EUR,PURCHASE,DINING,2024-12-20 09:58:48,False,84896.21
TXN_00004314,CUST_0191,131.71,EUR,PURCHASE,TRAVEL,2024-12-20 11:03:49,False,22510.69
TXN_00008759,CUST_0021,130.08,USD,PURCHASE,TRAVEL,2024-12-20 11:08:42,False,34988.9
TXN_00009469,CUST_0097,256.62,USD,TRANSFER,UTILITIES,2024-12-20 11:35:26,False,24375.6
TXN_00005140,CUST_0071,-106.85,USD,REFUND,HEALTHCARE,2024-12-20 11:45:58,False,35869.21
TXN_00001118,CUST_0142,862.45,EUR,PURCHASE,GROCERY,2024-12-20 12:09:18,False,53638.49
TXN_00007347,CUST_0102,267.94,USD,PURCHASE,TRAVEL,2024-12-20 12:12:05,False,64494.74
TXN_00007506,CUST_0155,289.95,EUR,WITHDRAWAL,DINING,2024-12-20 12:12:07,False,57812.67
TXN_00008524,CUST_0060,224.6,GBP,TRANSFER,TRAVEL,2024-12-20 12:19:36,False,42736.35
TXN_00001162,CUST_0039,-1189.45,GBP,REFUND,DINING,2024-12-20 12:30:30,False,5802.01
TXN_00005807,CUST_0161,112.21,USD,PURCHASE,GROCERY,2024-12-20 12:39:53,False,50583.17
TXN_00007402,CUST_0126,973.59,USD,TRANSFER,GROCERY,2024-12-20 12:59:35,False,35822.7
TXN_00002009,CUST_0148,1484.71,USD,PURCHASE,ELECTRONICS,2024-12-20 13:42:10,False,65244.61
TXN_00003045,CUST_0172,892.92,EUR,PURCHASE,HEALTHCARE,2024-12-20 13:50:31,True,25380.44
TXN_00002321,CUST_0098,120.01,EUR,PURCHASE,UTILITIES,2024-12-20 13:51:31,False,18026.69
TXN_00009543,CUST_0098,442.18,EUR,PURCHASE,GROCERY,2024-12-20 14:13:48,False,10668.99
TXN_00005011,CUST_0028,53.45,EUR,PURCHASE,TRAVEL,2024-12-20 14:37:52,False,63575.53
TXN_00008778,CUST_0097,22.15,USD,TRANSFER,GROCERY,2024-12-20 17:18:14,False,39004.83
TXN_00008537,CUST_0079,66.7,GBP,PURCHASE,ELECTRONICS,2024-12-20 17:31:07,False,18691.35
TXN_00004672,CUST_0172,2982.04,EUR,PURCHASE,GROCERY,2024-12-20 17:32:45,False,12434.94
TXN_00003234,CUST_0186,296.8,EUR,PURCHASE,HEALTHCARE,2024-12-20 18:33:56,False,6868.53
TXN_00007990,CUST_0093,315.66,EUR,TRANSFER,HEALTHCARE,2024-12-20 19:20:07,False,48519.13
TXN_00001310,CUST_0173,69.23,EUR,TRANSFER,UTILITIES,2024-12-21 05:33:12,False,19487.59
TXN_00003491,CUST_0107,188.55,EUR,PURCHASE,ELECTRONICS,2024-12-21 07:11:54,False,2898.97
TXN_00006073,CUST_0118,582.58,EUR,TRANSFER,TRAVEL,2024-12-21 07:18:06,False,18091.22
TXN_00003238,CUST_0123,128.96,EUR,PURCHASE,ELECTRONICS,2024-12-21 07:57:19,False,69171.42
TXN_00000875,CUST_0182,679.87,EUR,WITHDRAWAL,ELECTRONICS,2024-12-21 08:13:09,False,46570.34
TXN_00001312,CUST_0058,128.64,EUR,TRANSFER,ELECTRONICS,2024-12-21 08:18:37,False,1695.2
TXN_00002428,CUST_0123,5834.17,EUR,TRANSFER,UTILITIES,2024-12-21 08:39:37,False,70605.86
TXN_00002743,CUST_0134,100.85,EUR,PURCHASE,HEALTHCARE,2024-12-21 08:39:38,False,25111.22
TXN_00008338,CUST_0111,3812.75,EUR,WITHDRAWAL,UTILITIES,2024-12-21 09:13:36,False,36760.28
TXN_00002206,CUST_0100,954.02,EUR,WITHDRAWAL,GROCERY,2024-12-21 10:08:40,False,51333.22
TXN_00007189,CUST_0069,459.44,EUR,PURCHASE,GROCERY,2024-12-21 10:16:48,False,63025.34
TXN_00000629,CUST_0027,113.24,EUR,WITHDRAWAL,UTILITIES,2024-12-21 10:18:47,False,11982.59
TXN_00008320,CUST_0053,260.72,USD,PURCHASE,,2024-12-21 12:28:39,False,72094.12
TXN_00004521,CUST_0192,714.95,EUR,PURCHASE,TRAVEL,2024-12-21 12:35:20,False,15437.95
TXN_00003506,CUST_0058,0.5,USD,WITHDRAWAL,UTILITIES,2024-12-21 12:44:41,False,8389.19
TXN_00002725,CUST_0160,328.18,USD,PURCHASE,TRAVEL,2024-12-21 12:47:09,False,70907.48
TXN_00007662,CUST_0143,410.44,EUR,PURCHASE,TRAVEL,2024-12-21 12:55:25,False,30340.89
TXN_00009360,CUST_0199,3141.46,GBP,PURCHASE,TRAVEL,2024-12-21 12:56:27,False,78094.96
TXN_00003116,CUST_0018,98.74,USD,WITHDRAWAL,UTILITIES,2024-12-21 13:24:53,False,86396.94
TXN_00003870,CUST_0163,172.66,USD,TRANSFER,TRAVEL,2024-12-21 13:33:47,False,73921.23
TXN_00005268,CUST_0075,347.98,EUR,PURCHASE,TRAVEL,2024-12-21 14:27:38,False,54959.09
TXN_00007120,CUST_0173,292.98,EUR,PURCHASE,ELECTRONICS,2024-12-21 14:39:27,False,92973.41
TXN_00001102,CUST_0097,258.26,EUR,WITHDRAWAL,HEALTHCARE,2024-12-21 15:31:22,False,37302.87
TXN_00000305,CUST_0182,544.57,EUR,PURCHASE,ELECTRONICS,2024-12-21 15:40:37,False,72568.63
TXN_00009361,CUST_0040,447.01,USD,PURCHASE,HEALTHCARE,2024-12-21 16:22:11,False,49001.33
TXN_00003166,CUST_0028,1087.13,EUR,WITHDRAWAL,ELECTRONICS,2024-12-21 18:49:00,True,8723.14
TXN_00002243,CUST_0090,29.2,USD,PURCHASE,GROCERY,2024-12-21 18:53:57,False,70927.43
TXN_00004934,CUST_0094,199.98,GBP,PURCHASE,UTILITIES,2024-12-21 19:31:02,False,91269.79
TXN_00009796,CUST_0068,83.71,USD,PURCHASE,ELECTRONICS,2024-12-21 19:34:08,False,15582.48
TXN_00004498,CUST_0099,146.55,EUR,PURCHASE,HEALTHCARE,2024-12-21 19:57:47,False,69498.73
TXN_00003351,CUST_0050,721.37,EUR,PURCHASE,UTILITIES,2024-12-21 20:40:35,False,17178.26
TXN_00006041,CUST_0121,191.14,USD,PURCHASE,TRAVEL,2024-12-21 20:44:50,False,57777.44
TXN_00003605,CUST_0035,669.63,GBP,WITHDRAWAL,UTILITIES,2024-12-22 03:10:54,False,5511.01
TXN_00002723,CUST_0111,143.13,GBP,TRANSFER,UTILITIES,2024-12-22 06:47:40,False,25273.77
TXN_00001784,CUST_0054,-93.04,EUR,REFUND,ELECTRONICS,2024-12-22 07:21:21,False,54093.2
TXN_00006111,CUST_0045,111.26,USD,PURCHASE,ELECTRONICS,2024-12-22 07:27:34,False,97184.42
TXN_00009169,CUST_0056,349.68,EUR,WITHDRAWAL,HEALTHCARE,2024-12-22 08:17:43,False,21159.15
TXN_00005534,CUST_0022,289.46,GBP,PURCHASE,TRAVEL,2024-12-22 10:02:57,False,73034.11
TXN_00001104,CUST_0194,712.28,GBP,PURCHASE,TRAVEL,2024-12-22 10:07:00,False,34563.0
TXN_00000360,CUST_0198,262.49,EUR,WITHDRAWAL,TRAVEL,2024-12-22 10:08:02,False,93498.36
TXN_00007252,CUST_0055,15.26,GBP,PURCHASE,UTILITIES,2024-12-22 11:11:07,True,9541.53
TXN_00001792,CUST_0198,1283.19,USD,PURCHASE,GROCERY,2024-12-22 12:30:55,True,78580.13
TXN_00004749,CUST_0172,165.82,EUR,PURCHASE,DINING,2024-12-22 13:02:15,False,61433.91
TXN_00002798,CUST_0189,1188.2,EUR,PURCHASE,DINING,2024-12-22 13:13:57,False,34504.06
TXN_00002125,CUST_0124,49.67,EUR,PURCHASE,DINING,2024-12-22 13:16:39,False,36293.06
TXN_00002401,CUST_0114,526.54,EUR,TRANSFER,ELECTRONICS,2024-12-22 13:40:29,False,20264.6
TXN_00008719,CUST_0093,344.91,EUR,WITHDRAWAL,HEALTHCARE,2024-12-22 13:46:34,False,19265.56
TXN_00004852,CUST_0109,192.44,USD,PURCHASE,HEALTHCARE,2024-12-22 13:56:53,False,64610.11
TXN_00007363,CUST_0095,40.83,USD,PURCHASE,,2024-12-22 14:15:33,False,49772.72
TXN_00008813,CUST_0062,27.72,GBP,PURCHASE,DINING,2024-12-22 14:18:52,False,76768.41
TXN_00007754,CUST_0021,302.15,EUR,TRANSFER,TRAVEL,2024-12-22 14:38:48,False,76020.57
TXN_00001875,CUST_0007,15.41,EUR,TRANSFER,ELECTRONICS,2024-12-22 14:47:14,False,96021.09
TXN_00005704,CUST_0066,1243.28,USD,PURCHASE,GROCERY,2024-12-22 15:16:04,False,96799.44
TXN_00005393,CUST_0125,193.46,EUR,PURCHASE,GROCERY,2024-12-22 15:37:00,False,99256.7
TXN_00003263,CUST_0069,104.15,EUR,PURCHASE,HEALTHCARE,2024-12-22 15:56:32,False,27284.93
TXN_00004883,CUST_0167,122.56,GBP,PURCHASE,ELECTRONICS,2024-12-22 16:13:38,False,83931.15
TXN_00007301,CUST_0085,641.06,USD,PURCHASE,TRAVEL,2024-12-22 16:22:11,False,27425.57
TXN_00000963,CUST_0029,621.18,EUR,PURCHASE,TRAVEL,2024-12-22 16:37:48,True,77790.17
TXN_00005410,CUST_0049,86.07,EUR,TRANSFER,ELECTRONICS,2024-12-22 16:47:45,True,39977.12
TXN_00006589,CUST_0180,1618.46,GBP,PURCHASE,GROCERY,2024-12-22 16:52:06,False,28569.38
TXN_00008332,CUST_0047,436.22,EUR,PURCHASE,ELECTRONICS,2024-12-22 17:15:23,False,44073.75
TXN_00009262,CUST_0096,136.63,EUR,WITHDRAWAL,TRAVEL,2024-12-22 17:54:46,False,33798.89
TXN_00001882,CUST_0077,170.31,EUR,TRANSFER,HEALTHCARE,2024-12-22 18:21:01,False,12891.16
TXN_00004678,CUST_0108,304.18,EUR,PURCHASE,ELECTRONICS,2024-12-23 08:02:18,False,29017.08
TXN_00005630,CUST_0094,-321.54,GBP,REFUND,GROCERY,2024-12-23 08:10:10,False,48884.1
TXN_00009054,CUST_0078,64.65,EUR,WITHDRAWAL,GROCERY,2024-12-23 08:22:29,False,36866.9
TXN_00009176,CUST_0115,-40.14,EUR,REFUND,GROCERY,2024-12-23 10:02:45,False,32278.5
TXN_00001237,CUST_0058,266.25,EUR,WITHDRAWAL,GROCERY,2024-12-23 10:28:04,False,88856.52
TXN_00005644,CUST_0191,72.1,EUR,PURCHASE,UTILITIES,2024-12-23 10:32:42,False,14788.91
TXN_00009757,CUST_0167,92.58,EUR,PURCHASE,UTILITIES,2024-12-23 10:49:36,False,87008.51
TXN_00002082,CUST_0018,157.28,EUR,PURCHASE,GROCERY,2024-12-23 11:15:06,False,60559.98
TXN_00008026,CUST_0084,301.78,EUR,PURCHASE,,2024-12-23 11:20:33,False,74985.71
TXN_00002463,CUST_0047,29412.55,EUR,PURCHASE,UTILITIES,2024-12-23 11:38:32,False,56014.98
TXN_00001508,CUST_0011,-376.74,USD,REFUND,TRAVEL,2024-12-23 12:48:24,False,46283.75
TXN_00000914,CUST_0166,726.0,EUR,PURCHASE,TRAVEL,2024-12-23 13:03:43,False,6100.23
TXN_00004897,CUST_0136,209.9,USD,PURCHASE,HEALTHCARE,2024-12-23 13:11:59,False,28133.49
TXN_00002993,CUST_0103,19.44,USD,PURCHASE,ELECTRONICS,2024-12-23 13:22:45,False,3413.31
TXN_00007309,CUST_0153,241.61,EUR,TRANSFER,GROCERY,2024-12-23 13:34:32,False,79490.67
TXN_00001844,CUST_0007,20.58,EUR,TRANSFER,GROCERY,2024-12-23 14:37:20,False,61092.64
TXN_00007567,CUST_0199,157.87,GBP,PURCHASE,GROCERY,2024-12-23 14:44:04,False,83006.46
TXN_00008012,CUST_0163,53.44,USD,WITHDRAWAL,GROCERY,2024-12-23 15:10:40,False,33219.5
TXN_00002278,CUST_0185,-363.2,EUR,REFUND,GROCERY,2024-12-23 15:47:26,False,95026.11
TXN_00007204,CUST_0128,178.46,EUR,PURCHASE,HEALTHCARE,2024-12-23 16:21:25,False,30057.89
TXN_00004846,CUST_0125,318.27,EUR,PURCHASE,UTILITIES,2024-12-23 16:44:15,False,86688.92
TXN_00003145,CUST_0149,207.5,EUR,PURCHASE,HEALTHCARE,2024-12-23 17:01:42,False,36550.23
TXN_00004622,CUST_0007,445.54,EUR,PURCHASE,UTILITIES,2024-12-23 17:45:41,False,96456.39
TXN_00007462,CUST_0042,415.62,EUR,PURCHASE,UTILITIES,2024-12-23 17:54:37,False,80125.0
TXN_00005133,CUST_0177,44.91,USD,PURCHASE,HEALTHCARE,2024-12-23 17:55:44,False,6740.88
TXN_00003449,CUST_0136,93.86,EUR,PURCHASE,DINING,2024-12-24 08:37:34,False,66859.87
TXN_00001888,CUST_0180,6.55,EUR,TRANSFER,UTILITIES,2024-12-24 09:58:36,False,62476.41
TXN_00008380,CUST_0022,894.46,EUR,PURCHASE,GROCERY,2024-12-24 10:37:38,False,68653.53
TXN_00003553,CUST_0152,2808.48,EUR,PURCHASE,TRAVEL,2024-12-24 10:47:40,False,38318.73
TXN_00000041,CUST_0001,239.45,USD,PURCHASE,GROCERY,2024-12-24 11:05:07,False,44201.66
TXN_00007009,CUST_0083,251.84,USD,PURCHASE,DINING,2024-12-24 11:25:02,False,32915.23
TXN_00006316,CUST_0019,2141.59,EUR,PURCHASE,GROCERY,2024-12-24 11:36:45,False,5609.71
TXN_00002601,CUST_0109,314.28,USD,TRANSFER,HEALTHCARE,2024-12-24 11:37:08,False,20859.81
TXN_00002704,CUST_0002,5122.77,EUR,WITHDRAWAL,DINING,2024-12-24 11:55:15,False,57324.09
TXN_00006350,CUST_0196,1105.03,USD,PURCHASE,GROCERY,2024-12-24 11:57:00,False,56053.81
TXN_00006155,CUST_0123,1483.15,EUR,WITHDRAWAL,UTILITIES,2024-12-24 12:35:26,False,88702.09
TXN_00002139,CUST_0119,1433.75,EUR,PURCHASE,UTILITIES,2024-12-24 13:14:56,False,57552.98
TXN_00005546,CUST_0127,143.82,GBP,PURCHASE,GROCERY,2024-12-24 13:19:27,False,94383.04
TXN_00002256,CUST_0087,32092.01,EUR,PURCHASE,DINING,2024-12-24 13:48:05,False,21219.29
TXN_00006609,CUST_0141,3282.12,GBP,PURCHASE,UTILITIES,2024-12-24 13:54:04,False,63405.69
TXN_00000557,CUST_0140,335.88,EUR,PURCHASE,TRAVEL,2024-12-24 13:59:51,False,45159.21
TXN_00004291,CUST_0152,252.53,EUR,TRANSFER,HEALTHCARE,2024-12-24 14:45:19,False,88542.55
TXN_00004999,CUST_0145,857.13,EUR,PURCHASE,ELECTRONICS,2024-12-24 15:42:30,False,10961.22
TXN_00005702,CUST_0167,128.0,EUR,PURCHASE,GROCERY,2024-12-24 16:47:34,False,66928.3
TXN_00008678,CUST_0122,951.37,USD,TRANSFER,TRAVEL,2024-12-24 18:28:44,False,18848.72
TXN_00007173,CUST_0080,322.7,EUR,PURCHASE,UTILITIES,2024-12-24 19:05:55,False,33522.34
TXN_00009023,CUST_0113,27.69,EUR,PURCHASE,TRAVEL,2024-12-24 19:49:01,False,81331.67
TXN_00002734,CUST_0100,1650.59,EUR,PURCHASE,,2024-12-24 20:21:46,False,50867.09
TXN_00005237,CUST_0109,260.88,EUR,PURCHASE,TRAVEL,2024-12-24 21:12:46,False,8147.17
TXN_00003737,CUST_0038,1189.29,EUR,PURCHASE,UTILITIES,2024-12-25 07:49:50,False,73466.74
TXN_00009694,CUST_0170,60.12,EUR,PURCHASE,HEALTHCARE,2024-12-25 08:13:00,False,72345.66
TXN_00002126,CUST_0159,63.7,EUR,TRANSFER,HEALTHCARE,2024-12-25 08:18:02,False,94198.15
TXN_00003211,CUST_0186,72.6,EUR,TRANSFER,DINING,2024-12-25 09:46:32,False,81129.76
TXN_00001260,CUST_0039,683.34,EUR,TRANSFER,GROCERY,2024-12-25 10:06:42,False,87594.48
TXN_00008011,CUST_0192,157.34,USD,PURCHASE,UTILITIES,2024-12-25 13:08:00,False,7163.68
TXN_00001233,CUST_0037,79.04,EUR,PURCHASE,ELECTRONICS,2024-12-25 13:22:02,False,13797.12
TXN_00009714,CUST_0032,272.2,EUR,PURCHASE,ELECTRONICS,2024-12-25 15:14:52,False,32267.94
TXN_00000601,CUST_0078,394.51,USD,WITHDRAWAL,UTILITIES,2024-12-25 15:45:06,False,84519.36
TXN_00004335,CUST_0007,441.64,EUR,PURCHASE,ELECTRONICS,2024-12-25 16:06:50,False,58826.67
TXN_00005843,CUST_0142,896.23,EUR,PURCHASE,GROCERY,2024-12-25 17:05:03,False,19513.74
TXN_00007047,CUST_0127,162.7,EUR,PURCHASE,GROCERY,2024-12-25 17:50:55,False,85072.23
TXN_00005491,CUST_0127,-671.27,EUR,REFUND,GROCERY,2024-12-25 18:45:28,False,34644.2
TXN_00008706,CUST_0149,56.04,EUR,PURCHASE,HEALTHCARE,2024-12-25 20:45:51,False,38910.66
TXN_00003986,CUST_0112,322.61,EUR,PURCHASE,,2024-12-25 20:54:49,False,46096.97
TXN_00006273,CUST_0088,354.61,EUR,WITHDRAWAL,DINING,2024-12-25 22:26:50,False,84804.15
TXN_00004741,CUST_0029,1543.48,GBP,PURCHASE,DINING,2024-12-26 07:44:25,False,20932.13
TXN_00006194,CUST_0020,27.31,GBP,PURCHASE,ELECTRONICS,2024-12-26 09:30:03,False,60624.25
TXN_00006578,CUST_0070,53.22,USD,PURCHASE,GROCERY,2024-12-26 09:40:10,False,38469.62
TXN_00005832,CUST_0118,697.73,EUR,PURCHASE,HEALTHCARE,2024-12-26 09:53:55,False,81069.7
TXN_00008893,CUST_0168,179.04,EUR,TRANSFER,HEALTHCARE,2024-12-26 10:00:52,False,26706.21
TXN_00009623,CUST_0075,183.53,EUR,TRANSFER,GROCERY,2024-12-26 10:02:03,False,19979.44
TXN_00008474,CUST_0115,356.98,GBP,PURCHASE,GROCERY,2024-12-26 10:06:52,False,74784.43
TXN_00009864,CUST_0192,3824.76,GBP,PURCHASE,GROCERY,2024-12-26 10:42:58,False,53216.13
TXN_00009933,CUST_0138,2200.15,EUR,PURCHASE,ELECTRONICS,2024-12-26 10:46:43,False,31067.46
TXN_00008027,CUST_0172,208.79,USD,PURCHASE,HEALTHCARE,2024-12-26 11:13:53,True,59081.46
TXN_00004658,CUST_0097,127.22,GBP,PURCHASE,ELECTRONICS,2024-12-26 11:22:03,False,42611.21
TXN_00008605,CUST_0115,2337.97,EUR,PURCHASE,ELECTRONICS,2024-12-26 11:42:56,False,19465.76
TXN_00004278,CUST_0143,-130.28,EUR,REFUND,ELECTRONICS,2024-12-26 11:56:03,False,8246.19
TXN_00006787,CUST_0030,166.91,GBP,PURCHASE,HEALTHCARE,2024-12-26 12:03:11,False,88953.28
TXN_00007362,CUST_0087,1718.62,EUR,PURCHASE,HEALTHCARE,2024-12-26 12:06:08,False,36978.9
TXN_00001534,CUST_0141,116.51,EUR,PURCHASE,TRAVEL,2024-12-26 12:33:14,False,79451.59
TXN_00001331,CUST_0173,570.84,USD,PURCHASE,UTILITIES,2024-12-26 12:53:41,False,17370.6
TXN_00008934,CUST_0089,145.89,USD,WITHDRAWAL,UTILITIES,2024-12-26 12:59:00,False,54311.58
TXN_00006405,CUST_0116,476.39,EUR,PURCHASE,ELECTRONICS,2024-12-26 13:01:39,False,35090.82
TXN_00000903,CUST_0021,8986.0,EUR,TRANSFER,GROCERY,2024-12-26 13:10:55,False,52377.17
TXN_00004787,CUST_0157,49.79,EUR,PURCHASE,DINING,2024-12-26 13:29:55,False,30131.26
TXN_00005069,CUST_0017,174.16,USD,PURCHASE,ELECTRONICS,2024-12-26 14:07:16,False,16436.47
TXN_00003742,CUST_0055,927.71,USD,TRANSFER,GROCERY,2024-12-26 14:14:52,False,89501.38
TXN_00006150,CUST_0068,2114.85,EUR,PURCHASE,HEALTHCARE,2024-12-26 14:48:18,False,34068.38
TXN_00007393,CUST_0145,-232.33,EUR,REFUND,GROCERY,2024-12-26 15:02:53,False,86306.6
TXN_00000130,CUST_0169,109.79,GBP,PURCHASE,DINING,2024-12-26 15:19:47,False,18786.19
TXN_00003399,CUST_0007,9204.24,EUR,TRANSFER,GROCERY,2024-12-26 15:26:27,False,58200.22
TXN_00007647,CUST_0007,138.84,EUR,PURCHASE,UTILITIES,2024-12-26 18:34:25,False,38599.86
TXN_00001506,CUST_0091,13.07,EUR,PURCHASE,GROCERY,2024-12-26 18:54:34,False,83962.97
TXN_00007165,CUST_0195,97.9,EUR,TRANSFER,ELECTRONICS,2024-12-26 19:15:37,False,67060.83
TXN_00008231,CUST_0115,75.28,EUR,PURCHASE,TRAVEL,2024-12-26 19:28:33,False,39745.67
TXN_00008861,CUST_0013,38.77,EUR,TRANSFER,GROCERY,2024-12-26 20:56:02,False,23272.81
TXN_00002331,CUST_0165,14.96,EUR,WITHDRAWAL,TRAVEL,2024-12-27 05:28:00,False,84819.38
TXN_00007417,CUST_0077,34.72,EUR,WITHDRAWAL,DINING,2024-12-27 07:29:36,False,86063.81
TXN_00000742,CUST_0178,212.39,EUR,PURCHASE,TRAVEL,2024-12-27 07:34:47,False,92733.22
TXN_00008309,CUST_0153,163.37,EUR,PURCHASE,UTILITIES,2024-12-27 10:44:07,False,46983.07
TXN_00009468,CUST_0074,-124.86,EUR,REFUND,DINING,2024-12-27 11:07:16,False,78841.53
TXN_00002208,CUST_0121,27.57,EUR,PURCHASE,TRAVEL,2024-12-27 11:18:47,False,41806.9
TXN_00004487,CUST_0030,504.21,GBP,TRANSFER,DINING,2024-12-27 11:35:21,False,92214.47
TXN_00004175,CUST_0009,1357.46,USD,PURCHASE,HEALTHCARE,2024-12-27 11:55:16,False,26998.92
TXN_00002099,CUST_0116,1.09,USD,PURCHASE,DINING,2024-12-27 12:48:58,False,94702.37
TXN_00007904,CUST_0032,262.1,EUR,PURCHASE,UTILITIES,2024-12-27 13:10:15,False,54615.72
TXN_00009837,CUST_0162,1111.07,USD,PURCHASE,DINING,2024-12-27 13:14:39,False,34666.13
TXN_00008816,CUST_0080,406.85,USD,PURCHASE,HEALTHCARE,2024-12-27 13:38:14,False,57492.46
TXN_00001805,CUST_0139,405.55,EUR,PURCHASE,ELECTRONICS,2024-12-27 13:51:33,False,73852.6
TXN_00005221,CUST_0004,16.65,EUR,WITHDRAWAL,DINING,2024-12-27 14:25:17,False,19737.04
TXN_00007748,CUST_0163,1753.71,EUR,PURCHASE,GROCERY,2024-12-27 15:07:02,False,36701.75
TXN_00009275,CUST_0030,168.21,EUR,PURCHASE,TRAVEL,2024-12-27 15:09:48,False,41160.31
TXN_00008468,CUST_0180,2079.5,EUR,PURCHASE,ELECTRONICS,2024-12-27 15:26:34,False,98304.93
TXN_00007242,CUST_0070,1071.96,EUR,TRANSFER,UTILITIES,2024-12-27 15:35:50,False,24207.87
TXN_00003051,CUST_0083,49.51,EUR,PURCHASE,UTILITIES,2024-12-27 16:02:02,False,15439.16
TXN_00005858,CUST_0055,41.05,EUR,PURCHASE,DINING,2024-12-27 16:13:09,False,70476.97
TXN_00003295,CUST_0069,273.77,EUR,WITHDRAWAL,DINING,2024-12-27 16:27:55,False,61168.07
TXN_00006278,CUST_0177,223.79,USD,PURCHASE,ELECTRONICS,2024-12-27 17:07:28,False,79127.54
TXN_00007176,CUST_0083,4341.05,USD,WITHDRAWAL,ELECTRONICS,2024-12-27 17:11:20,False,86881.19
TXN_00002578,CUST_0082,104.38,EUR,PURCHASE,DINING,2024-12-27 17:11:34,False,54603.8
TXN_00000422,CUST_0067,-8579.37,EUR,REFUND,GROCERY,2024-12-27 19:11:22,False,69397.79
TXN_00001899,CUST_0190,80.65,EUR,PURCHASE,HEALTHCARE,2024-12-27 19:17:57,False,63786.27
TXN_00000918,CUST_0034,35.2,EUR,WITHDRAWAL,ELECTRONICS,2024-12-27 20:46:29,False,91555.52
TXN_00009322,CUST_0104,121.78,EUR,TRANSFER,ELECTRONICS,2024-12-27 20:53:03,False,90546.19
TXN_00005281,CUST_0155,211.12,EUR,WITHDRAWAL,UTILITIES,2024-12-28 04:20:41,False,15814.59
TXN_00007418,CUST_0083,533.38,EUR,TRANSFER,DINING,2024-12-28 06:25:14,False,62640.4
TXN_00003886,CUST_0156,143.07,USD,PURCHASE,HEALTHCARE,2024-12-28 06:38:24,False,9794.33
TXN_00004351,CUST_0015,28.17,EUR,PURCHASE,HEALTHCARE,2024-12-28 06:54:13,False,48366.59
TXN_00007139,CUST_0013,594.85,EUR,WITHDRAWAL,TRAVEL,2024-12-28 08:09:16,False,46199.58
TXN_00001463,CUST_0176,29.62,EUR,TRANSFER,TRAVEL,2024-12-28 08:22:31,False,79698.53
TXN_00004570,CUST_0026,144.97,USD,PURCHASE,DINING,2024-12-28 10:10:57,False,64241.04
TXN_00001546,CUST_0074,1765.84,GBP,PURCHASE,HEALTHCARE,2024-12-28 10:37:58,False,27488.22
TXN_00006074,CUST_0067,31.65,EUR,PURCHASE,TRAVEL,2024-12-28 10:44:23,False,1769.55
TXN_00000747,CUST_0010,175.87,GBP,WITHDRAWAL,UTILITIES,2024-12-28 10:53:40,False,98862.38
TXN_00008950,CUST_0130,88.72,EUR,PURCHASE,TRAVEL,2024-12-28 11:17:51,False,89755.62
TXN_00007829,CUST_0109,1051.55,EUR,TRANSFER,UTILITIES,2024-12-28 12:12:43,False,26855.59
TXN_00005917,CUST_0169,451.33,USD,TRANSFER,TRAVEL,2024-12-28 12:46:56,False,94231.44
TXN_00003470,CUST_0079,31.43,USD,PURCHASE,UTILITIES,2024-12-28 13:17:41,False,34763.55
TXN_00003804,CUST_0078,112.65,GBP,PURCHASE,DINING,2024-12-28 13:46:53,False,26565.85
TXN_00009125,CUST_0187,299.04,EUR,TRANSFER,UTILITIES,2024-12-28 15:22:47,False,81105.38
TXN_00008290,CUST_0118,141.14,USD,PURCHASE,GROCERY,2024-12-28 15:50:17,False,75416.71
TXN_00005626,CUST_0062,683.69,USD,TRANSFER,DINING,2024-12-28 16:18:19,False,48617.87
TXN_00002094,CUST_0027,30.77,USD,PURCHASE,ELECTRONICS,2024-12-28 17:46:38,False,24234.97
TXN_00007558,CUST_0130,512.19,USD,TRANSFER,TRAVEL,2024-12-28 18:37:18,False,48207.63
TXN_00007967,CUST_0153,1173.52,USD,WITHDRAWAL,UTILITIES,2024-12-29 07:26:00,False,66607.63
TXN_00006453,CUST_0032,5089.6,EUR,PURCHASE,DINING,2024-12-29 07:53:21,True,89983.67
TXN_00008416,CUST_0104,68.76,USD,TRANSFER,GROCERY,2024-12-29 08:35:06,False,30001.97
TXN_00006094,CUST_0109,-2845.41,EUR,REFUND,GROCERY,2024-12-29 08:52:06,False,50303.93
TXN_00000646,CUST_0081,339.51,USD,PURCHASE,TRAVEL,2024-12-29 09:13:55,False,81797.36
TXN_00004302,CUST_0188,1150.24,EUR,PURCHASE,GROCERY,2024-12-29 10:47:25,False,59037.29
TXN_00008062,CUST_0103,2492.41,GBP,TRANSFER,GROCERY,2024-12-29 10:53:28,False,55230.98
TXN_00007570,CUST_0155,411.11,EUR,TRANSFER,DINING,2024-12-29 11:19:34,False,91981.96
TXN_00002013,CUST_0014,371.57,EUR,WITHDRAWAL,DINING,2024-12-29 12:01:19,False,2124.41
TXN_00007142,CUST_0051,65.71,USD,PURCHASE,DINING,2024-12-29 12:21:00,False,39420.41
TXN_00000268,CUST_0092,11786.38,USD,PURCHASE,DINING,2024-12-29 12:24:06,False,1415.57
TXN_00002907,CUST_0066,328.85,EUR,PURCHASE,HEALTHCARE,2024-12-29 12:38:49,False,56557.0
TXN_00001150,CUST_0010,165.06,EUR,PURCHASE,DINING,2024-12-29 12:49:37,False,78505.14
TXN_00006205,CUST_0024,21.38,EUR,WITHDRAWAL,UTILITIES,2024-12-29 13:18:17,False,92412.87
TXN_00002317,CUST_0003,-1004.33,EUR,REFUND,HEALTHCARE,2024-12-29 16:10:11,False,3702.33
TXN_00001368,CUST_0042,194.63,EUR,PURCHASE,ELECTRONICS,2024-12-29 17:08:38,False,90115.43
TXN_00001072,CUST_0059,14912.55,USD,TRANSFER,UTILITIES,2024-12-29 17:13:28,False,91736.77
TXN_00000695,CUST_0102,35.97,EUR,TRANSFER,GROCERY,2024-12-29 17:43:08,True,14294.89
TXN_00002042,CUST_0163,2889.2,USD,PURCHASE,ELECTRONICS,2024-12-29 18:27:04,False,96338.03
TXN_00000335,CUST_0123,273.3,EUR,TRANSFER,DINING,2024-12-29 18:38:14,False,38362.48
TXN_00000143,CUST_0111,303.79,EUR,PURCHASE,UTILITIES,2024-12-29 18:53:38,False,28499.92
TXN_00008490,CUST_0078,99.08,GBP,PURCHASE,HEALTHCARE,2024-12-29 23:09:57,True,94817.28
TXN_00008359,CUST_0054,85.82,EUR,WITHDRAWAL,DINING,2024-12-29 23:30:41,False,64489.59
TXN_00004855,CUST_0051,179.99,USD,WITHDRAWAL,TRAVEL,2024-12-30 04:01:45,False,43209.08
TXN_00001765,CUST_0124,24.46,EUR,WITHDRAWAL,HEALTHCARE,2024-12-30 04:11:19,False,58282.61
TXN_00004232,CUST_0121,4509.7,EUR,PURCHASE,ELECTRONICS,2024-12-30 06:02:27,False,49689.45
TXN_00002900,CUST_0043,20.86,EUR,PURCHASE,TRAVEL,2024-12-30 06:22:52,False,13756.79
TXN_00005229,CUST_0121,74.78,GBP,PURCHASE,ELECTRONICS,2024-12-30 07:31:24,False,75375.29
TXN_00005286,CUST_0172,413.38,USD,PURCHASE,GROCERY,2024-12-30 09:02:15,False,21648.06
TXN_00001348,CUST_0171,1481.1,EUR,WITHDRAWAL,GROCERY,2024-12-30 09:03:20,False,64589.67
TXN_00005904,CUST_0076,30.38,USD,PURCHASE,ELECTRONICS,2024-12-30 09:15:03,False,94685.02
TXN_00003010,CUST_0085,551.57,EUR,PURCHASE,HEALTHCARE,2024-12-30 10:44:59,False,34395.86
TXN_00001173,CUST_0123,284.83,EUR,PURCHASE,UTILITIES,2024-12-30 11:16:48,False,5789.36
TXN_00000813,CUST_0020,178.49,EUR,TRANSFER,TRAVEL,2024-12-30 11:34:47,False,59743.77
TXN_00005090,CUST_0013,66.62,EUR,WITHDRAWAL,UTILITIES,2024-12-30 11:44:52,False,20242.35
TXN_00006545,CUST_0081,779.63,EUR,PURCHASE,TRAVEL,2024-12-30 12:03:03,False,66388.95
TXN_00003885,CUST_0132,19.0,USD,PURCHASE,TRAVEL,2024-12-30 12:22:53,False,51393.73
TXN_00004670,CUST_0035,1837.91,EUR,PURCHASE,UTILITIES,2024-12-30 12:35:42,False,43260.91
TXN_00006473,CUST_0071,315.18,EUR,PURCHASE,DINING,2024-12-30 12:35:54,False,90883.15
TXN_00000141,CUST_0128,485.92,USD,PURCHASE,TRAVEL,2024-12-30 13:00:21,False,7677.91
TXN_00003785,CUST_0043,115.82,USD,TRANSFER,DINING,2024-12-30 14:06:24,False,69734.6
TXN_00007606,CUST_0009,22.87,EUR,TRANSFER,UTILITIES,2024-12-30 14:12:25,False,33903.14
TXN_00009586,CUST_0067,462.8,USD,PURCHASE,HEALTHCARE,2024-12-30 14:37:26,False,5801.36
TXN_00000681,CUST_0165,1783.45,EUR,PURCHASE,TRAVEL,2024-12-30 15:02:26,False,55521.06
TXN_00007026,CUST_0091,12.9,GBP,WITHDRAWAL,ELECTRONICS,2024-12-30 15:23:48,False,15051.51
TXN_00009915,CUST_0064,133.33,GBP,PURCHASE,UTILITIES,2024-12-30 15:32:35,False,26771.55
TXN_00005348,CUST_0120,219.38,EUR,PURCHASE,DINING,2024-12-30 16:34:20,False,62500.71
TXN_00000639,CUST_0173,37.04,GBP,PURCHASE,GROCERY,2024-12-30 16:50:52,False,94039.98
TXN_00007167,CUST_0065,57.62,EUR,PURCHASE,UTILITIES,2024-12-30 16:51:38,False,26040.85
TXN_00001849,CUST_0131,333.26,EUR,PURCHASE,ELECTRONICS,2024-12-30 16:53:36,False,91345.62
TXN_00009785,CUST_0048,157.42,EUR,PURCHASE,DINING,2024-12-30 17:55:12,False,96264.19
TXN_00004984,CUST_0000,129.85,USD,WITHDRAWAL,ELECTRONICS,2024-12-30 18:12:15,False,59095.05
TXN_00000201,CUST_0146,1725.72,USD,TRANSFER,GROCERY,2024-12-30 18:25:13,False,38489.93
TXN_00008946,CUST_0179,8.75,EUR,PURCHASE,DINING,2024-12-30 18:28:44,False,14448.85
TXN_00007641,CUST_0071,94.75,EUR,TRANSFER,UTILITIES,2024-12-30 18:49:31,False,27315.45
TXN_00008141,CUST_0134,75.63,EUR,PURCHASE,HEALTHCARE,2024-12-30 18:50:38,False,45630.43
TXN_00004497,CUST_0045,-115.79,EUR,REFUND,GROCERY,2024-12-30 20:47:08,False,24076.05
TXN_00005293,CUST_0168,1.08,EUR,TRANSFER,DINING,2024-12-30 21:52:16,False,69478.99
